
-- ----------------------------
-- Table structure for KM_DOC
-- ----------------------------
DROP TABLE "KM"."KM_DOC";
CREATE TABLE "KM"."KM_DOC" (
  "ID" VARCHAR2(32 BYTE) NOT NULL ,
  "FILE_ID" VARCHAR2(32 BYTE) ,
  "PREVIEW_FILE_ID" VARCHAR2(32 BYTE) ,
  "ORIGINAL_PREVIEW_FILE_ID" VARCHAR2(32 BYTE) ,
  "FILE_SIZE" NUMBER(20) ,
  "NAME" NVARCHAR2(512) ,
  "TITLE" NVARCHAR2(512) ,
  "SERIAL_NUMBER" VARCHAR2(20 BYTE) ,
  "FILE_TYPE" VARCHAR2(10 BYTE) ,
  "STATUS" NUMBER ,
  "CATEGORY" VARCHAR2(32 BYTE) ,
  "SOURCE" VARCHAR2(32 BYTE) ,
  "KEYWORDS" NVARCHAR2(256) ,
  "FTI_FLAG" NUMBER ,
  "CONVERT_FLAG" NUMBER ,
  "RELEASE_FLAG" NUMBER ,
  "DOWNLOADS" NUMBER(20) ,
  "VIEWS" NUMBER(20) ,
  "LAST_UPDATE_BY" VARCHAR2(32 BYTE) ,
  "LAST_UPDATE_TIME" DATE ,
  "CREATE_BY" VARCHAR2(32 BYTE) ,
  "CREATE_TIME" DATE ,
  "PROCESS_MSG" NVARCHAR2(512) ,
  "INDEX_ID" VARCHAR2(32 BYTE) ,
  "FILE_NO" NVARCHAR2(100) ,
  "ORG_CODE" VARCHAR2(64 BYTE) ,
  "DEP_ID" VARCHAR2(32 BYTE) ,
  "PUB_TIME_TXT" VARCHAR2(32 BYTE) ,
  "PUBLIC_FLAG" NUMBER ,
  "DOWNLOAD_FLAG" NUMBER ,
  "EFFECT_TIME" VARCHAR2(32 BYTE) ,
  "REMARK" NVARCHAR2(512) ,
  "PUB_TIME" VARCHAR2(50 BYTE) ,
  "PUBLIC_REMARK" NUMBER 
)
TABLESPACE "KM_TEST"
LOGGING
NOCOMPRESS
PCTFREE 10
INITRANS 1
STORAGE (
  INITIAL 65536 
  NEXT 1048576 
  MINEXTENTS 1
  MAXEXTENTS 2147483645
  BUFFER_POOL DEFAULT
)
PARALLEL 1
NOCACHE
DISABLE ROW MOVEMENT
;
 
-- ----------------------------
-- Table structure for KM_DOC_BUSINESS_TYPE
-- ----------------------------
DROP TABLE "KM"."KM_DOC_BUSINESS_TYPE";
CREATE TABLE "KM"."KM_DOC_BUSINESS_TYPE" (
  "ID" NVARCHAR2(32) ,
  "DOC_ID" NVARCHAR2(32) ,
  "BUSINESS_TYPE" NVARCHAR2(32) 
)
TABLESPACE "KM_TEST"
LOGGING
NOCOMPRESS
PCTFREE 10
INITRANS 1
STORAGE (
  INITIAL 65536 
  NEXT 1048576 
  MINEXTENTS 1
  MAXEXTENTS 2147483645
  BUFFER_POOL DEFAULT
)
PARALLEL 1
NOCACHE
DISABLE ROW MOVEMENT
;
 
-- ----------------------------
-- Table structure for KM_DOC_FAVOURITE
-- ----------------------------
DROP TABLE "KM"."KM_DOC_FAVOURITE";
CREATE TABLE "KM"."KM_DOC_FAVOURITE" (
  "ID" VARCHAR2(32 BYTE) NOT NULL ,
  "USER_ID" VARCHAR2(32 BYTE) ,
  "DOC_ID" VARCHAR2(32 BYTE) ,
  "ADD_TIME" DATE 
)
TABLESPACE "KM_TEST"
LOGGING
NOCOMPRESS
PCTFREE 10
INITRANS 1
STORAGE (
  INITIAL 65536 
  NEXT 1048576 
  MINEXTENTS 1
  MAXEXTENTS 2147483645
  BUFFER_POOL DEFAULT
)
PARALLEL 1
NOCACHE
DISABLE ROW MOVEMENT
;
 
-- ----------------------------
-- Table structure for KM_DOC_TOPIC_TYPE
-- ----------------------------
DROP TABLE "KM"."KM_DOC_TOPIC_TYPE";
CREATE TABLE "KM"."KM_DOC_TOPIC_TYPE" (
  "ID" NVARCHAR2(32) ,
  "DOC_ID" NVARCHAR2(32) ,
  "TOPIC_ID" NVARCHAR2(32) 
)
TABLESPACE "KM_TEST"
LOGGING
NOCOMPRESS
PCTFREE 10
INITRANS 1
STORAGE (
  INITIAL 65536 
  NEXT 1048576 
  MINEXTENTS 1
  MAXEXTENTS 2147483645
  BUFFER_POOL DEFAULT
)
PARALLEL 1
NOCACHE
DISABLE ROW MOVEMENT
;
 
-- ----------------------------
-- Table structure for KM_DOC_VERSION
-- ----------------------------
DROP TABLE "KM"."KM_DOC_VERSION";
CREATE TABLE "KM"."KM_DOC_VERSION" (
  "ID" NVARCHAR2(32) ,
  "DOC_ID" NVARCHAR2(32) ,
  "VERSION" NVARCHAR2(32) 
)
TABLESPACE "KM_TEST"
LOGGING
NOCOMPRESS
PCTFREE 10
INITRANS 1
STORAGE (
  INITIAL 65536 
  NEXT 1048576 
  MINEXTENTS 1
  MAXEXTENTS 2147483645
  BUFFER_POOL DEFAULT
)
PARALLEL 1
NOCACHE
DISABLE ROW MOVEMENT
;
 
-- ----------------------------
-- Table structure for KM_DOC_VISIT_RECORD
-- ----------------------------
DROP TABLE "KM"."KM_DOC_VISIT_RECORD";
CREATE TABLE "KM"."KM_DOC_VISIT_RECORD" (
  "ID" NVARCHAR2(32) ,
  "DOC_ID" NVARCHAR2(32) ,
  "VISIT_TYPE" NUMBER(6) ,
  "KEYWORDS" NVARCHAR2(512) ,
  "KEYWORDS_MAX" NVARCHAR2(512) ,
  "SOURCE_IP" NVARCHAR2(32) ,
  "CREATE_BY" NVARCHAR2(32) ,
  "CREATE_TIME" DATE 
)
TABLESPACE "KM_TEST"
LOGGING
NOCOMPRESS
PCTFREE 10
INITRANS 1
STORAGE (
  INITIAL 65536 
  NEXT 1048576 
  MINEXTENTS 1
  MAXEXTENTS 2147483645
  BUFFER_POOL DEFAULT
)
PARALLEL 1
NOCACHE
DISABLE ROW MOVEMENT
;
COMMENT ON COLUMN "KM"."KM_DOC_VISIT_RECORD"."VISIT_TYPE" IS '1：上传 2：预览 3：下载 4：删除';
 
-- ----------------------------
-- Table structure for KM_FILE
-- ----------------------------
DROP TABLE "KM"."KM_FILE";
CREATE TABLE "KM"."KM_FILE" (
  "ID" NVARCHAR2(32) ,
  "SHA256" NVARCHAR2(256) ,
  "PHYSICAL_PATH" NVARCHAR2(512) ,
  "URL" NVARCHAR2(512) ,
  "ORIGINAL_NAME" NVARCHAR2(512) 
)
TABLESPACE "KM_TEST"
LOGGING
NOCOMPRESS
PCTFREE 10
INITRANS 1
STORAGE (
  INITIAL 65536 
  NEXT 1048576 
  MINEXTENTS 1
  MAXEXTENTS 2147483645
  BUFFER_POOL DEFAULT
)
PARALLEL 1
NOCACHE
DISABLE ROW MOVEMENT
;
 
-- ----------------------------
-- Table structure for KM_SEARCH_RECORD
-- ----------------------------
DROP TABLE "KM"."KM_SEARCH_RECORD";
CREATE TABLE "KM"."KM_SEARCH_RECORD" (
  "ID" NVARCHAR2(32) ,
  "KEYWORDS" NVARCHAR2(512) ,
  "TITLE" NVARCHAR2(512) ,
  "CONTENT" NVARCHAR2(512) ,
  "TOPIC_CODES" NVARCHAR2(512) ,
  "KEYWORDS_MAX" NVARCHAR2(512) ,
  "SOURCE_IP" NVARCHAR2(32) ,
  "CREATE_BY" NVARCHAR2(32) ,
  "CREATE_TIME" DATE 
)
TABLESPACE "KM_TEST"
LOGGING
NOCOMPRESS
PCTFREE 10
INITRANS 1
STORAGE (
  INITIAL 65536 
  NEXT 1048576 
  MINEXTENTS 1
  MAXEXTENTS 2147483645
  BUFFER_POOL DEFAULT
)
PARALLEL 1
NOCACHE
DISABLE ROW MOVEMENT
;
COMMENT ON COLUMN "KM"."KM_SEARCH_RECORD"."ID" IS 'id';
COMMENT ON COLUMN "KM"."KM_SEARCH_RECORD"."KEYWORDS" IS 'keywords';
COMMENT ON COLUMN "KM"."KM_SEARCH_RECORD"."SOURCE_IP" IS 'sourceIp';
COMMENT ON COLUMN "KM"."KM_SEARCH_RECORD"."CREATE_BY" IS 'createBy';
COMMENT ON COLUMN "KM"."KM_SEARCH_RECORD"."CREATE_TIME" IS 'createTime';
 
-- ----------------------------
-- Table structure for KM_SYS_CONFIG
-- ----------------------------
DROP TABLE "KM"."KM_SYS_CONFIG";
CREATE TABLE "KM"."KM_SYS_CONFIG" (
  "ID" NVARCHAR2(32) ,
  "ITEM_CODE" NVARCHAR2(64) ,
  "ITEM_VALUE" NVARCHAR2(128) ,
  "ITEM_NAME" NVARCHAR2(128) ,
  "CREATE_TIME" DATE 
)
TABLESPACE "KM_TEST"
LOGGING
NOCOMPRESS
PCTFREE 10
INITRANS 1
STORAGE (
  INITIAL 65536 
  NEXT 1048576 
  MINEXTENTS 1
  MAXEXTENTS 2147483645
  BUFFER_POOL DEFAULT
)
PARALLEL 1
NOCACHE
DISABLE ROW MOVEMENT
;

-- ----------------------------
-- Records of "KM_SYS_CONFIG"
-- ----------------------------
INSERT INTO "KM"."KM_SYS_CONFIG" VALUES ('11', 'RecommendHotTopic', '0', '是否在首页推荐热门专题', NULL);
INSERT INTO "KM"."KM_SYS_CONFIG" VALUES ('1', 'supportFileTypes', 'doc,xls,pdf,ppt,txt,xlsx,docx,pptx,zip,rar,jpg,jpeg,bmp,png,gif', '全部支持的文件格式后缀，如果不限制上传格式则设置为空', NULL);
INSERT INTO "KM"."KM_SYS_CONFIG" VALUES ('4', 'downloadLimitConfig', '5', '24小时下载次数限制', NULL);
INSERT INTO "KM"."KM_SYS_CONFIG" VALUES ('5', 'TitleSearchBoostConfig', '1', '检索权重:标题,以1位基数', NULL);
INSERT INTO "KM"."KM_SYS_CONFIG" VALUES ('6', 'KeywordSearchBoostConfig', '1', '检索权重:关键字,以1位基数', NULL);
INSERT INTO "KM"."KM_SYS_CONFIG" VALUES ('7', 'ContentSearchBoostConfig', '1', '检索权重:内容,以1位基数', NULL);
INSERT INTO "KM"."KM_SYS_CONFIG" VALUES ('8', 'searchLimitConfig', '10', '10秒搜索次数限制', NULL);
INSERT INTO "KM"."KM_SYS_CONFIG" VALUES ('9', 'viewLimitConfig', '10', '10秒预览次数限制', NULL);
INSERT INTO "KM"."KM_SYS_CONFIG" VALUES ('2', 'IndexFileTypes', 'doc,xls,pdf,ppt,txt,xlsx,docx,pptx,zip,rar', '解释并全文入库的文件格式', NULL);
INSERT INTO "KM"."KM_SYS_CONFIG" VALUES ('3', 'ConvertFileTypes', 'doc,xls,pdf,ppt,txt,xlsx,docx,pptx,jpg,jpeg,bmp,png,gif', '自动进行预览文件转换的文件格式', NULL);
INSERT INTO "KM"."KM_SYS_CONFIG" VALUES ('10', 'InnerRoleId', 'da071035b4154e5894c68ed45920cb20', '综管平台特定内部角色id，可检索全部文档', NULL);
INSERT INTO "KM"."KM_SYS_CONFIG" VALUES ('12', 'MaxContentSearchLength', '102400', '全文检索参数最大长度（内容查重，如果时间过长或报错，请调小参数值）', NULL);
INSERT INTO "KM"."KM_SYS_CONFIG" VALUES ('12', 'DuplicateCheckHitRate', '50%', '文档标题与内容查重关键字匹配比例(高于此比例为疑似重复)', NULL);

-- ----------------------------
-- Table structure for KM_TOPIC_TYPE
-- ----------------------------
DROP TABLE "KM"."KM_TOPIC_TYPE";
CREATE TABLE "KM"."KM_TOPIC_TYPE" (
  "ID" NVARCHAR2(32) ,
  "PARENT_ID" NVARCHAR2(32) ,
  "TOPIC_CODE" NVARCHAR2(64) ,
  "NAME" NVARCHAR2(128) ,
  "STATUS" NUMBER(6) 
)
TABLESPACE "KM_TEST"
LOGGING
NOCOMPRESS
PCTFREE 10
INITRANS 1
STORAGE (
  BUFFER_POOL DEFAULT
)
PARALLEL 1
NOCACHE
DISABLE ROW MOVEMENT
;
COMMENT ON COLUMN "KM"."KM_TOPIC_TYPE"."STATUS" IS '0：不启用 1：启用';
  
-- ----------------------------
-- Table structure for QRTZ_BLOB_TRIGGERS
-- ----------------------------
DROP TABLE "KM"."QRTZ_BLOB_TRIGGERS";
CREATE TABLE "KM"."QRTZ_BLOB_TRIGGERS" (
  "SCHED_NAME" VARCHAR2(120 BYTE) NOT NULL ,
  "TRIGGER_NAME" VARCHAR2(200 BYTE) NOT NULL ,
  "TRIGGER_GROUP" VARCHAR2(200 BYTE) NOT NULL ,
  "BLOB_DATA" BLOB 
)
TABLESPACE "KM_TEST"
LOGGING
NOCOMPRESS
PCTFREE 10
INITRANS 1
STORAGE (
  BUFFER_POOL DEFAULT
)
PARALLEL 1
NOCACHE
DISABLE ROW MOVEMENT
;

-- ----------------------------
-- Table structure for QRTZ_CALENDARS
-- ----------------------------
DROP TABLE "KM"."QRTZ_CALENDARS";
CREATE TABLE "KM"."QRTZ_CALENDARS" (
  "SCHED_NAME" VARCHAR2(120 BYTE) NOT NULL ,
  "CALENDAR_NAME" VARCHAR2(200 BYTE) NOT NULL ,
  "CALENDAR" BLOB NOT NULL 
)
TABLESPACE "KM_TEST"
LOGGING
NOCOMPRESS
PCTFREE 10
INITRANS 1
STORAGE (
  BUFFER_POOL DEFAULT
)
PARALLEL 1
NOCACHE
DISABLE ROW MOVEMENT
;

-- ----------------------------
-- Table structure for QRTZ_CRON_TRIGGERS
-- ----------------------------
DROP TABLE "KM"."QRTZ_CRON_TRIGGERS";
CREATE TABLE "KM"."QRTZ_CRON_TRIGGERS" (
  "SCHED_NAME" VARCHAR2(120 BYTE) NOT NULL ,
  "TRIGGER_NAME" VARCHAR2(200 BYTE) NOT NULL ,
  "TRIGGER_GROUP" VARCHAR2(200 BYTE) NOT NULL ,
  "CRON_EXPRESSION" VARCHAR2(120 BYTE) NOT NULL ,
  "TIME_ZONE_ID" VARCHAR2(80 BYTE) 
)
TABLESPACE "KM_TEST"
LOGGING
NOCOMPRESS
PCTFREE 10
INITRANS 1
STORAGE (
  BUFFER_POOL DEFAULT
)
PARALLEL 1
NOCACHE
DISABLE ROW MOVEMENT
;

-- ----------------------------
-- Table structure for QRTZ_FIRED_TRIGGERS
-- ----------------------------
DROP TABLE "KM"."QRTZ_FIRED_TRIGGERS";
CREATE TABLE "KM"."QRTZ_FIRED_TRIGGERS" (
  "SCHED_NAME" VARCHAR2(120 BYTE) NOT NULL ,
  "ENTRY_ID" VARCHAR2(95 BYTE) NOT NULL ,
  "TRIGGER_NAME" VARCHAR2(200 BYTE) NOT NULL ,
  "TRIGGER_GROUP" VARCHAR2(200 BYTE) NOT NULL ,
  "INSTANCE_NAME" VARCHAR2(200 BYTE) NOT NULL ,
  "FIRED_TIME" NUMBER(13) NOT NULL ,
  "SCHED_TIME" NUMBER(13) NOT NULL ,
  "PRIORITY" NUMBER(13) NOT NULL ,
  "STATE" VARCHAR2(16 BYTE) NOT NULL ,
  "JOB_NAME" VARCHAR2(200 BYTE) ,
  "JOB_GROUP" VARCHAR2(200 BYTE) ,
  "IS_NONCONCURRENT" VARCHAR2(1 BYTE) ,
  "REQUESTS_RECOVERY" VARCHAR2(1 BYTE) 
)
TABLESPACE "KM_TEST"
LOGGING
NOCOMPRESS
PCTFREE 10
INITRANS 1
STORAGE (
  BUFFER_POOL DEFAULT
)
PARALLEL 1
NOCACHE
DISABLE ROW MOVEMENT
;

-- ----------------------------
-- Table structure for QRTZ_JOB_DETAILS
-- ----------------------------
DROP TABLE "KM"."QRTZ_JOB_DETAILS";
CREATE TABLE "KM"."QRTZ_JOB_DETAILS" (
  "SCHED_NAME" VARCHAR2(120 BYTE) NOT NULL ,
  "JOB_NAME" VARCHAR2(200 BYTE) NOT NULL ,
  "JOB_GROUP" VARCHAR2(200 BYTE) NOT NULL ,
  "DESCRIPTION" VARCHAR2(250 BYTE) ,
  "JOB_CLASS_NAME" VARCHAR2(250 BYTE) NOT NULL ,
  "IS_DURABLE" VARCHAR2(1 BYTE) NOT NULL ,
  "IS_NONCONCURRENT" VARCHAR2(1 BYTE) NOT NULL ,
  "IS_UPDATE_DATA" VARCHAR2(1 BYTE) NOT NULL ,
  "REQUESTS_RECOVERY" VARCHAR2(1 BYTE) NOT NULL ,
  "JOB_DATA" BLOB 
)
TABLESPACE "KM_TEST"
LOGGING
NOCOMPRESS
PCTFREE 10
INITRANS 1
STORAGE (
  BUFFER_POOL DEFAULT
)
PARALLEL 1
NOCACHE
DISABLE ROW MOVEMENT
;

-- ----------------------------
-- Table structure for QRTZ_LOCKS
-- ----------------------------
DROP TABLE "KM"."QRTZ_LOCKS";
CREATE TABLE "KM"."QRTZ_LOCKS" (
  "SCHED_NAME" VARCHAR2(120 BYTE) NOT NULL ,
  "LOCK_NAME" VARCHAR2(40 BYTE) NOT NULL 
)
TABLESPACE "KM_TEST"
LOGGING
NOCOMPRESS
PCTFREE 10
INITRANS 1
STORAGE (
  INITIAL 65536 
  NEXT 1048576 
  MINEXTENTS 1
  MAXEXTENTS 2147483645
  BUFFER_POOL DEFAULT
)
PARALLEL 1
NOCACHE
DISABLE ROW MOVEMENT
;

-- ----------------------------
-- Records of "QRTZ_LOCKS"
-- ----------------------------
INSERT INTO "KM"."QRTZ_LOCKS" VALUES ('MyScheduler', 'STATE_ACCESS');
INSERT INTO "KM"."QRTZ_LOCKS" VALUES ('MyScheduler', 'TRIGGER_ACCESS');

-- ----------------------------
-- Table structure for QRTZ_PAUSED_TRIGGER_GRPS
-- ----------------------------
DROP TABLE "KM"."QRTZ_PAUSED_TRIGGER_GRPS";
CREATE TABLE "KM"."QRTZ_PAUSED_TRIGGER_GRPS" (
  "SCHED_NAME" VARCHAR2(120 BYTE) NOT NULL ,
  "TRIGGER_GROUP" VARCHAR2(200 BYTE) NOT NULL 
)
TABLESPACE "KM_TEST"
LOGGING
NOCOMPRESS
PCTFREE 10
INITRANS 1
STORAGE (
  BUFFER_POOL DEFAULT
)
PARALLEL 1
NOCACHE
DISABLE ROW MOVEMENT
;

-- ----------------------------
-- Table structure for QRTZ_SCHEDULER_STATE
-- ----------------------------
DROP TABLE "KM"."QRTZ_SCHEDULER_STATE";
CREATE TABLE "KM"."QRTZ_SCHEDULER_STATE" (
  "SCHED_NAME" VARCHAR2(120 BYTE) NOT NULL ,
  "INSTANCE_NAME" VARCHAR2(200 BYTE) NOT NULL ,
  "LAST_CHECKIN_TIME" NUMBER(13) NOT NULL ,
  "CHECKIN_INTERVAL" NUMBER(13) NOT NULL 
)
TABLESPACE "KM_TEST"
LOGGING
NOCOMPRESS
PCTFREE 10
INITRANS 1
STORAGE (
  INITIAL 65536 
  NEXT 1048576 
  MINEXTENTS 1
  MAXEXTENTS 2147483645
  BUFFER_POOL DEFAULT
)
PARALLEL 1
NOCACHE
DISABLE ROW MOVEMENT
;

-- ----------------------------
-- Records of "QRTZ_SCHEDULER_STATE"
-- ----------------------------
INSERT INTO "KM"."QRTZ_SCHEDULER_STATE" VALUES ('MyScheduler', 'wdzsk-alpha1646786424675', '1646819760555', '10000');

-- ----------------------------
-- Table structure for QRTZ_SIMPLE_TRIGGERS
-- ----------------------------
DROP TABLE "KM"."QRTZ_SIMPLE_TRIGGERS";
CREATE TABLE "KM"."QRTZ_SIMPLE_TRIGGERS" (
  "SCHED_NAME" VARCHAR2(120 BYTE) NOT NULL ,
  "TRIGGER_NAME" VARCHAR2(200 BYTE) NOT NULL ,
  "TRIGGER_GROUP" VARCHAR2(200 BYTE) NOT NULL ,
  "REPEAT_COUNT" NUMBER(7) NOT NULL ,
  "REPEAT_INTERVAL" NUMBER(12) NOT NULL ,
  "TIMES_TRIGGERED" NUMBER(10) NOT NULL 
)
TABLESPACE "KM_TEST"
LOGGING
NOCOMPRESS
PCTFREE 10
INITRANS 1
STORAGE (
  BUFFER_POOL DEFAULT
)
PARALLEL 1
NOCACHE
DISABLE ROW MOVEMENT
;

-- ----------------------------
-- Table structure for QRTZ_SIMPROP_TRIGGERS
-- ----------------------------
DROP TABLE "KM"."QRTZ_SIMPROP_TRIGGERS";
CREATE TABLE "KM"."QRTZ_SIMPROP_TRIGGERS" (
  "SCHED_NAME" VARCHAR2(120 BYTE) NOT NULL ,
  "TRIGGER_NAME" VARCHAR2(200 BYTE) NOT NULL ,
  "TRIGGER_GROUP" VARCHAR2(200 BYTE) NOT NULL ,
  "STR_PROP_1" VARCHAR2(512 BYTE) ,
  "STR_PROP_2" VARCHAR2(512 BYTE) ,
  "STR_PROP_3" VARCHAR2(512 BYTE) ,
  "INT_PROP_1" NUMBER(10) ,
  "INT_PROP_2" NUMBER(10) ,
  "LONG_PROP_1" NUMBER(13) ,
  "LONG_PROP_2" NUMBER(13) ,
  "DEC_PROP_1" NUMBER(13,4) ,
  "DEC_PROP_2" NUMBER(13,4) ,
  "BOOL_PROP_1" VARCHAR2(1 BYTE) ,
  "BOOL_PROP_2" VARCHAR2(1 BYTE) 
)
TABLESPACE "KM_TEST"
LOGGING
NOCOMPRESS
PCTFREE 10
INITRANS 1
STORAGE (
  BUFFER_POOL DEFAULT
)
PARALLEL 1
NOCACHE
DISABLE ROW MOVEMENT
;

-- ----------------------------
-- Table structure for QRTZ_TRIGGERS
-- ----------------------------
DROP TABLE "KM"."QRTZ_TRIGGERS";
CREATE TABLE "KM"."QRTZ_TRIGGERS" (
  "SCHED_NAME" VARCHAR2(120 BYTE) NOT NULL ,
  "TRIGGER_NAME" VARCHAR2(200 BYTE) NOT NULL ,
  "TRIGGER_GROUP" VARCHAR2(200 BYTE) NOT NULL ,
  "JOB_NAME" VARCHAR2(200 BYTE) NOT NULL ,
  "JOB_GROUP" VARCHAR2(200 BYTE) NOT NULL ,
  "DESCRIPTION" VARCHAR2(250 BYTE) ,
  "NEXT_FIRE_TIME" NUMBER(13) ,
  "PREV_FIRE_TIME" NUMBER(13) ,
  "PRIORITY" NUMBER(13) ,
  "TRIGGER_STATE" VARCHAR2(16 BYTE) NOT NULL ,
  "TRIGGER_TYPE" VARCHAR2(8 BYTE) NOT NULL ,
  "START_TIME" NUMBER(13) NOT NULL ,
  "END_TIME" NUMBER(13) ,
  "CALENDAR_NAME" VARCHAR2(200 BYTE) ,
  "MISFIRE_INSTR" NUMBER(2) ,
  "JOB_DATA" BLOB 
)
TABLESPACE "KM_TEST"
LOGGING
NOCOMPRESS
PCTFREE 10
INITRANS 1
STORAGE (
  BUFFER_POOL DEFAULT
)
PARALLEL 1
NOCACHE
DISABLE ROW MOVEMENT
;
 
-- ----------------------------
-- Table structure for SYS_ANNOUNCEMENT
-- ----------------------------
DROP TABLE "KM"."SYS_ANNOUNCEMENT";
CREATE TABLE "KM"."SYS_ANNOUNCEMENT" (
  "ID" NVARCHAR2(32) NOT NULL ,
  "TITILE" NVARCHAR2(100) ,
  "MSG_CONTENT" NCLOB ,
  "START_TIME" DATE ,
  "END_TIME" DATE ,
  "SENDER" NVARCHAR2(100) ,
  "PRIORITY" NVARCHAR2(255) ,
  "MSG_CATEGORY" NVARCHAR2(10) NOT NULL ,
  "MSG_TYPE" NVARCHAR2(10) ,
  "SEND_STATUS" NVARCHAR2(10) ,
  "SEND_TIME" DATE ,
  "CANCEL_TIME" DATE ,
  "DEL_FLAG" NVARCHAR2(1) ,
  "BUS_TYPE" NVARCHAR2(20) ,
  "BUS_ID" NVARCHAR2(50) ,
  "OPEN_TYPE" NVARCHAR2(20) ,
  "OPEN_PAGE" NVARCHAR2(255) ,
  "CREATE_BY" NVARCHAR2(32) ,
  "CREATE_TIME" DATE ,
  "UPDATE_BY" NVARCHAR2(32) ,
  "UPDATE_TIME" DATE ,
  "USER_IDS" NCLOB ,
  "MSG_ABSTRACT" NCLOB ,
  "DT_TASK_ID" NVARCHAR2(100) 
)
TABLESPACE "KM_TEST"
LOGGING
NOCOMPRESS
PCTFREE 10
INITRANS 1
STORAGE (
  INITIAL 65536 
  NEXT 1048576 
  MINEXTENTS 1
  MAXEXTENTS 2147483645
  BUFFER_POOL DEFAULT
)
PARALLEL 1
NOCACHE
DISABLE ROW MOVEMENT
;
COMMENT ON COLUMN "KM"."SYS_ANNOUNCEMENT"."TITILE" IS '标题';
COMMENT ON COLUMN "KM"."SYS_ANNOUNCEMENT"."MSG_CONTENT" IS '内容';
COMMENT ON COLUMN "KM"."SYS_ANNOUNCEMENT"."START_TIME" IS '开始时间';
COMMENT ON COLUMN "KM"."SYS_ANNOUNCEMENT"."END_TIME" IS '结束时间';
COMMENT ON COLUMN "KM"."SYS_ANNOUNCEMENT"."SENDER" IS '发布人';
COMMENT ON COLUMN "KM"."SYS_ANNOUNCEMENT"."PRIORITY" IS '优先级（L低，M中，H高）';
COMMENT ON COLUMN "KM"."SYS_ANNOUNCEMENT"."MSG_CATEGORY" IS '消息类型1:通知公告2:系统消息';
COMMENT ON COLUMN "KM"."SYS_ANNOUNCEMENT"."MSG_TYPE" IS '通告对象类型（USER:指定用户，ALL:全体用户）';
COMMENT ON COLUMN "KM"."SYS_ANNOUNCEMENT"."SEND_STATUS" IS '发布状态（0未发布，1已发布，2已撤销）';
COMMENT ON COLUMN "KM"."SYS_ANNOUNCEMENT"."SEND_TIME" IS '发布时间';
COMMENT ON COLUMN "KM"."SYS_ANNOUNCEMENT"."CANCEL_TIME" IS '撤销时间';
COMMENT ON COLUMN "KM"."SYS_ANNOUNCEMENT"."DEL_FLAG" IS '删除状态（0，正常，1已删除）';
COMMENT ON COLUMN "KM"."SYS_ANNOUNCEMENT"."BUS_TYPE" IS '业务类型(email:邮件 bpm:流程)';
COMMENT ON COLUMN "KM"."SYS_ANNOUNCEMENT"."BUS_ID" IS '业务id';
COMMENT ON COLUMN "KM"."SYS_ANNOUNCEMENT"."OPEN_TYPE" IS '打开方式(组件：component 路由：url)';
COMMENT ON COLUMN "KM"."SYS_ANNOUNCEMENT"."OPEN_PAGE" IS '组件/路由 地址';
COMMENT ON COLUMN "KM"."SYS_ANNOUNCEMENT"."CREATE_BY" IS '创建人';
COMMENT ON COLUMN "KM"."SYS_ANNOUNCEMENT"."CREATE_TIME" IS '创建时间';
COMMENT ON COLUMN "KM"."SYS_ANNOUNCEMENT"."UPDATE_BY" IS '更新人';
COMMENT ON COLUMN "KM"."SYS_ANNOUNCEMENT"."UPDATE_TIME" IS '更新时间';
COMMENT ON COLUMN "KM"."SYS_ANNOUNCEMENT"."USER_IDS" IS '指定用户';
COMMENT ON COLUMN "KM"."SYS_ANNOUNCEMENT"."MSG_ABSTRACT" IS '摘要';
COMMENT ON COLUMN "KM"."SYS_ANNOUNCEMENT"."DT_TASK_ID" IS '钉钉task_id，用于撤回消息';
COMMENT ON TABLE "KM"."SYS_ANNOUNCEMENT" IS '系统通告表';
 
-- ----------------------------
-- Table structure for SYS_ANNOUNCEMENT_SEND
-- ----------------------------
DROP TABLE "KM"."SYS_ANNOUNCEMENT_SEND";
CREATE TABLE "KM"."SYS_ANNOUNCEMENT_SEND" (
  "ID" NVARCHAR2(32) ,
  "ANNT_ID" NVARCHAR2(32) ,
  "USER_ID" NVARCHAR2(32) ,
  "READ_FLAG" NVARCHAR2(10) ,
  "READ_TIME" DATE ,
  "CREATE_BY" NVARCHAR2(32) ,
  "CREATE_TIME" DATE ,
  "UPDATE_BY" NVARCHAR2(32) ,
  "UPDATE_TIME" DATE 
)
TABLESPACE "KM_TEST"
LOGGING
NOCOMPRESS
PCTFREE 10
INITRANS 1
STORAGE (
  INITIAL 65536 
  NEXT 1048576 
  MINEXTENTS 1
  MAXEXTENTS 2147483645
  BUFFER_POOL DEFAULT
)
PARALLEL 1
NOCACHE
DISABLE ROW MOVEMENT
;
COMMENT ON COLUMN "KM"."SYS_ANNOUNCEMENT_SEND"."ANNT_ID" IS '通告ID';
COMMENT ON COLUMN "KM"."SYS_ANNOUNCEMENT_SEND"."USER_ID" IS '用户id';
COMMENT ON COLUMN "KM"."SYS_ANNOUNCEMENT_SEND"."READ_FLAG" IS '阅读状态（0未读，1已读）';
COMMENT ON COLUMN "KM"."SYS_ANNOUNCEMENT_SEND"."READ_TIME" IS '阅读时间';
COMMENT ON COLUMN "KM"."SYS_ANNOUNCEMENT_SEND"."CREATE_BY" IS '创建人';
COMMENT ON COLUMN "KM"."SYS_ANNOUNCEMENT_SEND"."CREATE_TIME" IS '创建时间';
COMMENT ON COLUMN "KM"."SYS_ANNOUNCEMENT_SEND"."UPDATE_BY" IS '更新人';
COMMENT ON COLUMN "KM"."SYS_ANNOUNCEMENT_SEND"."UPDATE_TIME" IS '更新时间';
COMMENT ON TABLE "KM"."SYS_ANNOUNCEMENT_SEND" IS '用户通告阅读标记表';
 
-- ----------------------------
-- Table structure for SYS_CATEGORY
-- ----------------------------
DROP TABLE "KM"."SYS_CATEGORY";
CREATE TABLE "KM"."SYS_CATEGORY" (
  "ID" NVARCHAR2(36) NOT NULL ,
  "PID" NVARCHAR2(36) ,
  "NAME" NVARCHAR2(100) ,
  "CODE" NVARCHAR2(100) ,
  "CREATE_BY" NVARCHAR2(50) ,
  "CREATE_TIME" DATE ,
  "UPDATE_BY" NVARCHAR2(50) ,
  "UPDATE_TIME" DATE ,
  "SYS_ORG_CODE" NVARCHAR2(64) ,
  "HAS_CHILD" NVARCHAR2(3) ,
  "SORT_ORDER" NUMBER ,
  "RECOMMEND" NUMBER(1) 
)
TABLESPACE "KM_TEST"
LOGGING
NOCOMPRESS
PCTFREE 10
INITRANS 1
STORAGE (
  INITIAL 65536 
  NEXT 1048576 
  MINEXTENTS 1
  MAXEXTENTS 2147483645
  BUFFER_POOL DEFAULT
)
PARALLEL 1
NOCACHE
DISABLE ROW MOVEMENT
;
COMMENT ON COLUMN "KM"."SYS_CATEGORY"."PID" IS '父级节点';
COMMENT ON COLUMN "KM"."SYS_CATEGORY"."NAME" IS '类型名称';
COMMENT ON COLUMN "KM"."SYS_CATEGORY"."CODE" IS '类型编码';
COMMENT ON COLUMN "KM"."SYS_CATEGORY"."CREATE_BY" IS '创建人';
COMMENT ON COLUMN "KM"."SYS_CATEGORY"."CREATE_TIME" IS '创建日期';
COMMENT ON COLUMN "KM"."SYS_CATEGORY"."UPDATE_BY" IS '更新人';
COMMENT ON COLUMN "KM"."SYS_CATEGORY"."UPDATE_TIME" IS '更新日期';
COMMENT ON COLUMN "KM"."SYS_CATEGORY"."SYS_ORG_CODE" IS '所属部门';
COMMENT ON COLUMN "KM"."SYS_CATEGORY"."HAS_CHILD" IS '是否有子节点';

-- ----------------------------
-- Records of "SYS_CATEGORY"
-- ----------------------------
INSERT INTO "KM"."SYS_CATEGORY" VALUES ('1476809553017339906', '1476802941905043457', '“一地一策”处置', 'B26A03A03A02', 'admin', TO_DATE('2021-12-31 14:56:49', 'SYYYY-MM-DD HH24:MI:SS'), NULL, NULL, 'A04', NULL, '2', NULL);
INSERT INTO "KM"."SYS_CATEGORY" VALUES ('1476809683829293058', '1475732188786884610', '武汉市经验', 'B26A03A08', 'admin', TO_DATE('2021-12-31 14:57:21', 'SYYYY-MM-DD HH24:MI:SS'), NULL, NULL, 'A04', NULL, '8', NULL);
INSERT INTO "KM"."SYS_CATEGORY" VALUES ('1476809772610125826', '1475732188786884610', '佛山市经验', 'B26A03A09', 'admin', TO_DATE('2021-12-31 14:57:42', 'SYYYY-MM-DD HH24:MI:SS'), NULL, NULL, 'A04', NULL, '7', NULL);
INSERT INTO "KM"."SYS_CATEGORY" VALUES ('1458264375717572609', '1458264098050453505', '国家政策文件', 'B23A02', 'ceshi', TO_DATE('2021-11-10 10:44:55', 'SYYYY-MM-DD HH24:MI:SS'), 'ceshi', TO_DATE('2021-11-12 15:24:36', 'SYYYY-MM-DD HH24:MI:SS'), 'A01', NULL, '2', '0');
INSERT INTO "KM"."SYS_CATEGORY" VALUES ('1458264098050453505', '0', '村庄规划', 'B23', 'ceshi', TO_DATE('2021-11-10 10:43:48', 'SYYYY-MM-DD HH24:MI:SS'), 'ceshi', TO_DATE('2021-11-12 16:26:03', 'SYYYY-MM-DD HH24:MI:SS'), 'A01', '1', '6', '1');
INSERT INTO "KM"."SYS_CATEGORY" VALUES ('1458264322047258625', '1458264098050453505', '领导讲话', 'B23A01', 'ceshi', TO_DATE('2021-11-10 10:44:42', 'SYYYY-MM-DD HH24:MI:SS'), 'ceshi', TO_DATE('2021-11-18 18:17:28', 'SYYYY-MM-DD HH24:MI:SS'), 'A01', NULL, '1', '0');
INSERT INTO "KM"."SYS_CATEGORY" VALUES ('1458264415081115649', '1458264098050453505', '广东省政策文件', 'B23A03', 'ceshi', TO_DATE('2021-11-10 10:45:04', 'SYYYY-MM-DD HH24:MI:SS'), 'ceshi', TO_DATE('2021-11-12 15:24:40', 'SYYYY-MM-DD HH24:MI:SS'), 'A01', NULL, '3', '0');
INSERT INTO "KM"."SYS_CATEGORY" VALUES ('1450287510679744514', '1415239295976775682', '实景三维', 'B04A01A03', 'ceshi', TO_DATE('2021-10-19 10:27:42', 'SYYYY-MM-DD HH24:MI:SS'), NULL, NULL, 'A01', NULL, '1', NULL);
INSERT INTO "KM"."SYS_CATEGORY" VALUES ('1450287793728155650', '1415239215563579394', '信息化项目', 'B04A02', 'ceshi', TO_DATE('2021-10-19 10:28:49', 'SYYYY-MM-DD HH24:MI:SS'), 'ceshi', TO_DATE('2021-10-19 10:28:58', 'SYYYY-MM-DD HH24:MI:SS'), 'A01', '1', '1', NULL);
INSERT INTO "KM"."SYS_CATEGORY" VALUES ('1450287947566837762', '1450287793728155650', '前置性审核', 'B04A02A05', 'ceshi', TO_DATE('2021-10-19 10:29:26', 'SYYYY-MM-DD HH24:MI:SS'), NULL, NULL, 'A01', NULL, '1', NULL);
INSERT INTO "KM"."SYS_CATEGORY" VALUES ('1450287992101957633', '1450287793728155650', '验收备案', 'B04A02A06', 'ceshi', TO_DATE('2021-10-19 10:29:37', 'SYYYY-MM-DD HH24:MI:SS'), NULL, NULL, 'A01', NULL, '1', NULL);
INSERT INTO "KM"."SYS_CATEGORY" VALUES ('1450288184205275137', '1450288104739991553', '数据', 'B04A03A02', 'ceshi', TO_DATE('2021-10-19 10:30:22', 'SYYYY-MM-DD HH24:MI:SS'), NULL, NULL, 'A01', NULL, '1', NULL);
INSERT INTO "KM"."SYS_CATEGORY" VALUES ('1450288234289459202', '1450288104739991553', '服务', 'B04A03A04', 'ceshi', TO_DATE('2021-10-19 10:30:34', 'SYYYY-MM-DD HH24:MI:SS'), NULL, NULL, 'A01', NULL, '1', NULL);
INSERT INTO "KM"."SYS_CATEGORY" VALUES ('1450288263007858689', '1450288104739991553', '系统', 'B04A03A05', 'ceshi', TO_DATE('2021-10-19 10:30:41', 'SYYYY-MM-DD HH24:MI:SS'), NULL, NULL, 'A01', NULL, '1', NULL);
INSERT INTO "KM"."SYS_CATEGORY" VALUES ('1450287471895015425', '1415239295976775682', '国土空间基础信息平台', 'B04A01A02', 'ceshi', TO_DATE('2021-10-19 10:27:32', 'SYYYY-MM-DD HH24:MI:SS'), NULL, NULL, 'A01', NULL, '1', NULL);
INSERT INTO "KM"."SYS_CATEGORY" VALUES ('1450287545467301889', '1415239295976775682', '数据治理', 'B04A01A04', 'ceshi', TO_DATE('2021-10-19 10:27:50', 'SYYYY-MM-DD HH24:MI:SS'), NULL, NULL, 'A01', NULL, '1', NULL);
INSERT INTO "KM"."SYS_CATEGORY" VALUES ('1450287580795924482', '1415239295976775682', '数字政府', 'B04A01A05', 'ceshi', TO_DATE('2021-10-19 10:27:58', 'SYYYY-MM-DD HH24:MI:SS'), NULL, NULL, 'A01', NULL, '1', NULL);
INSERT INTO "KM"."SYS_CATEGORY" VALUES ('1450287421957632001', '1415239295976775682', '规划一张图', 'B04A01A01', 'ceshi', TO_DATE('2021-10-19 10:27:21', 'SYYYY-MM-DD HH24:MI:SS'), NULL, NULL, 'A01', NULL, '1', NULL);
INSERT INTO "KM"."SYS_CATEGORY" VALUES ('1450287705614217218', '1415239295976775682', '粤政图', 'B04A01A08', 'ceshi', TO_DATE('2021-10-19 10:28:28', 'SYYYY-MM-DD HH24:MI:SS'), NULL, NULL, 'A01', NULL, '1', NULL);
INSERT INTO "KM"."SYS_CATEGORY" VALUES ('1450287737356709890', '1415239295976775682', '移动端粤系列', 'B04A01A09', 'ceshi', TO_DATE('2021-10-19 10:28:36', 'SYYYY-MM-DD HH24:MI:SS'), NULL, NULL, 'A01', NULL, '1', NULL);
INSERT INTO "KM"."SYS_CATEGORY" VALUES ('1450287865912127490', '1450287793728155650', '立项审批', 'B04A02A02', 'ceshi', TO_DATE('2021-10-19 10:29:06', 'SYYYY-MM-DD HH24:MI:SS'), NULL, NULL, 'A01', NULL, '1', NULL);
INSERT INTO "KM"."SYS_CATEGORY" VALUES ('1415239215563579394', '0', '信息化', 'B04', 'admin', TO_DATE('2021-07-14 04:18:18', 'SYYYY-MM-DD HH24:MI:SS'), 'ceshi', TO_DATE('2021-10-22 10:30:03', 'SYYYY-MM-DD HH24:MI:SS'), 'A01', '1', '2', NULL);
INSERT INTO "KM"."SYS_CATEGORY" VALUES ('1415239295976775682', '1415239215563579394', '信息化内容', 'B04A01', 'admin', TO_DATE('2021-07-14 04:18:37', 'SYYYY-MM-DD HH24:MI:SS'), 'ceshi', TO_DATE('2021-10-19 10:27:20', 'SYYYY-MM-DD HH24:MI:SS'), 'A01', '1', '1', NULL);
INSERT INTO "KM"."SYS_CATEGORY" VALUES ('1448919890789457921', '1448919819863777282', '规划流程', 'B05A01', 'ceshi', TO_DATE('2021-10-15 15:53:16', 'SYYYY-MM-DD HH24:MI:SS'), 'ceshi', TO_DATE('2021-10-15 15:58:28', 'SYYYY-MM-DD HH24:MI:SS'), 'A01', '1', '1', NULL);
INSERT INTO "KM"."SYS_CATEGORY" VALUES ('1448921201169719297', '1448919890789457921', '规划编制', 'B05A01A01', 'ceshi', TO_DATE('2021-10-15 15:58:28', 'SYYYY-MM-DD HH24:MI:SS'), NULL, NULL, 'A01', NULL, '1', NULL);
INSERT INTO "KM"."SYS_CATEGORY" VALUES ('1448921267049652226', '1448919890789457921', '规划审批', 'B05A01A02', 'ceshi', TO_DATE('2021-10-15 15:58:44', 'SYYYY-MM-DD HH24:MI:SS'), NULL, NULL, 'A01', NULL, '1', NULL);
INSERT INTO "KM"."SYS_CATEGORY" VALUES ('1448921485736468482', '1448919819863777282', '规划体系', 'B05A02', 'ceshi', TO_DATE('2021-10-15 15:59:36', 'SYYYY-MM-DD HH24:MI:SS'), 'ceshi', TO_DATE('2021-10-15 15:59:48', 'SYYYY-MM-DD HH24:MI:SS'), 'A01', '1', '1', NULL);
INSERT INTO "KM"."SYS_CATEGORY" VALUES ('1448921535740960769', '1448921485736468482', '国家级空间规划', 'B05A02A01', 'ceshi', TO_DATE('2021-10-15 15:59:48', 'SYYYY-MM-DD HH24:MI:SS'), NULL, NULL, 'A01', NULL, '1', NULL);
INSERT INTO "KM"."SYS_CATEGORY" VALUES ('1448921790775615489', '1448921485736468482', '市级空间规划', 'B05A02A03', 'ceshi', TO_DATE('2021-10-15 16:00:49', 'SYYYY-MM-DD HH24:MI:SS'), NULL, NULL, 'A01', NULL, '1', NULL);
INSERT INTO "KM"."SYS_CATEGORY" VALUES ('1448921832076926977', '1448921485736468482', '县级空间规划', 'B05A02A04', 'ceshi', TO_DATE('2021-10-15 16:00:59', 'SYYYY-MM-DD HH24:MI:SS'), NULL, NULL, 'A01', NULL, '1', NULL);
INSERT INTO "KM"."SYS_CATEGORY" VALUES ('1448921928013242369', '1448921485736468482', '总体规划', 'B05A02A06', 'ceshi', TO_DATE('2021-10-15 16:01:21', 'SYYYY-MM-DD HH24:MI:SS'), NULL, NULL, 'A01', NULL, '1', NULL);
INSERT INTO "KM"."SYS_CATEGORY" VALUES ('1448922267114332162', '1448922121584566274', '规划专题', 'B05A03A03', 'ceshi', TO_DATE('2021-10-15 16:02:42', 'SYYYY-MM-DD HH24:MI:SS'), NULL, NULL, 'A01', NULL, '1', NULL);
INSERT INTO "KM"."SYS_CATEGORY" VALUES ('1448922353546354689', '1448922121584566274', '底图底数', 'B05A03A05', 'ceshi', TO_DATE('2021-10-15 16:03:03', 'SYYYY-MM-DD HH24:MI:SS'), NULL, NULL, 'A01', NULL, '1', NULL);
INSERT INTO "KM"."SYS_CATEGORY" VALUES ('1450287893921689602', '1450287793728155650', '项目采购', 'B04A02A03', 'ceshi', TO_DATE('2021-10-19 10:29:13', 'SYYYY-MM-DD HH24:MI:SS'), NULL, NULL, 'A01', NULL, '1', NULL);
INSERT INTO "KM"."SYS_CATEGORY" VALUES ('1448923384485306369', '1448923264612098049', '用地报批', 'B06A03', 'ceshi', TO_DATE('2021-10-15 16:07:09', 'SYYYY-MM-DD HH24:MI:SS'), NULL, NULL, 'A01', NULL, '1', NULL);
INSERT INTO "KM"."SYS_CATEGORY" VALUES ('1448923409156202498', '1448923264612098049', '年度计划', 'B06A04', 'ceshi', TO_DATE('2021-10-15 16:07:15', 'SYYYY-MM-DD HH24:MI:SS'), NULL, NULL, 'A01', NULL, '1', NULL);
INSERT INTO "KM"."SYS_CATEGORY" VALUES ('1448923431859970049', '1448923264612098049', '区片价', 'B06A05', 'ceshi', TO_DATE('2021-10-15 16:07:20', 'SYYYY-MM-DD HH24:MI:SS'), NULL, NULL, 'A01', NULL, '1', NULL);
INSERT INTO "KM"."SYS_CATEGORY" VALUES ('1448923583488253953', '0', '耕地保护', 'B07', 'ceshi', TO_DATE('2021-10-15 16:07:56', 'SYYYY-MM-DD HH24:MI:SS'), 'ceshi', TO_DATE('2021-11-12 15:24:00', 'SYYYY-MM-DD HH24:MI:SS'), 'A01', '1', '4', '0');
INSERT INTO "KM"."SYS_CATEGORY" VALUES ('1448923627012546562', '1448923583488253953', '占补平衡', 'B07A01', 'ceshi', TO_DATE('2021-10-15 16:08:07', 'SYYYY-MM-DD HH24:MI:SS'), NULL, NULL, 'A01', NULL, '1', NULL);
INSERT INTO "KM"."SYS_CATEGORY" VALUES ('1448923701318836225', '1448923583488253953', '垦造水田', 'B07A03', 'ceshi', TO_DATE('2021-10-15 16:08:24', 'SYYYY-MM-DD HH24:MI:SS'), NULL, NULL, 'A01', NULL, '1', NULL);
INSERT INTO "KM"."SYS_CATEGORY" VALUES ('1448923935583297538', '0', '土地调查', 'B10', 'ceshi', TO_DATE('2021-10-15 16:09:20', 'SYYYY-MM-DD HH24:MI:SS'), 'ceshi', TO_DATE('2021-11-12 15:23:39', 'SYYYY-MM-DD HH24:MI:SS'), 'A01', '1', '5', '0');
INSERT INTO "KM"."SYS_CATEGORY" VALUES ('1448923843216334849', '0', '古驿道', 'B08', 'ceshi', TO_DATE('2021-10-15 16:08:58', 'SYYYY-MM-DD HH24:MI:SS'), 'ceshi', TO_DATE('2021-11-12 15:24:27', 'SYYYY-MM-DD HH24:MI:SS'), 'A01', NULL, '7', '0');
INSERT INTO "KM"."SYS_CATEGORY" VALUES ('1448923896492384258', '0', '农田踏勘', 'B09', 'ceshi', TO_DATE('2021-10-15 16:09:11', 'SYYYY-MM-DD HH24:MI:SS'), 'ceshi', TO_DATE('2021-11-17 15:42:40', 'SYYYY-MM-DD HH24:MI:SS'), 'A01', NULL, '8', '1');
INSERT INTO "KM"."SYS_CATEGORY" VALUES ('1448923979816427522', '1448923935583297538', '三调', 'B10A01', 'ceshi', TO_DATE('2021-10-15 16:09:31', 'SYYYY-MM-DD HH24:MI:SS'), NULL, NULL, 'A01', NULL, '1', NULL);
INSERT INTO "KM"."SYS_CATEGORY" VALUES ('1448924019523903490', '0', '评估评价', 'B11', 'ceshi', TO_DATE('2021-10-15 16:09:40', 'SYYYY-MM-DD HH24:MI:SS'), 'ceshi', TO_DATE('2021-10-22 10:30:56', 'SYYYY-MM-DD HH24:MI:SS'), 'A01', NULL, '6', NULL);
INSERT INTO "KM"."SYS_CATEGORY" VALUES ('1448924056215674881', '0', '政策研究', 'B12', 'ceshi', TO_DATE('2021-10-15 16:09:49', 'SYYYY-MM-DD HH24:MI:SS'), 'ceshi', TO_DATE('2021-10-22 10:28:46', 'SYYYY-MM-DD HH24:MI:SS'), 'A01', NULL, '9', NULL);
INSERT INTO "KM"."SYS_CATEGORY" VALUES ('1448924103653253122', '0', '海域海岛', 'B13', 'ceshi', TO_DATE('2021-10-15 16:10:00', 'SYYYY-MM-DD HH24:MI:SS'), 'ceshi', TO_DATE('2021-10-22 10:31:50', 'SYYYY-MM-DD HH24:MI:SS'), 'A01', NULL, '15', NULL);
INSERT INTO "KM"."SYS_CATEGORY" VALUES ('1448924139699101697', '0', '生态修复', 'B14', 'ceshi', TO_DATE('2021-10-15 16:10:09', 'SYYYY-MM-DD HH24:MI:SS'), 'ceshi', TO_DATE('2021-10-22 10:28:30', 'SYYYY-MM-DD HH24:MI:SS'), 'A01', NULL, '11', NULL);
INSERT INTO "KM"."SYS_CATEGORY" VALUES ('1448924177934376962', '0', '调查监测', 'B15', 'ceshi', TO_DATE('2021-10-15 16:10:18', 'SYYYY-MM-DD HH24:MI:SS'), 'ceshi', TO_DATE('2021-10-22 10:28:23', 'SYYYY-MM-DD HH24:MI:SS'), 'A01', NULL, '12', NULL);
INSERT INTO "KM"."SYS_CATEGORY" VALUES ('1448924211119710210', '0', '确权登记', 'B16', 'ceshi', TO_DATE('2021-10-15 16:10:26', 'SYYYY-MM-DD HH24:MI:SS'), 'ceshi', TO_DATE('2021-10-22 10:28:17', 'SYYYY-MM-DD HH24:MI:SS'), 'A01', NULL, '13', NULL);
INSERT INTO "KM"."SYS_CATEGORY" VALUES ('1448924255076016129', '0', '资源权益', 'B17', 'ceshi', TO_DATE('2021-10-15 16:10:36', 'SYYYY-MM-DD HH24:MI:SS'), 'ceshi', TO_DATE('2021-10-22 10:28:09', 'SYYYY-MM-DD HH24:MI:SS'), 'A01', NULL, '14', NULL);
INSERT INTO "KM"."SYS_CATEGORY" VALUES ('1448924309627133953', '0', '开发利用', 'B18', 'ceshi', TO_DATE('2021-10-15 16:10:49', 'SYYYY-MM-DD HH24:MI:SS'), 'ceshi', TO_DATE('2021-11-12 15:24:17', 'SYYYY-MM-DD HH24:MI:SS'), 'A01', NULL, '10', '0');
INSERT INTO "KM"."SYS_CATEGORY" VALUES ('1448924350068613122', '0', '国土测绘', 'B19', 'ceshi', TO_DATE('2021-10-15 16:10:59', 'SYYYY-MM-DD HH24:MI:SS'), 'ceshi', TO_DATE('2021-10-22 10:27:45', 'SYYYY-MM-DD HH24:MI:SS'), 'A01', NULL, '16', NULL);
INSERT INTO "KM"."SYS_CATEGORY" VALUES ('1448924381949517826', '0', '勘查防灾', 'B20', 'ceshi', TO_DATE('2021-10-15 16:11:07', 'SYYYY-MM-DD HH24:MI:SS'), 'ceshi', TO_DATE('2021-10-22 10:26:59', 'SYYYY-MM-DD HH24:MI:SS'), 'A01', NULL, '17', NULL);
INSERT INTO "KM"."SYS_CATEGORY" VALUES ('1448924413280968705', '0', '矿产管理', 'B21', 'ceshi', TO_DATE('2021-10-15 16:11:14', 'SYYYY-MM-DD HH24:MI:SS'), 'ceshi', TO_DATE('2021-10-22 10:26:39', 'SYYYY-MM-DD HH24:MI:SS'), 'A01', NULL, '18', NULL);
INSERT INTO "KM"."SYS_CATEGORY" VALUES ('1448924439432454145', '0', '其他', 'B22', 'ceshi', TO_DATE('2021-10-15 16:11:20', 'SYYYY-MM-DD HH24:MI:SS'), 'admin', TO_DATE('2021-12-28 09:20:30', 'SYYYY-MM-DD HH24:MI:SS'), 'A01', NULL, '20', NULL);
INSERT INTO "KM"."SYS_CATEGORY" VALUES ('1450287922069663745', '1450287793728155650', '云资源管理', 'B04A02A04', 'ceshi', TO_DATE('2021-10-19 10:29:20', 'SYYYY-MM-DD HH24:MI:SS'), NULL, NULL, 'A01', NULL, '1', NULL);
INSERT INTO "KM"."SYS_CATEGORY" VALUES ('1450287618603380737', '1415239295976775682', '网络与信息安全', 'B04A01A06', 'ceshi', TO_DATE('2021-10-19 10:28:07', 'SYYYY-MM-DD HH24:MI:SS'), NULL, NULL, 'A01', NULL, '1', NULL);
INSERT INTO "KM"."SYS_CATEGORY" VALUES ('1450287666175176706', '1415239295976775682', '政务大数据', 'B04A01A07', 'ceshi', TO_DATE('2021-10-19 10:28:19', 'SYYYY-MM-DD HH24:MI:SS'), NULL, NULL, 'A01', NULL, '1', NULL);
INSERT INTO "KM"."SYS_CATEGORY" VALUES ('1450287830122131457', '1450287793728155650', '预算编制', 'B04A02A01', 'ceshi', TO_DATE('2021-10-19 10:28:58', 'SYYYY-MM-DD HH24:MI:SS'), NULL, NULL, 'A01', NULL, '1', NULL);
INSERT INTO "KM"."SYS_CATEGORY" VALUES ('1450288104739991553', '1415239215563579394', '信息化框架', 'B04A03', 'ceshi', TO_DATE('2021-10-19 10:30:03', 'SYYYY-MM-DD HH24:MI:SS'), 'ceshi', TO_DATE('2021-10-19 10:30:10', 'SYYYY-MM-DD HH24:MI:SS'), 'A01', '1', '1', NULL);
INSERT INTO "KM"."SYS_CATEGORY" VALUES ('1450288134951563265', '1450288104739991553', '软硬件环境', 'B04A03A01', 'ceshi', TO_DATE('2021-10-19 10:30:11', 'SYYYY-MM-DD HH24:MI:SS'), NULL, NULL, 'A01', NULL, '1', NULL);
INSERT INTO "KM"."SYS_CATEGORY" VALUES ('1450288212390998018', '1450288104739991553', '平台', 'B04A03A03', 'ceshi', TO_DATE('2021-10-19 10:30:29', 'SYYYY-MM-DD HH24:MI:SS'), NULL, NULL, 'A01', NULL, '1', NULL);
INSERT INTO "KM"."SYS_CATEGORY" VALUES ('1448919819863777282', '0', '空间规划', 'B05', 'ceshi', TO_DATE('2021-10-15 15:52:59', 'SYYYY-MM-DD HH24:MI:SS'), 'ceshi', TO_DATE('2021-11-17 15:43:02', 'SYYYY-MM-DD HH24:MI:SS'), 'A01', '1', '1', '0');
INSERT INTO "KM"."SYS_CATEGORY" VALUES ('1448921317838479361', '1448919890789457921', '规划修改', 'B05A01A03', 'ceshi', TO_DATE('2021-10-15 15:58:56', 'SYYYY-MM-DD HH24:MI:SS'), NULL, NULL, 'A01', NULL, '1', NULL);
INSERT INTO "KM"."SYS_CATEGORY" VALUES ('1448921376445489154', '1448919890789457921', '规划实施监督', 'B05A01A04', 'ceshi', TO_DATE('2021-10-15 15:59:10', 'SYYYY-MM-DD HH24:MI:SS'), NULL, NULL, 'A01', NULL, '1', NULL);
INSERT INTO "KM"."SYS_CATEGORY" VALUES ('1448921573619720194', '1448921485736468482', '省级空间规划', 'B05A02A02', 'ceshi', TO_DATE('2021-10-15 15:59:57', 'SYYYY-MM-DD HH24:MI:SS'), NULL, NULL, 'A01', NULL, '1', NULL);
INSERT INTO "KM"."SYS_CATEGORY" VALUES ('1448921879736803330', '1448921485736468482', '镇级空间规划', 'B05A02A05', 'ceshi', TO_DATE('2021-10-15 16:01:10', 'SYYYY-MM-DD HH24:MI:SS'), NULL, NULL, 'A01', NULL, '1', NULL);
INSERT INTO "KM"."SYS_CATEGORY" VALUES ('1448921971889856513', '1448921485736468482', '专项规划', 'B05A02A07', 'ceshi', TO_DATE('2021-10-15 16:01:32', 'SYYYY-MM-DD HH24:MI:SS'), NULL, NULL, 'A01', NULL, '1', NULL);
INSERT INTO "KM"."SYS_CATEGORY" VALUES ('1448922008518713345', '1448921485736468482', '详细规划', 'B05A02A08', 'ceshi', TO_DATE('2021-10-15 16:01:41', 'SYYYY-MM-DD HH24:MI:SS'), NULL, NULL, 'A01', NULL, '1', NULL);
INSERT INTO "KM"."SYS_CATEGORY" VALUES ('1448922121584566274', '1448919819863777282', '规划内容', 'B05A03', 'ceshi', TO_DATE('2021-10-15 16:02:08', 'SYYYY-MM-DD HH24:MI:SS'), 'ceshi', TO_DATE('2021-10-15 16:02:15', 'SYYYY-MM-DD HH24:MI:SS'), 'A01', '1', '1', NULL);
INSERT INTO "KM"."SYS_CATEGORY" VALUES ('1448922152353980418', '1448922121584566274', '土地规划', 'B05A03A01', 'ceshi', TO_DATE('2021-10-15 16:02:15', 'SYYYY-MM-DD HH24:MI:SS'), NULL, NULL, 'A01', NULL, '1', NULL);
INSERT INTO "KM"."SYS_CATEGORY" VALUES ('1448922188710207489', '1448922121584566274', '规划改革', 'B05A03A02', 'ceshi', TO_DATE('2021-10-15 16:02:24', 'SYYYY-MM-DD HH24:MI:SS'), NULL, NULL, 'A01', NULL, '1', NULL);
INSERT INTO "KM"."SYS_CATEGORY" VALUES ('1448922314774208513', '1448922121584566274', '三区三线', 'B05A03A04', 'ceshi', TO_DATE('2021-10-15 16:02:54', 'SYYYY-MM-DD HH24:MI:SS'), NULL, NULL, 'A01', NULL, '1', NULL);
INSERT INTO "KM"."SYS_CATEGORY" VALUES ('1448922392544993282', '1448922121584566274', '双评价双评估', 'B05A03A06', 'ceshi', TO_DATE('2021-10-15 16:03:12', 'SYYYY-MM-DD HH24:MI:SS'), NULL, NULL, 'A01', NULL, '1', NULL);
INSERT INTO "KM"."SYS_CATEGORY" VALUES ('1448922435679215617', '1448922121584566274', '城市体检', 'B05A03A07', 'ceshi', TO_DATE('2021-10-15 16:03:23', 'SYYYY-MM-DD HH24:MI:SS'), NULL, NULL, 'A01', NULL, '1', NULL);
INSERT INTO "KM"."SYS_CATEGORY" VALUES ('1448922467442679809', '1448922121584566274', '村庄规划', 'B05A03A08', 'ceshi', TO_DATE('2021-10-15 16:03:30', 'SYYYY-MM-DD HH24:MI:SS'), NULL, NULL, 'A01', NULL, '1', NULL);
INSERT INTO "KM"."SYS_CATEGORY" VALUES ('1448923264612098049', '0', '用途管制', 'B06', 'ceshi', TO_DATE('2021-10-15 16:06:40', 'SYYYY-MM-DD HH24:MI:SS'), 'ceshi', TO_DATE('2021-10-22 10:30:14', 'SYYYY-MM-DD HH24:MI:SS'), 'A01', '1', '3', NULL);
INSERT INTO "KM"."SYS_CATEGORY" VALUES ('1448923297453498369', '1448923264612098049', '规划许可', 'B06A01', 'ceshi', TO_DATE('2021-10-15 16:06:48', 'SYYYY-MM-DD HH24:MI:SS'), NULL, NULL, 'A01', NULL, '1', NULL);
INSERT INTO "KM"."SYS_CATEGORY" VALUES ('1448923355406196738', '1448923264612098049', '用地预审', 'B06A02', 'ceshi', TO_DATE('2021-10-15 16:07:02', 'SYYYY-MM-DD HH24:MI:SS'), NULL, NULL, 'A01', NULL, '1', NULL);
INSERT INTO "KM"."SYS_CATEGORY" VALUES ('1448923669685395457', '1448923583488253953', '拆旧复垦', 'B07A02', 'ceshi', TO_DATE('2021-10-15 16:08:17', 'SYYYY-MM-DD HH24:MI:SS'), 'ceshi', TO_DATE('2021-10-21 18:32:04', 'SYYYY-MM-DD HH24:MI:SS'), 'A01', NULL, '1', NULL);
INSERT INTO "KM"."SYS_CATEGORY" VALUES ('1475732557524926465', '1475732078749319169', '审批职权下放', 'B26A02A02', 'admin', TO_DATE('2021-12-28 15:37:14', 'SYYYY-MM-DD HH24:MI:SS'), NULL, NULL, 'A04', NULL, '2', NULL);
INSERT INTO "KM"."SYS_CATEGORY" VALUES ('1475732585773563905', '1475732078749319169', '报批方式', 'B26A02A03', 'admin', TO_DATE('2021-12-28 15:37:20', 'SYYYY-MM-DD HH24:MI:SS'), NULL, NULL, 'A04', NULL, '3', NULL);
INSERT INTO "KM"."SYS_CATEGORY" VALUES ('1475732625120329730', '1475732078749319169', '批而未供建设用地指标调整使用', 'B26A02A04', 'admin', TO_DATE('2021-12-28 15:37:30', 'SYYYY-MM-DD HH24:MI:SS'), NULL, NULL, 'A04', NULL, '4', NULL);
INSERT INTO "KM"."SYS_CATEGORY" VALUES ('1475732657382916098', '1475732078749319169', '耕地占补平衡审查', 'B26A02A05', 'admin', TO_DATE('2021-12-28 15:37:37', 'SYYYY-MM-DD HH24:MI:SS'), NULL, NULL, 'A04', NULL, '5', NULL);
INSERT INTO "KM"."SYS_CATEGORY" VALUES ('1475731877854740481', '0', '用地预审、报批', 'B26', 'admin', TO_DATE('2021-12-28 15:34:32', 'SYYYY-MM-DD HH24:MI:SS'), 'admin', TO_DATE('2021-12-28 15:52:53', 'SYYYY-MM-DD HH24:MI:SS'), 'A04', '1', '6', '1');
INSERT INTO "KM"."SYS_CATEGORY" VALUES ('1475732042074324994', '1475731877854740481', '用地预审', 'B26A01', 'admin', TO_DATE('2021-12-28 15:35:11', 'SYYYY-MM-DD HH24:MI:SS'), 'admin', TO_DATE('2021-12-28 15:35:57', 'SYYYY-MM-DD HH24:MI:SS'), 'A04', '1', '1', NULL);
INSERT INTO "KM"."SYS_CATEGORY" VALUES ('1475732078749319169', '1475731877854740481', '用地报批', 'B26A02', 'admin', TO_DATE('2021-12-28 15:35:20', 'SYYYY-MM-DD HH24:MI:SS'), 'admin', TO_DATE('2021-12-28 15:37:04', 'SYYYY-MM-DD HH24:MI:SS'), 'A04', '1', '2', NULL);
INSERT INTO "KM"."SYS_CATEGORY" VALUES ('1475732188786884610', '1475731877854740481', '案例借鉴', 'B26A03', 'admin', TO_DATE('2021-12-28 15:35:46', 'SYYYY-MM-DD HH24:MI:SS'), 'admin', TO_DATE('2021-12-31 14:29:50', 'SYYYY-MM-DD HH24:MI:SS'), 'A04', '1', '3', NULL);
INSERT INTO "KM"."SYS_CATEGORY" VALUES ('1475732237809909762', '1475732042074324994', '主要依据', 'B26A01A01', 'admin', TO_DATE('2021-12-28 15:35:57', 'SYYYY-MM-DD HH24:MI:SS'), NULL, NULL, 'A04', NULL, '1', NULL);
INSERT INTO "KM"."SYS_CATEGORY" VALUES ('1475732274874974210', '1475732042074324994', '权限下放', 'B26A01A02', 'admin', TO_DATE('2021-12-28 15:36:06', 'SYYYY-MM-DD HH24:MI:SS'), NULL, NULL, 'A04', NULL, '2', NULL);
INSERT INTO "KM"."SYS_CATEGORY" VALUES ('1475732307972227074', '1475732042074324994', '其他', 'B26A01A03', 'admin', TO_DATE('2021-12-28 15:36:14', 'SYYYY-MM-DD HH24:MI:SS'), NULL, NULL, 'A04', NULL, '3', NULL);
INSERT INTO "KM"."SYS_CATEGORY" VALUES ('1475732516672405505', '1475732078749319169', '主要依据', 'B26A02A01', 'admin', TO_DATE('2021-12-28 15:37:04', 'SYYYY-MM-DD HH24:MI:SS'), NULL, NULL, 'A04', NULL, '1', NULL);
INSERT INTO "KM"."SYS_CATEGORY" VALUES ('1475732699783135233', '1475732078749319169', '权属地类审查', 'B26A02A06', 'admin', TO_DATE('2021-12-28 15:37:48', 'SYYYY-MM-DD HH24:MI:SS'), NULL, NULL, 'A04', NULL, '6', NULL);
INSERT INTO "KM"."SYS_CATEGORY" VALUES ('1475733574446514178', '1475732078749319169', '征地程序审查', 'B26A02A08', 'admin', TO_DATE('2021-12-28 15:41:16', 'SYYYY-MM-DD HH24:MI:SS'), NULL, NULL, 'A04', NULL, '8', NULL);
INSERT INTO "KM"."SYS_CATEGORY" VALUES ('1475733898859151362', '1475732078749319169', '规费审查', 'B26A02A11', 'admin', TO_DATE('2021-12-28 15:42:33', 'SYYYY-MM-DD HH24:MI:SS'), NULL, NULL, 'A04', NULL, '11', NULL);
INSERT INTO "KM"."SYS_CATEGORY" VALUES ('1475733538832678914', '1475732078749319169', '规划审查', 'B26A02A07', 'admin', TO_DATE('2021-12-28 15:41:08', 'SYYYY-MM-DD HH24:MI:SS'), NULL, NULL, 'A04', NULL, '7', NULL);
INSERT INTO "KM"."SYS_CATEGORY" VALUES ('1475733768831533058', '1475732078749319169', '征地补偿安置审查', 'B26A02A09', 'admin', TO_DATE('2021-12-28 15:42:02', 'SYYYY-MM-DD HH24:MI:SS'), NULL, NULL, 'A04', NULL, '9', NULL);
INSERT INTO "KM"."SYS_CATEGORY" VALUES ('1475733851396407298', '1475732078749319169', '节地评价审查', 'B26A02A10', 'admin', TO_DATE('2021-12-28 15:42:22', 'SYYYY-MM-DD HH24:MI:SS'), NULL, NULL, 'A04', NULL, '10', NULL);
INSERT INTO "KM"."SYS_CATEGORY" VALUES ('1475733970397200386', '1475732078749319169', '其他', 'B26A02A12', 'admin', TO_DATE('2021-12-28 15:42:51', 'SYYYY-MM-DD HH24:MI:SS'), NULL, NULL, 'A04', NULL, '12', NULL);
INSERT INTO "KM"."SYS_CATEGORY" VALUES ('1476802761008906241', '1475732188786884610', '上海市经验', 'B26A03A01', 'admin', TO_DATE('2021-12-31 14:29:50', 'SYYYY-MM-DD HH24:MI:SS'), NULL, NULL, 'A04', NULL, '1', NULL);
INSERT INTO "KM"."SYS_CATEGORY" VALUES ('1476802854567051266', '1475732188786884610', '南京市经验', 'B26A03A02', 'admin', TO_DATE('2021-12-31 14:30:12', 'SYYYY-MM-DD HH24:MI:SS'), NULL, NULL, 'A04', NULL, '2', NULL);
INSERT INTO "KM"."SYS_CATEGORY" VALUES ('1476802941905043457', '1475732188786884610', '浙江省经验', 'B26A03A03', 'admin', TO_DATE('2021-12-31 14:30:33', 'SYYYY-MM-DD HH24:MI:SS'), 'admin', TO_DATE('2021-12-31 14:56:37', 'SYYYY-MM-DD HH24:MI:SS'), 'A04', '1', '3', NULL);
INSERT INTO "KM"."SYS_CATEGORY" VALUES ('1476803004500836353', '1475732188786884610', '深圳市经验', 'B26A03A04', 'admin', TO_DATE('2021-12-31 14:30:48', 'SYYYY-MM-DD HH24:MI:SS'), NULL, NULL, 'A04', NULL, '4', NULL);
INSERT INTO "KM"."SYS_CATEGORY" VALUES ('1476805916463497218', '1475732188786884610', '江苏省经验', 'B26A03A05', 'admin', TO_DATE('2021-12-31 14:42:22', 'SYYYY-MM-DD HH24:MI:SS'), NULL, NULL, 'A04', NULL, '5', NULL);
INSERT INTO "KM"."SYS_CATEGORY" VALUES ('1476805979541635074', '1475732188786884610', '长三角经验', 'B26A03A06', 'admin', TO_DATE('2021-12-31 14:42:37', 'SYYYY-MM-DD HH24:MI:SS'), NULL, NULL, 'A04', NULL, '6', NULL);
INSERT INTO "KM"."SYS_CATEGORY" VALUES ('1476809501096050690', '1476802941905043457', '通过生态补偿机制促进用途管制', 'B26A03A03A01', 'admin', TO_DATE('2021-12-31 14:56:37', 'SYYYY-MM-DD HH24:MI:SS'), NULL, NULL, 'A04', NULL, '1', NULL);

-- ----------------------------
-- Table structure for SYS_CHECK_RULE
-- ----------------------------
DROP TABLE "KM"."SYS_CHECK_RULE";
CREATE TABLE "KM"."SYS_CHECK_RULE" (
  "ID" NVARCHAR2(32) NOT NULL ,
  "RULE_NAME" NVARCHAR2(100) ,
  "RULE_CODE" NVARCHAR2(100) ,
  "RULE_JSON" NCLOB ,
  "RULE_DESCRIPTION" NVARCHAR2(200) ,
  "UPDATE_BY" NVARCHAR2(32) ,
  "UPDATE_TIME" DATE ,
  "CREATE_BY" NVARCHAR2(32) ,
  "CREATE_TIME" DATE 
)
TABLESPACE "KM_TEST"
LOGGING
NOCOMPRESS
PCTFREE 10
INITRANS 1
STORAGE (
  INITIAL 65536 
  NEXT 1048576 
  MINEXTENTS 1
  MAXEXTENTS 2147483645
  BUFFER_POOL DEFAULT
)
PARALLEL 1
NOCACHE
DISABLE ROW MOVEMENT
;
COMMENT ON COLUMN "KM"."SYS_CHECK_RULE"."ID" IS '主键id';
COMMENT ON COLUMN "KM"."SYS_CHECK_RULE"."RULE_NAME" IS '规则名称';
COMMENT ON COLUMN "KM"."SYS_CHECK_RULE"."RULE_CODE" IS '规则Code';
COMMENT ON COLUMN "KM"."SYS_CHECK_RULE"."RULE_JSON" IS '规则JSON';
COMMENT ON COLUMN "KM"."SYS_CHECK_RULE"."RULE_DESCRIPTION" IS '规则描述';
COMMENT ON COLUMN "KM"."SYS_CHECK_RULE"."UPDATE_BY" IS '更新人';
COMMENT ON COLUMN "KM"."SYS_CHECK_RULE"."UPDATE_TIME" IS '更新时间';
COMMENT ON COLUMN "KM"."SYS_CHECK_RULE"."CREATE_BY" IS '创建人';
COMMENT ON COLUMN "KM"."SYS_CHECK_RULE"."CREATE_TIME" IS '创建时间';

-- ----------------------------
-- Records of "SYS_CHECK_RULE"
-- ----------------------------
INSERT INTO "KM"."SYS_CHECK_RULE" VALUES ('1224980593992388610', '通用编码规则', 'common', '[{"digits":"1","pattern":"^[a-z|A-Z]$","message":"第一位只能是字母"},{"digits":"*","pattern":"^[0-9|a-z|A-Z|_]{0,}$","message":"只能填写数字、大小写字母、下划线"},{"digits":"*","pattern":"^.{3,}$","message":"最少输入3位数"},{"digits":"*","pattern":"^.{3,12}$","message":"最多输入12位数"}]', '规则：1、首位只能是字母；2、只能填写数字、大小写字母、下划线；3、最少3位数，最多12位数。', 'admin', TO_DATE('2020-02-07 11:25:48', 'SYYYY-MM-DD HH24:MI:SS'), 'admin', TO_DATE('2020-02-05 16:58:27', 'SYYYY-MM-DD HH24:MI:SS'));
INSERT INTO "KM"."SYS_CHECK_RULE" VALUES ('1225001845524004866', '负责的功能测试', 'test', '[{"digits":"*","pattern":"^.{3,12}$","message":"只能输入3-12位字符"},{"digits":"3","pattern":"^\\d{3}$","message":"前3位必须是数字"},{"digits":"*","pattern":"^[^pP]*$","message":"不能输入P"},{"digits":"4","pattern":"^@{4}$","message":"第4-7位必须都为 @"},{"digits":"2","pattern":"^#=$","message":"第8-9位必须是 #="},{"digits":"1","pattern":"^O$","message":"第10位必须为大写的O"},{"digits":"*","pattern":"^.*。$","message":"必须以。结尾"}]', '包含长度校验、特殊字符校验等', 'admin', TO_DATE('2020-02-07 11:57:31', 'SYYYY-MM-DD HH24:MI:SS'), 'admin', TO_DATE('2020-02-05 18:22:54', 'SYYYY-MM-DD HH24:MI:SS'));

-- ----------------------------
-- Table structure for SYS_DATA_LOG
-- ----------------------------
DROP TABLE "KM"."SYS_DATA_LOG";
CREATE TABLE "KM"."SYS_DATA_LOG" (
  "ID" NVARCHAR2(32) NOT NULL ,
  "CREATE_BY" NVARCHAR2(32) ,
  "CREATE_TIME" DATE ,
  "UPDATE_BY" NVARCHAR2(32) ,
  "UPDATE_TIME" DATE ,
  "DATA_TABLE" NVARCHAR2(32) ,
  "DATA_ID" NVARCHAR2(32) ,
  "DATA_CONTENT" NCLOB ,
  "DATA_VERSION" NUMBER(11) 
)
TABLESPACE "KM_TEST"
LOGGING
NOCOMPRESS
PCTFREE 10
INITRANS 1
STORAGE (
  INITIAL 65536 
  NEXT 1048576 
  MINEXTENTS 1
  MAXEXTENTS 2147483645
  BUFFER_POOL DEFAULT
)
PARALLEL 1
NOCACHE
DISABLE ROW MOVEMENT
;
COMMENT ON COLUMN "KM"."SYS_DATA_LOG"."ID" IS 'id';
COMMENT ON COLUMN "KM"."SYS_DATA_LOG"."CREATE_BY" IS '创建人登录名称';
COMMENT ON COLUMN "KM"."SYS_DATA_LOG"."CREATE_TIME" IS '创建日期';
COMMENT ON COLUMN "KM"."SYS_DATA_LOG"."UPDATE_BY" IS '更新人登录名称';
COMMENT ON COLUMN "KM"."SYS_DATA_LOG"."UPDATE_TIME" IS '更新日期';
COMMENT ON COLUMN "KM"."SYS_DATA_LOG"."DATA_TABLE" IS '表名';
COMMENT ON COLUMN "KM"."SYS_DATA_LOG"."DATA_ID" IS '数据ID';
COMMENT ON COLUMN "KM"."SYS_DATA_LOG"."DATA_CONTENT" IS '数据内容';
COMMENT ON COLUMN "KM"."SYS_DATA_LOG"."DATA_VERSION" IS '版本号';
 
-- ----------------------------
-- Table structure for SYS_DATA_SOURCE
-- ----------------------------
DROP TABLE "KM"."SYS_DATA_SOURCE";
CREATE TABLE "KM"."SYS_DATA_SOURCE" (
  "ID" NVARCHAR2(36) NOT NULL ,
  "CODE" NVARCHAR2(100) ,
  "NAME" NVARCHAR2(100) ,
  "REMARK" NVARCHAR2(200) ,
  "DB_TYPE" NVARCHAR2(10) ,
  "DB_DRIVER" NVARCHAR2(100) ,
  "DB_URL" NVARCHAR2(500) ,
  "DB_NAME" NVARCHAR2(100) ,
  "DB_USERNAME" NVARCHAR2(100) ,
  "DB_PASSWORD" NVARCHAR2(100) ,
  "CREATE_BY" NVARCHAR2(50) ,
  "CREATE_TIME" DATE ,
  "UPDATE_BY" NVARCHAR2(50) ,
  "UPDATE_TIME" DATE ,
  "SYS_ORG_CODE" NVARCHAR2(64) 
)
TABLESPACE "KM_TEST"
LOGGING
NOCOMPRESS
PCTFREE 10
INITRANS 1
STORAGE (
  INITIAL 65536 
  NEXT 1048576 
  MINEXTENTS 1
  MAXEXTENTS 2147483645
  BUFFER_POOL DEFAULT
)
PARALLEL 1
NOCACHE
DISABLE ROW MOVEMENT
;
COMMENT ON COLUMN "KM"."SYS_DATA_SOURCE"."CODE" IS '数据源编码';
COMMENT ON COLUMN "KM"."SYS_DATA_SOURCE"."NAME" IS '数据源名称';
COMMENT ON COLUMN "KM"."SYS_DATA_SOURCE"."REMARK" IS '备注';
COMMENT ON COLUMN "KM"."SYS_DATA_SOURCE"."DB_TYPE" IS '数据库类型';
COMMENT ON COLUMN "KM"."SYS_DATA_SOURCE"."DB_DRIVER" IS '驱动类';
COMMENT ON COLUMN "KM"."SYS_DATA_SOURCE"."DB_URL" IS '数据源地址';
COMMENT ON COLUMN "KM"."SYS_DATA_SOURCE"."DB_NAME" IS '数据库名称';
COMMENT ON COLUMN "KM"."SYS_DATA_SOURCE"."DB_USERNAME" IS '用户名';
COMMENT ON COLUMN "KM"."SYS_DATA_SOURCE"."DB_PASSWORD" IS '密码';
COMMENT ON COLUMN "KM"."SYS_DATA_SOURCE"."CREATE_BY" IS '创建人';
COMMENT ON COLUMN "KM"."SYS_DATA_SOURCE"."CREATE_TIME" IS '创建日期';
COMMENT ON COLUMN "KM"."SYS_DATA_SOURCE"."UPDATE_BY" IS '更新人';
COMMENT ON COLUMN "KM"."SYS_DATA_SOURCE"."UPDATE_TIME" IS '更新日期';
COMMENT ON COLUMN "KM"."SYS_DATA_SOURCE"."SYS_ORG_CODE" IS '所属部门';

-- ----------------------------
-- Records of "SYS_DATA_SOURCE"
-- ----------------------------
INSERT INTO "KM"."SYS_DATA_SOURCE" VALUES ('1209779538310004737', 'local_mysql', 'MySQL5.7', '本地数据库MySQL5.7', '1', 'com.mysql.jdbc.Driver', 'jdbc:mysql://127.0.0.1:3306/jeecg-boot?characterEncoding=UTF-8&useUnicode=true&useSSL=false', 'jeecg-boot', 'root', 'f5b6775e8d1749483f2320627de0e706', 'admin', TO_DATE('2019-12-25 18:14:53', 'SYYYY-MM-DD HH24:MI:SS'), 'admin', TO_DATE('2020-07-10 16:54:42', 'SYYYY-MM-DD HH24:MI:SS'), 'A01');

-- ----------------------------
-- Table structure for SYS_DEPART
-- ----------------------------
DROP TABLE "KM"."SYS_DEPART";
CREATE TABLE "KM"."SYS_DEPART" (
  "ID" NVARCHAR2(32) NOT NULL ,
  "PARENT_ID" NVARCHAR2(32) ,
  "DEPART_NAME" NVARCHAR2(100) NOT NULL ,
  "DEPART_NAME_EN" NVARCHAR2(500) ,
  "DEPART_NAME_ABBR" NVARCHAR2(500) ,
  "DEPART_ORDER" NUMBER(11) ,
  "DESCRIPTION" NVARCHAR2(500) ,
  "ORG_CATEGORY" NVARCHAR2(10) NOT NULL ,
  "ORG_TYPE" NVARCHAR2(10) ,
  "ORG_CODE" NVARCHAR2(64) NOT NULL ,
  "MOBILE" NVARCHAR2(32) ,
  "FAX" NVARCHAR2(32) ,
  "ADDRESS" NVARCHAR2(100) ,
  "MEMO" NVARCHAR2(500) ,
  "STATUS" NVARCHAR2(1) ,
  "DEL_FLAG" NVARCHAR2(1) ,
  "QYWX_IDENTIFIER" NVARCHAR2(100) ,
  "CREATE_BY" NVARCHAR2(32) ,
  "CREATE_TIME" DATE ,
  "UPDATE_BY" NVARCHAR2(32) ,
  "UPDATE_TIME" DATE 
)
TABLESPACE "KM_TEST"
LOGGING
NOCOMPRESS
PCTFREE 10
INITRANS 1
STORAGE (
  INITIAL 65536 
  NEXT 1048576 
  MINEXTENTS 1
  MAXEXTENTS 2147483645
  BUFFER_POOL DEFAULT
)
PARALLEL 1
NOCACHE
DISABLE ROW MOVEMENT
;
COMMENT ON COLUMN "KM"."SYS_DEPART"."ID" IS 'ID';
COMMENT ON COLUMN "KM"."SYS_DEPART"."PARENT_ID" IS '父机构ID';
COMMENT ON COLUMN "KM"."SYS_DEPART"."DEPART_NAME" IS '机构/部门名称';
COMMENT ON COLUMN "KM"."SYS_DEPART"."DEPART_NAME_EN" IS '英文名';
COMMENT ON COLUMN "KM"."SYS_DEPART"."DEPART_NAME_ABBR" IS '缩写';
COMMENT ON COLUMN "KM"."SYS_DEPART"."DEPART_ORDER" IS '排序';
COMMENT ON COLUMN "KM"."SYS_DEPART"."DESCRIPTION" IS '描述';
COMMENT ON COLUMN "KM"."SYS_DEPART"."ORG_CATEGORY" IS '机构类别 1公司，2组织机构，2岗位';
COMMENT ON COLUMN "KM"."SYS_DEPART"."ORG_TYPE" IS '机构类型 1一级部门 2子部门';
COMMENT ON COLUMN "KM"."SYS_DEPART"."ORG_CODE" IS '机构编码';
COMMENT ON COLUMN "KM"."SYS_DEPART"."MOBILE" IS '手机号';
COMMENT ON COLUMN "KM"."SYS_DEPART"."FAX" IS '传真';
COMMENT ON COLUMN "KM"."SYS_DEPART"."ADDRESS" IS '地址';
COMMENT ON COLUMN "KM"."SYS_DEPART"."MEMO" IS '备注';
COMMENT ON COLUMN "KM"."SYS_DEPART"."STATUS" IS '状态（1启用，0不启用）';
COMMENT ON COLUMN "KM"."SYS_DEPART"."DEL_FLAG" IS '删除状态（0，正常，1已删除）';
COMMENT ON COLUMN "KM"."SYS_DEPART"."QYWX_IDENTIFIER" IS '对接企业微信的ID';
COMMENT ON COLUMN "KM"."SYS_DEPART"."CREATE_BY" IS '创建人';
COMMENT ON COLUMN "KM"."SYS_DEPART"."CREATE_TIME" IS '创建日期';
COMMENT ON COLUMN "KM"."SYS_DEPART"."UPDATE_BY" IS '更新人';
COMMENT ON COLUMN "KM"."SYS_DEPART"."UPDATE_TIME" IS '更新日期';
COMMENT ON TABLE "KM"."SYS_DEPART" IS '组织机构表';

-- ----------------------------
-- Records of "SYS_DEPART"
-- ----------------------------
INSERT INTO "KM"."SYS_DEPART" VALUES ('f1d00212c89740f4a73fd289200b6849', NULL, '人事财务室', NULL, NULL, '6', NULL, '1', '1', 'A09', NULL, NULL, NULL, '4918b8b7c7f04069ada9b80abc61f9a9', NULL, '0', NULL, 'ceshi', TO_DATE('2021-11-12 17:10:50', 'SYYYY-MM-DD HH24:MI:SS'), 'ceshi', TO_DATE('2021-11-26 14:06:25', 'SYYYY-MM-DD HH24:MI:SS'));
INSERT INTO "KM"."SYS_DEPART" VALUES ('101935fe0b2a4aa58e420d438cedd026', NULL, '规划室', NULL, NULL, '8', NULL, '1', '1', 'A10', NULL, NULL, NULL, 'f54b5f9eada948f8be727fe2a7ad70d4', NULL, '0', NULL, 'ceshi', TO_DATE('2021-11-12 17:11:16', 'SYYYY-MM-DD HH24:MI:SS'), 'ceshi', TO_DATE('2021-11-26 14:06:42', 'SYYYY-MM-DD HH24:MI:SS'));
INSERT INTO "KM"."SYS_DEPART" VALUES ('05f3827b0e1b4e07b80415e9a8819b26', NULL, '调查室', NULL, NULL, '10', NULL, '1', '1', 'A12', NULL, NULL, NULL, '871520244fe04dc2adce7319f721d5c8', NULL, '0', NULL, 'ceshi', TO_DATE('2021-11-12 17:11:45', 'SYYYY-MM-DD HH24:MI:SS'), 'ceshi', TO_DATE('2021-11-26 14:06:34', 'SYYYY-MM-DD HH24:MI:SS'));
INSERT INTO "KM"."SYS_DEPART" VALUES ('b9088b847939414e9c5bd2c39c71b65a', NULL, '预报运维室', NULL, NULL, '12', NULL, '1', '1', 'A14', NULL, NULL, NULL, '01d7ea9ad2dc4eca9a54ededc8f02a84', NULL, '0', NULL, 'ceshi', TO_DATE('2021-11-12 17:12:20', 'SYYYY-MM-DD HH24:MI:SS'), 'ceshi', TO_DATE('2021-11-26 14:07:32', 'SYYYY-MM-DD HH24:MI:SS'));
INSERT INTO "KM"."SYS_DEPART" VALUES ('8da6a09abe4c4ab1adba9dfc7114b7b5', NULL, '评价室', NULL, NULL, '14', NULL, '1', '1', 'A16', NULL, NULL, NULL, 'f8c00bab998841e9903e37b7d69fd2d6', NULL, '0', NULL, 'ceshi', TO_DATE('2021-11-12 17:12:49', 'SYYYY-MM-DD HH24:MI:SS'), 'ceshi', TO_DATE('2021-11-26 14:07:12', 'SYYYY-MM-DD HH24:MI:SS'));
INSERT INTO "KM"."SYS_DEPART" VALUES ('4a26252b0dd74da9bcbe3bb4d2ff83aa', NULL, '园区管理办公室', NULL, NULL, '17', NULL, '1', '1', 'A18', NULL, NULL, NULL, '2901c608042c4b55831115e416c15735', NULL, '0', NULL, 'ceshi', TO_DATE('2021-11-12 17:13:16', 'SYYYY-MM-DD HH24:MI:SS'), 'ceshi', TO_DATE('2021-11-26 14:07:39', 'SYYYY-MM-DD HH24:MI:SS'));
INSERT INTO "KM"."SYS_DEPART" VALUES ('f79b7d5a99b1442c876858a6961cb1fb', NULL, '默认部门', NULL, NULL, '0', NULL, '1', '1', 'A01', NULL, NULL, NULL, 'root', NULL, '0', NULL, 'ceshi', TO_DATE('2021-10-14 16:41:10', 'SYYYY-MM-DD HH24:MI:SS'), NULL, NULL);
INSERT INTO "KM"."SYS_DEPART" VALUES ('10c6c58575c24db297d838ec5c5f813d', NULL, '院领导', NULL, NULL, '0', NULL, '1', '1', 'A04', NULL, NULL, NULL, 'dd3228e3e9bd45d1a722f33bf57d9d85', NULL, '0', NULL, 'ceshi', TO_DATE('2021-10-21 16:29:03', 'SYYYY-MM-DD HH24:MI:SS'), 'ceshi', TO_DATE('2021-11-26 14:05:44', 'SYYYY-MM-DD HH24:MI:SS'));
INSERT INTO "KM"."SYS_DEPART" VALUES ('4874f98854044ce89826352e95e6012c', NULL, '综合室', NULL, NULL, '9', NULL, '1', '1', 'A11', NULL, NULL, NULL, '9ef5e66a728b4a209e1714ec1e218997', NULL, '0', NULL, 'ceshi', TO_DATE('2021-11-12 17:11:27', 'SYYYY-MM-DD HH24:MI:SS'), 'ceshi', TO_DATE('2021-11-26 14:06:50', 'SYYYY-MM-DD HH24:MI:SS'));
INSERT INTO "KM"."SYS_DEPART" VALUES ('8ee440d03f7c442499e2bfcef5573a71', NULL, '海域监测室', NULL, NULL, '11', NULL, '1', '1', 'A13', NULL, NULL, NULL, 'ea952d6b7a3f453087c2d3efbf7bcb34', NULL, '0', NULL, 'ceshi', TO_DATE('2021-11-12 17:12:05', 'SYYYY-MM-DD HH24:MI:SS'), 'ceshi', TO_DATE('2021-11-26 14:07:24', 'SYYYY-MM-DD HH24:MI:SS'));
INSERT INTO "KM"."SYS_DEPART" VALUES ('c09cfdbe644f4957ae7f1938d3a3c8e4', NULL, '政策研究室', NULL, NULL, '13', NULL, '1', '1', 'A15', NULL, NULL, NULL, 'e2fc4ba82c1d44b1a182392298422fb0', NULL, '0', NULL, 'ceshi', TO_DATE('2021-11-12 17:12:40', 'SYYYY-MM-DD HH24:MI:SS'), 'ceshi', TO_DATE('2021-11-26 14:07:01', 'SYYYY-MM-DD HH24:MI:SS'));
INSERT INTO "KM"."SYS_DEPART" VALUES ('a4aea2674b9a43279db5d274658cea13', NULL, '办公室', NULL, NULL, '15', NULL, '1', '1', 'A17', NULL, NULL, NULL, 'ec51015c9b4a4194ac78c82e51eb820d', NULL, '0', NULL, 'ceshi', TO_DATE('2021-11-12 17:12:58', 'SYYYY-MM-DD HH24:MI:SS'), 'ceshi', TO_DATE('2021-11-26 14:06:16', 'SYYYY-MM-DD HH24:MI:SS'));

-- ----------------------------
-- Table structure for SYS_DEPART_PERMISSION
-- ----------------------------
DROP TABLE "KM"."SYS_DEPART_PERMISSION";
CREATE TABLE "KM"."SYS_DEPART_PERMISSION" (
  "ID" NVARCHAR2(32) NOT NULL ,
  "DEPART_ID" NVARCHAR2(32) ,
  "PERMISSION_ID" NVARCHAR2(32) ,
  "DATA_RULE_IDS" NVARCHAR2(1000) 
)
TABLESPACE "KM_TEST"
LOGGING
NOCOMPRESS
PCTFREE 10
INITRANS 1
STORAGE (
  BUFFER_POOL DEFAULT
)
PARALLEL 1
NOCACHE
DISABLE ROW MOVEMENT
;
COMMENT ON COLUMN "KM"."SYS_DEPART_PERMISSION"."DEPART_ID" IS '部门id';
COMMENT ON COLUMN "KM"."SYS_DEPART_PERMISSION"."PERMISSION_ID" IS '权限id';
COMMENT ON COLUMN "KM"."SYS_DEPART_PERMISSION"."DATA_RULE_IDS" IS '数据规则id';
COMMENT ON TABLE "KM"."SYS_DEPART_PERMISSION" IS '部门权限表';

-- ----------------------------
-- Table structure for SYS_DEPART_ROLE
-- ----------------------------
DROP TABLE "KM"."SYS_DEPART_ROLE";
CREATE TABLE "KM"."SYS_DEPART_ROLE" (
  "ID" NVARCHAR2(32) NOT NULL ,
  "DEPART_ID" NVARCHAR2(32) ,
  "ROLE_NAME" NVARCHAR2(200) ,
  "ROLE_CODE" NVARCHAR2(100) ,
  "DESCRIPTION" NVARCHAR2(255) ,
  "CREATE_BY" NVARCHAR2(32) ,
  "CREATE_TIME" DATE ,
  "UPDATE_BY" NVARCHAR2(32) ,
  "UPDATE_TIME" DATE 
)
TABLESPACE "KM_TEST"
LOGGING
NOCOMPRESS
PCTFREE 10
INITRANS 1
STORAGE (
  BUFFER_POOL DEFAULT
)
PARALLEL 1
NOCACHE
DISABLE ROW MOVEMENT
;
COMMENT ON COLUMN "KM"."SYS_DEPART_ROLE"."DEPART_ID" IS '部门id';
COMMENT ON COLUMN "KM"."SYS_DEPART_ROLE"."ROLE_NAME" IS '部门角色名称';
COMMENT ON COLUMN "KM"."SYS_DEPART_ROLE"."ROLE_CODE" IS '部门角色编码';
COMMENT ON COLUMN "KM"."SYS_DEPART_ROLE"."DESCRIPTION" IS '描述';
COMMENT ON COLUMN "KM"."SYS_DEPART_ROLE"."CREATE_BY" IS '创建人';
COMMENT ON COLUMN "KM"."SYS_DEPART_ROLE"."CREATE_TIME" IS '创建时间';
COMMENT ON COLUMN "KM"."SYS_DEPART_ROLE"."UPDATE_BY" IS '更新人';
COMMENT ON COLUMN "KM"."SYS_DEPART_ROLE"."UPDATE_TIME" IS '更新时间';
COMMENT ON TABLE "KM"."SYS_DEPART_ROLE" IS '部门角色表';

-- ----------------------------
-- Table structure for SYS_DEPART_ROLE_PERMISSION
-- ----------------------------
DROP TABLE "KM"."SYS_DEPART_ROLE_PERMISSION";
CREATE TABLE "KM"."SYS_DEPART_ROLE_PERMISSION" (
  "ID" NVARCHAR2(32) NOT NULL ,
  "DEPART_ID" NVARCHAR2(32) ,
  "ROLE_ID" NVARCHAR2(32) ,
  "PERMISSION_ID" NVARCHAR2(32) ,
  "DATA_RULE_IDS" NVARCHAR2(1000) ,
  "OPERATE_DATE" DATE ,
  "OPERATE_IP" NVARCHAR2(20) 
)
TABLESPACE "KM_TEST"
LOGGING
NOCOMPRESS
PCTFREE 10
INITRANS 1
STORAGE (
  BUFFER_POOL DEFAULT
)
PARALLEL 1
NOCACHE
DISABLE ROW MOVEMENT
;
COMMENT ON COLUMN "KM"."SYS_DEPART_ROLE_PERMISSION"."DEPART_ID" IS '部门id';
COMMENT ON COLUMN "KM"."SYS_DEPART_ROLE_PERMISSION"."ROLE_ID" IS '角色id';
COMMENT ON COLUMN "KM"."SYS_DEPART_ROLE_PERMISSION"."PERMISSION_ID" IS '权限id';
COMMENT ON COLUMN "KM"."SYS_DEPART_ROLE_PERMISSION"."DATA_RULE_IDS" IS '数据权限ids';
COMMENT ON COLUMN "KM"."SYS_DEPART_ROLE_PERMISSION"."OPERATE_DATE" IS '操作时间';
COMMENT ON COLUMN "KM"."SYS_DEPART_ROLE_PERMISSION"."OPERATE_IP" IS '操作ip';
COMMENT ON TABLE "KM"."SYS_DEPART_ROLE_PERMISSION" IS '部门角色权限表';

-- ----------------------------
-- Table structure for SYS_DEPART_ROLE_USER
-- ----------------------------
DROP TABLE "KM"."SYS_DEPART_ROLE_USER";
CREATE TABLE "KM"."SYS_DEPART_ROLE_USER" (
  "ID" NVARCHAR2(32) NOT NULL ,
  "USER_ID" NVARCHAR2(32) ,
  "DROLE_ID" NVARCHAR2(32) 
)
TABLESPACE "KM_TEST"
LOGGING
NOCOMPRESS
PCTFREE 10
INITRANS 1
STORAGE (
  BUFFER_POOL DEFAULT
)
PARALLEL 1
NOCACHE
DISABLE ROW MOVEMENT
;
COMMENT ON COLUMN "KM"."SYS_DEPART_ROLE_USER"."ID" IS '主键id';
COMMENT ON COLUMN "KM"."SYS_DEPART_ROLE_USER"."USER_ID" IS '用户id';
COMMENT ON COLUMN "KM"."SYS_DEPART_ROLE_USER"."DROLE_ID" IS '角色id';
COMMENT ON TABLE "KM"."SYS_DEPART_ROLE_USER" IS '部门角色用户表';

-- ----------------------------
-- Table structure for SYS_DICT
-- ----------------------------
DROP TABLE "KM"."SYS_DICT";
CREATE TABLE "KM"."SYS_DICT" (
  "ID" NVARCHAR2(32) NOT NULL ,
  "DICT_NAME" NVARCHAR2(100) NOT NULL ,
  "DICT_CODE" NVARCHAR2(100) NOT NULL ,
  "DESCRIPTION" NVARCHAR2(255) ,
  "DEL_FLAG" NUMBER(11) ,
  "CREATE_BY" NVARCHAR2(32) ,
  "CREATE_TIME" DATE ,
  "UPDATE_BY" NVARCHAR2(32) ,
  "UPDATE_TIME" DATE ,
  "TYPE" NUMBER(11) 
)
TABLESPACE "KM_TEST"
LOGGING
NOCOMPRESS
PCTFREE 10
INITRANS 1
STORAGE (
  INITIAL 65536 
  NEXT 1048576 
  MINEXTENTS 1
  MAXEXTENTS 2147483645
  BUFFER_POOL DEFAULT
)
PARALLEL 1
NOCACHE
DISABLE ROW MOVEMENT
;
COMMENT ON COLUMN "KM"."SYS_DICT"."DICT_NAME" IS '字典名称';
COMMENT ON COLUMN "KM"."SYS_DICT"."DICT_CODE" IS '字典编码';
COMMENT ON COLUMN "KM"."SYS_DICT"."DESCRIPTION" IS '描述';
COMMENT ON COLUMN "KM"."SYS_DICT"."DEL_FLAG" IS '删除状态';
COMMENT ON COLUMN "KM"."SYS_DICT"."CREATE_BY" IS '创建人';
COMMENT ON COLUMN "KM"."SYS_DICT"."CREATE_TIME" IS '创建时间';
COMMENT ON COLUMN "KM"."SYS_DICT"."UPDATE_BY" IS '更新人';
COMMENT ON COLUMN "KM"."SYS_DICT"."UPDATE_TIME" IS '更新时间';
COMMENT ON COLUMN "KM"."SYS_DICT"."TYPE" IS '字典类型0为string,1为number';

-- ----------------------------
-- Records of "SYS_DICT"
-- ----------------------------
INSERT INTO "KM"."SYS_DICT" VALUES ('1450412344901677057', '公开方式', 'km_dict_public_remark', '公开方式', '0', 'ceshi', TO_DATE('2021-10-19 18:43:45', 'SYYYY-MM-DD HH24:MI:SS'), NULL, NULL, '0');
INSERT INTO "KM"."SYS_DICT" VALUES ('0b5d19e1fce4b2e6647e6b4a17760c14', '通告类型', 'msg_category', '消息类型1:通知公告2:系统消息', '0', 'admin', TO_DATE('2019-04-22 18:01:35', 'SYYYY-MM-DD HH24:MI:SS'), NULL, NULL, '0');
INSERT INTO "KM"."SYS_DICT" VALUES ('1174509082208395266', '职务职级', 'position_rank', '职务表职级字典', '0', 'admin', TO_DATE('2019-09-19 10:22:41', 'SYYYY-MM-DD HH24:MI:SS'), NULL, NULL, '0');
INSERT INTO "KM"."SYS_DICT" VALUES ('1174511106530525185', '机构类型', 'org_category', '机构类型 1公司，2部门 3岗位', '0', 'admin', TO_DATE('2019-09-19 10:30:43', 'SYYYY-MM-DD HH24:MI:SS'), NULL, NULL, '0');
INSERT INTO "KM"."SYS_DICT" VALUES ('1178295274528845826', '表单权限策略', 'form_perms_type', NULL, '0', 'admin', TO_DATE('2019-09-29 21:07:39', 'SYYYY-MM-DD HH24:MI:SS'), 'admin', TO_DATE('2019-09-29 21:08:26', 'SYYYY-MM-DD HH24:MI:SS'), NULL);
INSERT INTO "KM"."SYS_DICT" VALUES ('1199517671259906049', '紧急程度', 'urgent_level', '日程计划紧急程度', '0', 'admin', TO_DATE('2019-11-27 10:37:53', 'SYYYY-MM-DD HH24:MI:SS'), NULL, NULL, '0');
INSERT INTO "KM"."SYS_DICT" VALUES ('1199518099888414722', '日程计划类型', 'eoa_plan_type', NULL, '0', 'admin', TO_DATE('2019-11-27 10:39:36', 'SYYYY-MM-DD HH24:MI:SS'), NULL, NULL, '0');
INSERT INTO "KM"."SYS_DICT" VALUES ('1199520177767587841', '分类栏目类型', 'eoa_cms_menu_type', NULL, '0', 'admin', TO_DATE('2019-11-27 10:47:51', 'SYYYY-MM-DD HH24:MI:SS'), 'admin', TO_DATE('2019-11-27 10:49:35', 'SYYYY-MM-DD HH24:MI:SS'), '0');
INSERT INTO "KM"."SYS_DICT" VALUES ('1199525215290306561', '日程计划状态', 'eoa_plan_status', NULL, '0', 'admin', TO_DATE('2019-11-27 11:07:52', 'SYYYY-MM-DD HH24:MI:SS'), 'admin', TO_DATE('2019-11-27 11:10:11', 'SYYYY-MM-DD HH24:MI:SS'), '0');
INSERT INTO "KM"."SYS_DICT" VALUES ('1209733563293962241', '数据库类型', 'database_type', NULL, '0', 'admin', TO_DATE('2019-12-25 15:12:12', 'SYYYY-MM-DD HH24:MI:SS'), NULL, NULL, '0');
INSERT INTO "KM"."SYS_DICT" VALUES ('1232913193820581889', 'Online表单业务分类', 'ol_form_biz_type', NULL, '0', 'admin', TO_DATE('2020-02-27 14:19:46', 'SYYYY-MM-DD HH24:MI:SS'), 'admin', TO_DATE('2020-02-27 14:20:23', 'SYYYY-MM-DD HH24:MI:SS'), '0');
INSERT INTO "KM"."SYS_DICT" VALUES ('1250687930947620866', '定时任务状态', 'quartz_status', NULL, '0', 'admin', TO_DATE('2020-04-16 15:30:14', 'SYYYY-MM-DD HH24:MI:SS'), NULL, NULL, NULL);
INSERT INTO "KM"."SYS_DICT" VALUES ('1280401766745718786', '租户状态', 'tenant_status', '租户状态', '0', 'admin', TO_DATE('2020-07-07 15:22:25', 'SYYYY-MM-DD HH24:MI:SS'), NULL, NULL, '0');
INSERT INTO "KM"."SYS_DICT" VALUES ('1356445645198135298', '开关', 'is_open', NULL, '0', 'admin', TO_DATE('2021-02-02 11:33:38', 'SYYYY-MM-DD HH24:MI:SS'), 'admin', TO_DATE('2021-02-02 15:28:12', 'SYYYY-MM-DD HH24:MI:SS'), '0');
INSERT INTO "KM"."SYS_DICT" VALUES ('1415509679443714049', '涉及业务', 'km_dict_business', '涉及业务', '0', 'admin', TO_DATE('2021-07-14 22:13:01', 'SYYYY-MM-DD HH24:MI:SS'), 'admin', TO_DATE('2021-07-29 17:16:56', 'SYYYY-MM-DD HH24:MI:SS'), '0');
INSERT INTO "KM"."SYS_DICT" VALUES ('1415572544998932482', '文档来源', 'km_dict_source', '文档来源', '0', 'admin', TO_DATE('2021-07-15 02:22:49', 'SYYYY-MM-DD HH24:MI:SS'), 'admin', TO_DATE('2021-07-29 17:16:51', 'SYYYY-MM-DD HH24:MI:SS'), '0');
INSERT INTO "KM"."SYS_DICT" VALUES ('1415574243599777794', '分类目录', 'km_dict_category', '分类目录', '0', 'admin', TO_DATE('2021-07-15 02:29:34', 'SYYYY-MM-DD HH24:MI:SS'), 'admin', TO_DATE('2021-07-29 17:16:46', 'SYYYY-MM-DD HH24:MI:SS'), '0');
INSERT INTO "KM"."SYS_DICT" VALUES ('1415575033756319746', '文档版本状态', 'km_dict_versions', '文档版本状态', '0', 'admin', TO_DATE('2021-07-15 02:32:43', 'SYYYY-MM-DD HH24:MI:SS'), 'admin', TO_DATE('2021-07-29 17:16:40', 'SYYYY-MM-DD HH24:MI:SS'), '0');
INSERT INTO "KM"."SYS_DICT" VALUES ('1418495479619317761', '入库状态', 'dict_fti_flag', NULL, '0', 'admin', TO_DATE('2021-07-23 03:57:31', 'SYYYY-MM-DD HH24:MI:SS'), 'admin', TO_DATE('2021-07-23 04:04:33', 'SYYYY-MM-DD HH24:MI:SS'), '0');
INSERT INTO "KM"."SYS_DICT" VALUES ('1420563456950808577', '操作类型', 'dict_doc_visit_type', '操作日志-操作类型', '0', 'admin', TO_DATE('2021-07-29 09:54:56', 'SYYYY-MM-DD HH24:MI:SS'), 'admin', TO_DATE('2021-07-29 10:06:39', 'SYYYY-MM-DD HH24:MI:SS'), '0');
INSERT INTO "KM"."SYS_DICT" VALUES ('1435461054779015169', '文档状态', 'doc_dict_status', NULL, '0', 'admin', TO_DATE('2021-09-08 12:32:40', 'SYYYY-MM-DD HH24:MI:SS'), 'admin', TO_DATE('2021-09-08 12:46:04', 'SYYYY-MM-DD HH24:MI:SS'), '0');
INSERT INTO "KM"."SYS_DICT" VALUES ('1435763999777144834', '统计维度', 'dict_statisticsType', NULL, '0', 'admin', TO_DATE('2021-09-09 08:36:27', 'SYYYY-MM-DD HH24:MI:SS'), NULL, NULL, '0');
INSERT INTO "KM"."SYS_DICT" VALUES ('1446749054125019137', '是否公开', 'dict_is_open', NULL, '1', 'admin', TO_DATE('2021-10-09 16:07:08', 'SYYYY-MM-DD HH24:MI:SS'), NULL, NULL, '0');
INSERT INTO "KM"."SYS_DICT" VALUES ('1448189415518433282', '年份', 'km_dict_year', '发布年份', '0', 'admin', TO_DATE('2021-10-13 15:30:37', 'SYYYY-MM-DD HH24:MI:SS'), 'ceshi', TO_DATE('2021-10-14 23:12:52', 'SYYYY-MM-DD HH24:MI:SS'), '0');
INSERT INTO "KM"."SYS_DICT" VALUES ('236e8a4baff0db8c62c00dd95632834f', '同步工作流引擎', 'activiti_sync', '同步工作流引擎', '0', 'admin', TO_DATE('2019-05-15 15:27:33', 'SYYYY-MM-DD HH24:MI:SS'), NULL, NULL, '0');
INSERT INTO "KM"."SYS_DICT" VALUES ('2e02df51611a4b9632828ab7e5338f00', '权限策略', 'perms_type', '权限策略', '0', 'admin', TO_DATE('2019-04-26 18:26:55', 'SYYYY-MM-DD HH24:MI:SS'), NULL, NULL, '0');
INSERT INTO "KM"."SYS_DICT" VALUES ('2f0320997ade5dd147c90130f7218c3e', '推送类别', 'msg_type', NULL, '0', 'admin', TO_DATE('2019-03-17 21:21:32', 'SYYYY-MM-DD HH24:MI:SS'), 'admin', TO_DATE('2019-03-26 19:57:45', 'SYYYY-MM-DD HH24:MI:SS'), '0');
INSERT INTO "KM"."SYS_DICT" VALUES ('3486f32803bb953e7155dab3513dc68b', '删除状态', 'del_flag', NULL, '0', 'admin', TO_DATE('2019-01-18 21:46:26', 'SYYYY-MM-DD HH24:MI:SS'), 'admin', TO_DATE('2019-03-30 11:17:11', 'SYYYY-MM-DD HH24:MI:SS'), '0');
INSERT INTO "KM"."SYS_DICT" VALUES ('3d9a351be3436fbefb1307d4cfb49bf2', '性别', 'sex', NULL, '0', NULL, TO_DATE('2019-01-04 14:56:32', 'SYYYY-MM-DD HH24:MI:SS'), 'admin', TO_DATE('2019-03-30 11:28:27', 'SYYYY-MM-DD HH24:MI:SS'), '1');
INSERT INTO "KM"."SYS_DICT" VALUES ('4274efc2292239b6f000b153f50823ff', '全局权限策略', 'global_perms_type', '全局权限策略', '0', 'admin', TO_DATE('2019-05-10 17:54:05', 'SYYYY-MM-DD HH24:MI:SS'), NULL, NULL, '0');
INSERT INTO "KM"."SYS_DICT" VALUES ('4c03fca6bf1f0299c381213961566349', 'Online图表展示模板', 'online_graph_display_template', 'Online图表展示模板', '0', 'admin', TO_DATE('2019-04-12 17:28:50', 'SYYYY-MM-DD HH24:MI:SS'), NULL, NULL, '0');
INSERT INTO "KM"."SYS_DICT" VALUES ('4c753b5293304e7a445fd2741b46529d', '字典状态', 'dict_item_status', NULL, '0', 'admin', TO_DATE('2020-06-18 23:18:42', 'SYYYY-MM-DD HH24:MI:SS'), 'admin', TO_DATE('2019-03-30 19:33:52', 'SYYYY-MM-DD HH24:MI:SS'), '1');
INSERT INTO "KM"."SYS_DICT" VALUES ('4d7fec1a7799a436d26d02325eff295e', '优先级', 'priority', '优先级', '0', 'admin', TO_DATE('2019-03-16 17:03:34', 'SYYYY-MM-DD HH24:MI:SS'), 'admin', TO_DATE('2019-04-16 17:39:23', 'SYYYY-MM-DD HH24:MI:SS'), '0');
INSERT INTO "KM"."SYS_DICT" VALUES ('4e4602b3e3686f0911384e188dc7efb4', '条件规则', 'rule_conditions', NULL, '0', 'admin', TO_DATE('2019-04-01 10:15:03', 'SYYYY-MM-DD HH24:MI:SS'), 'admin', TO_DATE('2019-04-01 10:30:47', 'SYYYY-MM-DD HH24:MI:SS'), '0');
INSERT INTO "KM"."SYS_DICT" VALUES ('4f69be5f507accea8d5df5f11346181a', '发送消息类型', 'msgType', NULL, '0', 'admin', TO_DATE('2019-04-11 14:27:09', 'SYYYY-MM-DD HH24:MI:SS'), NULL, NULL, '0');
INSERT INTO "KM"."SYS_DICT" VALUES ('68168534ff5065a152bfab275c2136f8', '有效无效状态', 'valid_status', '有效无效状态', '0', 'admin', TO_DATE('2020-09-26 19:21:14', 'SYYYY-MM-DD HH24:MI:SS'), 'admin', TO_DATE('2019-04-26 19:21:23', 'SYYYY-MM-DD HH24:MI:SS'), '0');
INSERT INTO "KM"."SYS_DICT" VALUES ('6b78e3f59faec1a4750acff08030a79b', '用户类型', 'user_type', NULL, '0', NULL, TO_DATE('2019-01-04 14:59:01', 'SYYYY-MM-DD HH24:MI:SS'), 'admin', TO_DATE('2019-03-18 23:28:18', 'SYYYY-MM-DD HH24:MI:SS'), '0');
INSERT INTO "KM"."SYS_DICT" VALUES ('72cce0989df68887546746d8f09811aa', 'Online表单类型', 'cgform_table_type', NULL, '0', 'admin', TO_DATE('2019-01-27 10:13:02', 'SYYYY-MM-DD HH24:MI:SS'), 'admin', TO_DATE('2019-03-30 11:37:36', 'SYYYY-MM-DD HH24:MI:SS'), '0');
INSERT INTO "KM"."SYS_DICT" VALUES ('78bda155fe380b1b3f175f1e88c284c6', '流程状态', 'bpm_status', '流程状态', '0', 'admin', TO_DATE('2019-05-09 16:31:52', 'SYYYY-MM-DD HH24:MI:SS'), NULL, NULL, '0');
INSERT INTO "KM"."SYS_DICT" VALUES ('83bfb33147013cc81640d5fd9eda030c', '日志类型', 'log_type', NULL, '0', 'admin', TO_DATE('2019-03-18 23:22:19', 'SYYYY-MM-DD HH24:MI:SS'), NULL, NULL, '1');
INSERT INTO "KM"."SYS_DICT" VALUES ('845da5006c97754728bf48b6a10f79cc', '状态', 'status', NULL, '0', 'admin', TO_DATE('2019-03-18 21:45:25', 'SYYYY-MM-DD HH24:MI:SS'), 'admin', TO_DATE('2019-03-18 21:58:25', 'SYYYY-MM-DD HH24:MI:SS'), '0');
INSERT INTO "KM"."SYS_DICT" VALUES ('880a895c98afeca9d9ac39f29e67c13e', '操作类型', 'operate_type', '操作类型', '0', 'admin', TO_DATE('2019-07-22 10:54:29', 'SYYYY-MM-DD HH24:MI:SS'), NULL, NULL, '0');
INSERT INTO "KM"."SYS_DICT" VALUES ('8dfe32e2d29ea9430a988b3b558bf233', '发布状态', 'send_status', '发布状态', '0', 'admin', TO_DATE('2019-04-16 17:40:42', 'SYYYY-MM-DD HH24:MI:SS'), NULL, NULL, '0');
INSERT INTO "KM"."SYS_DICT" VALUES ('a7adbcd86c37f7dbc9b66945c82ef9e6', '1是0否', 'yn', NULL, '0', 'admin', TO_DATE('2019-05-22 19:29:29', 'SYYYY-MM-DD HH24:MI:SS'), NULL, NULL, '0');
INSERT INTO "KM"."SYS_DICT" VALUES ('a9d9942bd0eccb6e89de92d130ec4c4a', '消息发送状态', 'msgSendStatus', NULL, '0', 'admin', TO_DATE('2019-04-12 18:18:17', 'SYYYY-MM-DD HH24:MI:SS'), NULL, NULL, '0');
INSERT INTO "KM"."SYS_DICT" VALUES ('ac2f7c0c5c5775fcea7e2387bcb22f01', '菜单类型', 'menu_type', NULL, '0', 'admin', TO_DATE('2020-12-18 23:24:32', 'SYYYY-MM-DD HH24:MI:SS'), 'admin', TO_DATE('2019-04-01 15:27:06', 'SYYYY-MM-DD HH24:MI:SS'), '1');
INSERT INTO "KM"."SYS_DICT" VALUES ('ad7c65ba97c20a6805d5dcdf13cdaf36', 'onlineT类型', 'ceshi_online', NULL, '0', 'admin', TO_DATE('2019-03-22 16:31:49', 'SYYYY-MM-DD HH24:MI:SS'), 'admin', TO_DATE('2019-03-22 16:34:16', 'SYYYY-MM-DD HH24:MI:SS'), '0');
INSERT INTO "KM"."SYS_DICT" VALUES ('bd1b8bc28e65d6feefefb6f3c79f42fd', 'Online图表数据类型', 'online_graph_data_type', 'Online图表数据类型', '0', 'admin', TO_DATE('2019-04-12 17:24:24', 'SYYYY-MM-DD HH24:MI:SS'), 'admin', TO_DATE('2019-04-12 17:24:57', 'SYYYY-MM-DD HH24:MI:SS'), '0');
INSERT INTO "KM"."SYS_DICT" VALUES ('c36169beb12de8a71c8683ee7c28a503', '部门状态', 'depart_status', NULL, '0', 'admin', TO_DATE('2019-03-18 21:59:51', 'SYYYY-MM-DD HH24:MI:SS'), NULL, NULL, '0');
INSERT INTO "KM"."SYS_DICT" VALUES ('c5a14c75172783d72cbee6ee7f5df5d1', 'Online图表类型', 'online_graph_type', 'Online图表类型', '0', 'admin', TO_DATE('2019-04-12 17:04:06', 'SYYYY-MM-DD HH24:MI:SS'), NULL, NULL, '0');
INSERT INTO "KM"."SYS_DICT" VALUES ('d6e1152968b02d69ff358c75b48a6ee1', '流程类型', 'bpm_process_type', NULL, '0', 'admin', TO_DATE('2021-02-22 19:26:54', 'SYYYY-MM-DD HH24:MI:SS'), 'admin', TO_DATE('2019-03-30 18:14:44', 'SYYYY-MM-DD HH24:MI:SS'), '0');
INSERT INTO "KM"."SYS_DICT" VALUES ('fc6cd58fde2e8481db10d3a1e68ce70c', '用户状态', 'user_status', NULL, '0', 'admin', TO_DATE('2019-03-18 21:57:25', 'SYYYY-MM-DD HH24:MI:SS'), 'admin', TO_DATE('2019-03-18 23:11:58', 'SYYYY-MM-DD HH24:MI:SS'), '1');

-- ----------------------------
-- Table structure for SYS_DICT_ITEM
-- ----------------------------
DROP TABLE "KM"."SYS_DICT_ITEM";
CREATE TABLE "KM"."SYS_DICT_ITEM" (
  "ID" NVARCHAR2(32) NOT NULL ,
  "DICT_ID" NVARCHAR2(32) ,
  "ITEM_TEXT" NVARCHAR2(100) NOT NULL ,
  "ITEM_VALUE" NVARCHAR2(100) NOT NULL ,
  "DESCRIPTION" NVARCHAR2(255) ,
  "SORT_ORDER" NUMBER(11) ,
  "STATUS" NUMBER(11) ,
  "CREATE_BY" NVARCHAR2(32) ,
  "CREATE_TIME" DATE ,
  "UPDATE_BY" NVARCHAR2(32) ,
  "UPDATE_TIME" DATE 
)
TABLESPACE "KM_TEST"
LOGGING
NOCOMPRESS
PCTFREE 10
INITRANS 1
STORAGE (
  INITIAL 65536 
  NEXT 1048576 
  MINEXTENTS 1
  MAXEXTENTS 2147483645
  BUFFER_POOL DEFAULT
)
PARALLEL 1
NOCACHE
DISABLE ROW MOVEMENT
;
COMMENT ON COLUMN "KM"."SYS_DICT_ITEM"."DICT_ID" IS '字典id';
COMMENT ON COLUMN "KM"."SYS_DICT_ITEM"."ITEM_TEXT" IS '字典项文本';
COMMENT ON COLUMN "KM"."SYS_DICT_ITEM"."ITEM_VALUE" IS '字典项值';
COMMENT ON COLUMN "KM"."SYS_DICT_ITEM"."DESCRIPTION" IS '描述';
COMMENT ON COLUMN "KM"."SYS_DICT_ITEM"."SORT_ORDER" IS '排序';
COMMENT ON COLUMN "KM"."SYS_DICT_ITEM"."STATUS" IS '状态（1启用 0不启用）';

-- ----------------------------
-- Records of "SYS_DICT_ITEM"
-- ----------------------------
INSERT INTO "KM"."SYS_DICT_ITEM" VALUES ('c53da022b9912e0aed691bbec3c78473', '880a895c98afeca9d9ac39f29e67c13e', '查询', '1', NULL, '1', '1', 'admin', TO_DATE('2019-07-22 10:54:51', 'SYYYY-MM-DD HH24:MI:SS'), NULL, NULL);
INSERT INTO "KM"."SYS_DICT_ITEM" VALUES ('c5700a71ad08994d18ad1dacc37a71a9', 'a7adbcd86c37f7dbc9b66945c82ef9e6', '否', '0', NULL, '1', '1', 'admin', TO_DATE('2019-05-22 19:29:55', 'SYYYY-MM-DD HH24:MI:SS'), NULL, NULL);
INSERT INTO "KM"."SYS_DICT_ITEM" VALUES ('cbfcc5b88fc3a90975df23ffc8cbe29c', 'c5a14c75172783d72cbee6ee7f5df5d1', '曲线图', 'line', NULL, '2', '1', 'admin', TO_DATE('2019-05-12 17:05:30', 'SYYYY-MM-DD HH24:MI:SS'), 'admin', TO_DATE('2019-04-12 17:06:06', 'SYYYY-MM-DD HH24:MI:SS'));
INSERT INTO "KM"."SYS_DICT_ITEM" VALUES ('d217592908ea3e00ff986ce97f24fb98', 'c5a14c75172783d72cbee6ee7f5df5d1', '数据列表', 'table', NULL, '4', '1', 'admin', TO_DATE('2019-04-12 17:05:56', 'SYYYY-MM-DD HH24:MI:SS'), NULL, NULL);
INSERT INTO "KM"."SYS_DICT_ITEM" VALUES ('df168368dcef46cade2aadd80100d8aa', '3d9a351be3436fbefb1307d4cfb49bf2', '男', '1', NULL, '1', '1', NULL, TO_DATE('2027-08-04 14:56:49', 'SYYYY-MM-DD HH24:MI:SS'), 'admin', TO_DATE('2019-03-23 22:44:44', 'SYYYY-MM-DD HH24:MI:SS'));
INSERT INTO "KM"."SYS_DICT_ITEM" VALUES ('e6329e3a66a003819e2eb830b0ca2ea0', '4e4602b3e3686f0911384e188dc7efb4', '小于', '<', '小于', '2', '1', 'admin', TO_DATE('2019-04-01 16:44:15', 'SYYYY-MM-DD HH24:MI:SS'), 'admin', TO_DATE('2019-04-01 17:48:34', 'SYYYY-MM-DD HH24:MI:SS'));
INSERT INTO "KM"."SYS_DICT_ITEM" VALUES ('e94eb7af89f1dbfa0d823580a7a6e66a', '236e8a4baff0db8c62c00dd95632834f', '不同步', '0', '不同步', '2', '1', 'admin', TO_DATE('2019-05-15 15:28:28', 'SYYYY-MM-DD HH24:MI:SS'), NULL, NULL);
INSERT INTO "KM"."SYS_DICT_ITEM" VALUES ('f0162f4cc572c9273f3e26b2b4d8c082', 'ad7c65ba97c20a6805d5dcdf13cdaf36', 'booostrap', '1', NULL, '1', '1', 'admin', TO_DATE('2021-08-22 16:32:04', 'SYYYY-MM-DD HH24:MI:SS'), 'admin', TO_DATE('2019-03-22 16:33:57', 'SYYYY-MM-DD HH24:MI:SS'));
INSERT INTO "KM"."SYS_DICT_ITEM" VALUES ('f16c5706f3ae05c57a53850c64ce7c45', 'a9d9942bd0eccb6e89de92d130ec4c4a', '发送成功', '1', NULL, '2', '1', 'admin', TO_DATE('2019-04-12 18:19:43', 'SYYYY-MM-DD HH24:MI:SS'), NULL, NULL);
INSERT INTO "KM"."SYS_DICT_ITEM" VALUES ('f2a7920421f3335afdf6ad2b342f6b5d', '845da5006c97754728bf48b6a10f79cc', '冻结', '2', NULL, NULL, '1', 'admin', TO_DATE('2019-03-18 21:46:02', 'SYYYY-MM-DD HH24:MI:SS'), NULL, NULL);
INSERT INTO "KM"."SYS_DICT_ITEM" VALUES ('f37f90c496ec9841c4c326b065e00bb2', '83bfb33147013cc81640d5fd9eda030c', '登录日志', '1', NULL, NULL, '1', 'admin', TO_DATE('2019-03-18 23:22:37', 'SYYYY-MM-DD HH24:MI:SS'), NULL, NULL);
INSERT INTO "KM"."SYS_DICT_ITEM" VALUES ('f753aff60ff3931c0ecb4812d8b5e643', '4c03fca6bf1f0299c381213961566349', '双排布局', 'double', NULL, '3', '1', 'admin', TO_DATE('2019-04-12 17:43:51', 'SYYYY-MM-DD HH24:MI:SS'), NULL, NULL);
INSERT INTO "KM"."SYS_DICT_ITEM" VALUES ('f80a8f6838215753b05e1a5ba3346d22', '880a895c98afeca9d9ac39f29e67c13e', '删除', '4', NULL, '4', '1', 'admin', TO_DATE('2019-07-22 10:55:14', 'SYYYY-MM-DD HH24:MI:SS'), 'admin', TO_DATE('2019-07-22 10:55:30', 'SYYYY-MM-DD HH24:MI:SS'));
INSERT INTO "KM"."SYS_DICT_ITEM" VALUES ('fcec03570f68a175e1964808dc3f1c91', '4c03fca6bf1f0299c381213961566349', 'Tab风格', 'tab', NULL, '1', '1', 'admin', TO_DATE('2019-04-12 17:43:31', 'SYYYY-MM-DD HH24:MI:SS'), NULL, NULL);
INSERT INTO "KM"."SYS_DICT_ITEM" VALUES ('fe50b23ae5e68434def76f67cef35d2d', '78bda155fe380b1b3f175f1e88c284c6', '已作废', '4', '已作废', '4', '1', 'admin', TO_DATE('2021-09-09 16:33:43', 'SYYYY-MM-DD HH24:MI:SS'), 'admin', TO_DATE('2019-05-09 16:34:40', 'SYYYY-MM-DD HH24:MI:SS'));
INSERT INTO "KM"."SYS_DICT_ITEM" VALUES ('1420564005536411661', '1420563456950808577', '修改', '6', '修改', '6', '1', 'admin', TO_DATE('2021-07-29 09:57:06', 'SYYYY-MM-DD HH24:MI:SS'), NULL, NULL);
INSERT INTO "KM"."SYS_DICT_ITEM" VALUES ('1420564005536411664', '1420563456950808577', '删除', '7', '删除', '7', '1', 'admin', TO_DATE('2021-07-29 09:57:06', 'SYYYY-MM-DD HH24:MI:SS'), NULL, NULL);
INSERT INTO "KM"."SYS_DICT_ITEM" VALUES ('1450412465588580354', '1450412344901677057', '主动公开', '1', NULL, '1', '1', NULL, TO_DATE('2021-10-19 18:44:14', 'SYYYY-MM-DD HH24:MI:SS'), 'ceshi', TO_DATE('2021-10-21 16:55:31', 'SYYYY-MM-DD HH24:MI:SS'));
INSERT INTO "KM"."SYS_DICT_ITEM" VALUES ('1450412578524409857', '1450412344901677057', '依申请公开', '2', NULL, '2', '1', NULL, TO_DATE('2021-10-19 18:44:41', 'SYYYY-MM-DD HH24:MI:SS'), 'ceshi', TO_DATE('2021-10-19 19:10:43', 'SYYYY-MM-DD HH24:MI:SS'));
INSERT INTO "KM"."SYS_DICT_ITEM" VALUES ('1450412635868934145', '1450412344901677057', '不公开', '3', NULL, '3', '1', NULL, TO_DATE('2021-10-19 18:44:54', 'SYYYY-MM-DD HH24:MI:SS'), 'ceshi', TO_DATE('2021-10-19 19:10:53', 'SYYYY-MM-DD HH24:MI:SS'));
INSERT INTO "KM"."SYS_DICT_ITEM" VALUES ('0072d115e07c875d76c9b022e2179128', '4d7fec1a7799a436d26d02325eff295e', '低', 'L', '低', '3', '1', 'admin', TO_DATE('2019-04-16 17:04:59', 'SYYYY-MM-DD HH24:MI:SS'), NULL, NULL);
INSERT INTO "KM"."SYS_DICT_ITEM" VALUES ('05a2e732ce7b00aa52141ecc3e330b4e', '3486f32803bb953e7155dab3513dc68b', '已删除', '1', NULL, NULL, '1', 'admin', TO_DATE('2025-10-18 21:46:56', 'SYYYY-MM-DD HH24:MI:SS'), 'admin', TO_DATE('2019-03-28 22:23:20', 'SYYYY-MM-DD HH24:MI:SS'));
INSERT INTO "KM"."SYS_DICT_ITEM" VALUES ('096c2e758d823def3855f6376bc736fb', 'bd1b8bc28e65d6feefefb6f3c79f42fd', 'SQL', 'sql', NULL, '1', '1', 'admin', TO_DATE('2019-04-12 17:26:26', 'SYYYY-MM-DD HH24:MI:SS'), NULL, NULL);
INSERT INTO "KM"."SYS_DICT_ITEM" VALUES ('0c9532916f5cd722017b46bc4d953e41', '2f0320997ade5dd147c90130f7218c3e', '指定用户', 'USER', NULL, NULL, '1', 'admin', TO_DATE('2019-03-17 21:22:19', 'SYYYY-MM-DD HH24:MI:SS'), 'admin', TO_DATE('2019-03-17 21:22:28', 'SYYYY-MM-DD HH24:MI:SS'));
INSERT INTO "KM"."SYS_DICT_ITEM" VALUES ('0ca4beba9efc4f9dd54af0911a946d5c', '72cce0989df68887546746d8f09811aa', '附表', '3', NULL, '3', '1', 'admin', TO_DATE('2019-03-27 10:13:43', 'SYYYY-MM-DD HH24:MI:SS'), NULL, NULL);
INSERT INTO "KM"."SYS_DICT_ITEM" VALUES ('1030a2652608f5eac3b49d70458b8532', '2e02df51611a4b9632828ab7e5338f00', '禁用', '2', '禁用', '2', '1', 'admin', TO_DATE('2021-03-26 18:27:28', 'SYYYY-MM-DD HH24:MI:SS'), 'admin', TO_DATE('2019-04-26 18:39:11', 'SYYYY-MM-DD HH24:MI:SS'));
INSERT INTO "KM"."SYS_DICT_ITEM" VALUES ('1174509082208395266', '1174511106530525185', '岗位', '3', '岗位', '1', '1', 'admin', TO_DATE('2019-09-19 10:31:16', 'SYYYY-MM-DD HH24:MI:SS'), NULL, NULL);
INSERT INTO "KM"."SYS_DICT_ITEM" VALUES ('1174509601047994369', '1174509082208395266', '员级', '1', NULL, '1', '1', 'admin', TO_DATE('2019-09-19 10:24:45', 'SYYYY-MM-DD HH24:MI:SS'), 'admin', TO_DATE('2019-09-23 11:46:39', 'SYYYY-MM-DD HH24:MI:SS'));
INSERT INTO "KM"."SYS_DICT_ITEM" VALUES ('1174509667297026049', '1174509082208395266', '助级', '2', NULL, '2', '1', 'admin', TO_DATE('2019-09-19 10:25:01', 'SYYYY-MM-DD HH24:MI:SS'), 'admin', TO_DATE('2019-09-23 11:46:47', 'SYYYY-MM-DD HH24:MI:SS'));
INSERT INTO "KM"."SYS_DICT_ITEM" VALUES ('1174509713568587777', '1174509082208395266', '中级', '3', NULL, '3', '1', 'admin', TO_DATE('2019-09-19 10:25:12', 'SYYYY-MM-DD HH24:MI:SS'), 'admin', TO_DATE('2019-09-23 11:46:56', 'SYYYY-MM-DD HH24:MI:SS'));
INSERT INTO "KM"."SYS_DICT_ITEM" VALUES ('1174509788361416705', '1174509082208395266', '副高级', '4', NULL, '4', '1', 'admin', TO_DATE('2019-09-19 10:25:30', 'SYYYY-MM-DD HH24:MI:SS'), 'admin', TO_DATE('2019-09-23 11:47:06', 'SYYYY-MM-DD HH24:MI:SS'));
INSERT INTO "KM"."SYS_DICT_ITEM" VALUES ('1174509835803189250', '1174509082208395266', '正高级', '5', NULL, '5', '1', 'admin', TO_DATE('2019-09-19 10:25:41', 'SYYYY-MM-DD HH24:MI:SS'), 'admin', TO_DATE('2019-09-23 11:47:12', 'SYYYY-MM-DD HH24:MI:SS'));
INSERT INTO "KM"."SYS_DICT_ITEM" VALUES ('1174511197735665665', '1174511106530525185', '公司', '1', '公司', '1', '1', 'admin', TO_DATE('2019-09-19 10:31:05', 'SYYYY-MM-DD HH24:MI:SS'), NULL, NULL);
INSERT INTO "KM"."SYS_DICT_ITEM" VALUES ('1174511244036587521', '1174511106530525185', '部门', '2', '部门', '1', '1', 'admin', TO_DATE('2019-09-19 10:31:16', 'SYYYY-MM-DD HH24:MI:SS'), NULL, NULL);
INSERT INTO "KM"."SYS_DICT_ITEM" VALUES ('1178295553450061826', '1178295274528845826', '可编辑(未授权禁用)', '2', NULL, '2', '1', 'admin', TO_DATE('2019-09-29 21:08:46', 'SYYYY-MM-DD HH24:MI:SS'), 'admin', TO_DATE('2019-09-29 21:09:18', 'SYYYY-MM-DD HH24:MI:SS'));
INSERT INTO "KM"."SYS_DICT_ITEM" VALUES ('1178295639554928641', '1178295274528845826', '可见(未授权不可见)', '1', NULL, '1', '1', 'admin', TO_DATE('2019-09-29 21:09:06', 'SYYYY-MM-DD HH24:MI:SS'), 'admin', TO_DATE('2019-09-29 21:09:24', 'SYYYY-MM-DD HH24:MI:SS'));
INSERT INTO "KM"."SYS_DICT_ITEM" VALUES ('1199517884758368257', '1199517671259906049', '一般', '1', NULL, '1', '1', 'admin', TO_DATE('2019-11-27 10:38:44', 'SYYYY-MM-DD HH24:MI:SS'), NULL, NULL);
INSERT INTO "KM"."SYS_DICT_ITEM" VALUES ('1199517914017832962', '1199517671259906049', '重要', '2', NULL, '1', '1', 'admin', TO_DATE('2019-11-27 10:38:51', 'SYYYY-MM-DD HH24:MI:SS'), NULL, NULL);
INSERT INTO "KM"."SYS_DICT_ITEM" VALUES ('1199517941339529217', '1199517671259906049', '紧急', '3', NULL, '1', '1', 'admin', TO_DATE('2019-11-27 10:38:58', 'SYYYY-MM-DD HH24:MI:SS'), NULL, NULL);
INSERT INTO "KM"."SYS_DICT_ITEM" VALUES ('1199518186144276482', '1199518099888414722', '日常记录', '1', NULL, '1', '1', 'admin', TO_DATE('2019-11-27 10:39:56', 'SYYYY-MM-DD HH24:MI:SS'), NULL, NULL);
INSERT INTO "KM"."SYS_DICT_ITEM" VALUES ('1199518214858481666', '1199518099888414722', '本周工作', '2', NULL, '1', '1', 'admin', TO_DATE('2019-11-27 10:40:03', 'SYYYY-MM-DD HH24:MI:SS'), NULL, NULL);
INSERT INTO "KM"."SYS_DICT_ITEM" VALUES ('1199518235943247874', '1199518099888414722', '下周计划', '3', NULL, '1', '1', 'admin', TO_DATE('2019-11-27 10:40:08', 'SYYYY-MM-DD HH24:MI:SS'), NULL, NULL);
INSERT INTO "KM"."SYS_DICT_ITEM" VALUES ('1199520817285701634', '1199520177767587841', '列表', '1', NULL, '1', '1', 'admin', TO_DATE('2019-11-27 10:50:24', 'SYYYY-MM-DD HH24:MI:SS'), NULL, NULL);
INSERT INTO "KM"."SYS_DICT_ITEM" VALUES ('1199520835035996161', '1199520177767587841', '链接', '2', NULL, '1', '1', 'admin', TO_DATE('2019-11-27 10:50:28', 'SYYYY-MM-DD HH24:MI:SS'), NULL, NULL);
INSERT INTO "KM"."SYS_DICT_ITEM" VALUES ('1199525468672405505', '1199525215290306561', '未开始', '0', NULL, '1', '1', 'admin', TO_DATE('2019-11-27 11:08:52', 'SYYYY-MM-DD HH24:MI:SS'), NULL, NULL);
INSERT INTO "KM"."SYS_DICT_ITEM" VALUES ('1199525490575060993', '1199525215290306561', '进行中', '1', NULL, '1', '1', 'admin', TO_DATE('2019-11-27 11:08:58', 'SYYYY-MM-DD HH24:MI:SS'), NULL, NULL);
INSERT INTO "KM"."SYS_DICT_ITEM" VALUES ('1199525506429530114', '1199525215290306561', '已完成', '2', NULL, '1', '1', 'admin', TO_DATE('2019-11-27 11:09:02', 'SYYYY-MM-DD HH24:MI:SS'), 'admin', TO_DATE('2019-11-27 11:10:02', 'SYYYY-MM-DD HH24:MI:SS'));
INSERT INTO "KM"."SYS_DICT_ITEM" VALUES ('1199607547704647681', '4f69be5f507accea8d5df5f11346181a', '系统', '4', NULL, '1', '1', 'admin', TO_DATE('2019-11-27 16:35:02', 'SYYYY-MM-DD HH24:MI:SS'), 'admin', TO_DATE('2019-11-27 19:37:46', 'SYYYY-MM-DD HH24:MI:SS'));
INSERT INTO "KM"."SYS_DICT_ITEM" VALUES ('1209733775114702850', '1209733563293962241', 'MySQL5.5', '1', NULL, '1', '1', 'admin', TO_DATE('2019-12-25 15:13:02', 'SYYYY-MM-DD HH24:MI:SS'), NULL, NULL);
INSERT INTO "KM"."SYS_DICT_ITEM" VALUES ('1209733839933476865', '1209733563293962241', 'Oracle', '2', NULL, '3', '1', 'admin', TO_DATE('2019-12-25 15:13:18', 'SYYYY-MM-DD HH24:MI:SS'), NULL, NULL);
INSERT INTO "KM"."SYS_DICT_ITEM" VALUES ('1209733903020003330', '1209733563293962241', 'SQLServer', '3', NULL, '4', '1', 'admin', TO_DATE('2019-12-25 15:13:33', 'SYYYY-MM-DD HH24:MI:SS'), NULL, NULL);
INSERT INTO "KM"."SYS_DICT_ITEM" VALUES ('1232913424813486081', '1232913193820581889', '官方示例', 'demo', NULL, '1', '1', 'admin', TO_DATE('2020-02-27 14:20:42', 'SYYYY-MM-DD HH24:MI:SS'), 'admin', TO_DATE('2020-02-27 14:21:37', 'SYYYY-MM-DD HH24:MI:SS'));
INSERT INTO "KM"."SYS_DICT_ITEM" VALUES ('1232913493717512194', '1232913193820581889', '流程表单', 'bpm', NULL, '2', '1', 'admin', TO_DATE('2020-02-27 14:20:58', 'SYYYY-MM-DD HH24:MI:SS'), 'admin', TO_DATE('2020-02-27 14:22:20', 'SYYYY-MM-DD HH24:MI:SS'));
INSERT INTO "KM"."SYS_DICT_ITEM" VALUES ('1232913605382467585', '1232913193820581889', '测试表单', 'temp', NULL, '4', '1', 'admin', TO_DATE('2020-02-27 14:21:25', 'SYYYY-MM-DD HH24:MI:SS'), 'admin', TO_DATE('2020-02-27 14:22:16', 'SYYYY-MM-DD HH24:MI:SS'));
INSERT INTO "KM"."SYS_DICT_ITEM" VALUES ('1232914232372195330', '1232913193820581889', '导入表单', 'bdfl_include', NULL, '5', '1', 'admin', TO_DATE('2020-02-27 14:23:54', 'SYYYY-MM-DD HH24:MI:SS'), NULL, NULL);
INSERT INTO "KM"."SYS_DICT_ITEM" VALUES ('1234371726545010689', '4e4602b3e3686f0911384e188dc7efb4', '左模糊', 'LEFT_LIKE', '左模糊', '7', '1', 'admin', TO_DATE('2020-03-02 14:55:27', 'SYYYY-MM-DD HH24:MI:SS'), NULL, NULL);
INSERT INTO "KM"."SYS_DICT_ITEM" VALUES ('1234371809495760898', '4e4602b3e3686f0911384e188dc7efb4', '右模糊', 'RIGHT_LIKE', '右模糊', '7', '1', 'admin', TO_DATE('2020-03-02 14:55:47', 'SYYYY-MM-DD HH24:MI:SS'), NULL, NULL);
INSERT INTO "KM"."SYS_DICT_ITEM" VALUES ('1250688147579228161', '1250687930947620866', '正常', '0', NULL, '1', '1', 'admin', TO_DATE('2020-04-16 15:31:05', 'SYYYY-MM-DD HH24:MI:SS'), NULL, NULL);
INSERT INTO "KM"."SYS_DICT_ITEM" VALUES ('1250688201064992770', '1250687930947620866', '停止', '-1', NULL, '1', '1', 'admin', TO_DATE('2020-04-16 15:31:18', 'SYYYY-MM-DD HH24:MI:SS'), NULL, NULL);
INSERT INTO "KM"."SYS_DICT_ITEM" VALUES ('1280401815068295170', '1280401766745718786', '正常', '1', NULL, '1', '1', 'admin', TO_DATE('2020-07-07 15:22:36', 'SYYYY-MM-DD HH24:MI:SS'), NULL, NULL);
INSERT INTO "KM"."SYS_DICT_ITEM" VALUES ('1280401847607705602', '1280401766745718786', '冻结', '0', NULL, '1', '1', 'admin', TO_DATE('2020-07-07 15:22:44', 'SYYYY-MM-DD HH24:MI:SS'), NULL, NULL);
INSERT INTO "KM"."SYS_DICT_ITEM" VALUES ('1305827309355302914', 'bd1b8bc28e65d6feefefb6f3c79f42fd', 'API', 'api', NULL, '3', '1', 'admin', TO_DATE('2020-09-15 19:14:26', 'SYYYY-MM-DD HH24:MI:SS'), 'admin', TO_DATE('2020-09-15 19:14:41', 'SYYYY-MM-DD HH24:MI:SS'));
INSERT INTO "KM"."SYS_DICT_ITEM" VALUES ('1334440962954936321', '1209733563293962241', 'MYSQL5.7', '4', NULL, '1', '1', 'admin', TO_DATE('2020-12-03 18:16:02', 'SYYYY-MM-DD HH24:MI:SS'), 'admin', TO_DATE('2020-12-03 18:16:02', 'SYYYY-MM-DD HH24:MI:SS'));
INSERT INTO "KM"."SYS_DICT_ITEM" VALUES ('1356445705549975553', '1356445645198135298', '是', 'Y', NULL, '1', '1', 'admin', TO_DATE('2021-02-02 11:33:52', 'SYYYY-MM-DD HH24:MI:SS'), NULL, NULL);
INSERT INTO "KM"."SYS_DICT_ITEM" VALUES ('1356445754212290561', '1356445645198135298', '否', 'N', NULL, '1', '1', 'admin', TO_DATE('2021-02-02 11:34:04', 'SYYYY-MM-DD HH24:MI:SS'), NULL, NULL);
INSERT INTO "KM"."SYS_DICT_ITEM" VALUES ('1415510117652013057', '1415509679443714049', '空间规划', '1', NULL, '1', '1', 'admin', TO_DATE('2021-07-14 22:14:46', 'SYYYY-MM-DD HH24:MI:SS'), 'ceshi', TO_DATE('2021-11-29 14:13:39', 'SYYYY-MM-DD HH24:MI:SS'));
INSERT INTO "KM"."SYS_DICT_ITEM" VALUES ('1415512755764371457', '1415509679443714049', '信息化', '2', NULL, '2', '1', 'admin', TO_DATE('2021-07-14 22:25:15', 'SYYYY-MM-DD HH24:MI:SS'), 'ceshi', TO_DATE('2021-11-29 14:13:45', 'SYYYY-MM-DD HH24:MI:SS'));
INSERT INTO "KM"."SYS_DICT_ITEM" VALUES ('1415512840657084418', '1415509679443714049', '土地调查', '3', NULL, '3', '1', 'admin', TO_DATE('2021-07-14 22:25:35', 'SYYYY-MM-DD HH24:MI:SS'), 'ceshi', TO_DATE('2021-11-29 14:13:49', 'SYYYY-MM-DD HH24:MI:SS'));
INSERT INTO "KM"."SYS_DICT_ITEM" VALUES ('1415512908009218049', '1415509679443714049', '评估评价', '4', NULL, '4', '1', 'admin', TO_DATE('2021-07-14 22:25:51', 'SYYYY-MM-DD HH24:MI:SS'), 'ceshi', TO_DATE('2021-11-29 14:13:53', 'SYYYY-MM-DD HH24:MI:SS'));
INSERT INTO "KM"."SYS_DICT_ITEM" VALUES ('1415512988313362433', '1415509679443714049', '政策研究', '5', NULL, '5', '1', 'admin', TO_DATE('2021-07-14 22:26:10', 'SYYYY-MM-DD HH24:MI:SS'), 'ceshi', TO_DATE('2021-11-29 14:13:58', 'SYYYY-MM-DD HH24:MI:SS'));
INSERT INTO "KM"."SYS_DICT_ITEM" VALUES ('1415513052456853505', '1415509679443714049', '海域海岛', '6', NULL, '6', '1', 'admin', TO_DATE('2021-07-14 22:26:25', 'SYYYY-MM-DD HH24:MI:SS'), 'ceshi', TO_DATE('2021-11-29 14:14:03', 'SYYYY-MM-DD HH24:MI:SS'));
INSERT INTO "KM"."SYS_DICT_ITEM" VALUES ('1415513104826933249', '1415509679443714049', '用途管制', '7', NULL, '7', '1', 'admin', TO_DATE('2021-07-14 22:26:38', 'SYYYY-MM-DD HH24:MI:SS'), 'ceshi', TO_DATE('2021-11-29 14:14:07', 'SYYYY-MM-DD HH24:MI:SS'));
INSERT INTO "KM"."SYS_DICT_ITEM" VALUES ('1415518346117292034', '1415509679443714049', '耕地保护', '8', NULL, '8', '1', 'admin', TO_DATE('2021-07-14 22:47:27', 'SYYYY-MM-DD HH24:MI:SS'), 'ceshi', TO_DATE('2021-11-29 14:14:13', 'SYYYY-MM-DD HH24:MI:SS'));
INSERT INTO "KM"."SYS_DICT_ITEM" VALUES ('1415518423493812226', '1415509679443714049', '生态修复', '9', NULL, '9', '1', 'admin', TO_DATE('2021-07-14 22:47:46', 'SYYYY-MM-DD HH24:MI:SS'), 'ceshi', TO_DATE('2021-11-29 14:14:19', 'SYYYY-MM-DD HH24:MI:SS'));
INSERT INTO "KM"."SYS_DICT_ITEM" VALUES ('1415518535649501185', '1415509679443714049', '调查监测', '10', NULL, '10', '1', 'admin', TO_DATE('2021-07-14 22:48:13', 'SYYYY-MM-DD HH24:MI:SS'), 'ceshi', TO_DATE('2021-11-29 14:14:24', 'SYYYY-MM-DD HH24:MI:SS'));
INSERT INTO "KM"."SYS_DICT_ITEM" VALUES ('1415518651982716929', '1415509679443714049', '确权登记', '11', NULL, '11', '1', 'admin', TO_DATE('2021-07-14 22:48:40', 'SYYYY-MM-DD HH24:MI:SS'), 'ceshi', TO_DATE('2021-11-29 14:14:31', 'SYYYY-MM-DD HH24:MI:SS'));
INSERT INTO "KM"."SYS_DICT_ITEM" VALUES ('1415518739014524929', '1415509679443714049', '资源权益', '12', NULL, '12', '1', 'admin', TO_DATE('2021-07-14 22:49:01', 'SYYYY-MM-DD HH24:MI:SS'), 'ceshi', TO_DATE('2021-11-29 14:14:35', 'SYYYY-MM-DD HH24:MI:SS'));
INSERT INTO "KM"."SYS_DICT_ITEM" VALUES ('1415518841401679874', '1415509679443714049', '开发利用', '13', NULL, '13', '1', 'admin', TO_DATE('2021-07-14 22:49:26', 'SYYYY-MM-DD HH24:MI:SS'), 'ceshi', TO_DATE('2021-11-29 14:14:40', 'SYYYY-MM-DD HH24:MI:SS'));
INSERT INTO "KM"."SYS_DICT_ITEM" VALUES ('1415518946661933057', '1415509679443714049', '国土测绘', '14', NULL, '14', '1', 'admin', TO_DATE('2021-07-14 22:49:51', 'SYYYY-MM-DD HH24:MI:SS'), 'ceshi', TO_DATE('2021-11-29 14:14:43', 'SYYYY-MM-DD HH24:MI:SS'));
INSERT INTO "KM"."SYS_DICT_ITEM" VALUES ('1415519089138245634', '1415509679443714049', '勘查防灾', '15', NULL, '15', '1', 'admin', TO_DATE('2021-07-14 22:50:25', 'SYYYY-MM-DD HH24:MI:SS'), 'ceshi', TO_DATE('2021-11-29 14:14:48', 'SYYYY-MM-DD HH24:MI:SS'));
INSERT INTO "KM"."SYS_DICT_ITEM" VALUES ('1415519256226734082', '1415509679443714049', '矿产管理', '16', NULL, '16', '1', 'admin', TO_DATE('2021-07-14 22:51:04', 'SYYYY-MM-DD HH24:MI:SS'), 'ceshi', TO_DATE('2021-11-29 14:14:52', 'SYYYY-MM-DD HH24:MI:SS'));
INSERT INTO "KM"."SYS_DICT_ITEM" VALUES ('1415519311788679170', '1415509679443714049', '古驿道', '17', NULL, '17', '1', 'admin', TO_DATE('2021-07-14 22:51:18', 'SYYYY-MM-DD HH24:MI:SS'), 'ceshi', TO_DATE('2021-11-29 14:14:57', 'SYYYY-MM-DD HH24:MI:SS'));
INSERT INTO "KM"."SYS_DICT_ITEM" VALUES ('1415519414536544257', '1415509679443714049', '农田踏勘', '18', NULL, '18', '1', 'admin', TO_DATE('2021-07-14 22:51:42', 'SYYYY-MM-DD HH24:MI:SS'), 'ceshi', TO_DATE('2021-11-29 14:15:01', 'SYYYY-MM-DD HH24:MI:SS'));
INSERT INTO "KM"."SYS_DICT_ITEM" VALUES ('1415519478847807490', '1415509679443714049', '其他', '19', NULL, '19', '1', 'admin', TO_DATE('2021-07-14 22:51:57', 'SYYYY-MM-DD HH24:MI:SS'), 'ceshi', TO_DATE('2021-11-29 14:15:05', 'SYYYY-MM-DD HH24:MI:SS'));
INSERT INTO "KM"."SYS_DICT_ITEM" VALUES ('1415572705485586434', '1415572544998932482', '中央国务院全国人大', '1', NULL, '1', '1', 'admin', TO_DATE('2021-07-15 02:23:28', 'SYYYY-MM-DD HH24:MI:SS'), 'ceshi', TO_DATE('2021-10-15 16:44:35', 'SYYYY-MM-DD HH24:MI:SS'));
INSERT INTO "KM"."SYS_DICT_ITEM" VALUES ('1415572764965011458', '1415572544998932482', '自然资源部', '2', NULL, '1', '1', 'admin', TO_DATE('2021-07-15 02:23:42', 'SYYYY-MM-DD HH24:MI:SS'), NULL, NULL);
INSERT INTO "KM"."SYS_DICT_ITEM" VALUES ('1415572821936242690', '1415572544998932482', '其他部委', '3', NULL, '1', '1', 'admin', TO_DATE('2021-07-15 02:23:55', 'SYYYY-MM-DD HH24:MI:SS'), NULL, NULL);
INSERT INTO "KM"."SYS_DICT_ITEM" VALUES ('1415572891293253634', '1415572544998932482', '省委省府省人大', '4', NULL, '1', '1', 'admin', TO_DATE('2021-07-15 02:24:12', 'SYYYY-MM-DD HH24:MI:SS'), 'ceshi', TO_DATE('2021-10-15 16:44:49', 'SYYYY-MM-DD HH24:MI:SS'));
INSERT INTO "KM"."SYS_DICT_ITEM" VALUES ('1415572979956645890', '1415572544998932482', '省自然资源厅', '5', NULL, '1', '1', 'admin', TO_DATE('2021-07-15 02:24:33', 'SYYYY-MM-DD HH24:MI:SS'), NULL, NULL);
INSERT INTO "KM"."SYS_DICT_ITEM" VALUES ('1415573174215835649', '1415572544998932482', '其他省直单位', '6', NULL, '1', '1', 'admin', TO_DATE('2021-07-15 02:25:19', 'SYYYY-MM-DD HH24:MI:SS'), NULL, NULL);
INSERT INTO "KM"."SYS_DICT_ITEM" VALUES ('1415573266092064770', '1415572544998932482', '省土地调查规划院', '7', NULL, '1', '1', 'admin', TO_DATE('2021-07-15 02:25:41', 'SYYYY-MM-DD HH24:MI:SS'), NULL, NULL);
INSERT INTO "KM"."SYS_DICT_ITEM" VALUES ('1415573399961665538', '1415572544998932482', '省内其他单位', '8', NULL, '1', '1', 'admin', TO_DATE('2021-07-15 02:26:13', 'SYYYY-MM-DD HH24:MI:SS'), NULL, NULL);
INSERT INTO "KM"."SYS_DICT_ITEM" VALUES ('1415573454684749826', '1415572544998932482', '外省单位', '9', NULL, '1', '1', 'admin', TO_DATE('2021-07-15 02:26:26', 'SYYYY-MM-DD HH24:MI:SS'), NULL, NULL);
INSERT INTO "KM"."SYS_DICT_ITEM" VALUES ('1415573499555414018', '1415572544998932482', '境外', '10', NULL, '1', '1', 'admin', TO_DATE('2021-07-15 02:26:37', 'SYYYY-MM-DD HH24:MI:SS'), NULL, NULL);
INSERT INTO "KM"."SYS_DICT_ITEM" VALUES ('1415573567788351489', '1415572544998932482', '媒体', '11', NULL, '1', '1', 'admin', TO_DATE('2021-07-15 02:26:53', 'SYYYY-MM-DD HH24:MI:SS'), NULL, NULL);
INSERT INTO "KM"."SYS_DICT_ITEM" VALUES ('1415573676152389634', '1415572544998932482', '个人', '12', NULL, '1', '1', 'admin', TO_DATE('2021-07-15 02:27:19', 'SYYYY-MM-DD HH24:MI:SS'), NULL, NULL);
INSERT INTO "KM"."SYS_DICT_ITEM" VALUES ('1415574342098812929', '1415574243599777794', '法律规章', '1', NULL, '1', '1', 'admin', TO_DATE('2021-07-15 02:29:58', 'SYYYY-MM-DD HH24:MI:SS'), 'ceshi', TO_DATE('2021-11-19 17:43:51', 'SYYYY-MM-DD HH24:MI:SS'));
INSERT INTO "KM"."SYS_DICT_ITEM" VALUES ('1415574391214112769', '1415574243599777794', '政府文件', '2', NULL, '1', '1', 'admin', TO_DATE('2021-07-15 02:30:10', 'SYYYY-MM-DD HH24:MI:SS'), 'ceshi', TO_DATE('2021-11-19 17:43:55', 'SYYYY-MM-DD HH24:MI:SS'));
INSERT INTO "KM"."SYS_DICT_ITEM" VALUES ('1415574432960020481', '1415574243599777794', '规划文本', '3', NULL, '1', '1', 'admin', TO_DATE('2021-07-15 02:30:20', 'SYYYY-MM-DD HH24:MI:SS'), 'ceshi', TO_DATE('2021-11-19 17:43:59', 'SYYYY-MM-DD HH24:MI:SS'));
INSERT INTO "KM"."SYS_DICT_ITEM" VALUES ('1415574502241533954', '1415574243599777794', '标准规范', '4', NULL, '1', '1', 'admin', TO_DATE('2021-07-15 02:30:36', 'SYYYY-MM-DD HH24:MI:SS'), 'ceshi', TO_DATE('2021-11-19 17:44:02', 'SYYYY-MM-DD HH24:MI:SS'));
INSERT INTO "KM"."SYS_DICT_ITEM" VALUES ('1415574564849909762', '1415574243599777794', '交流参考', '5', NULL, '1', '1', 'admin', TO_DATE('2021-07-15 02:30:51', 'SYYYY-MM-DD HH24:MI:SS'), 'ceshi', TO_DATE('2021-11-19 17:44:06', 'SYYYY-MM-DD HH24:MI:SS'));
INSERT INTO "KM"."SYS_DICT_ITEM" VALUES ('1415574697549299713', '1415574243599777794', '媒体报道', '7', NULL, '1', '1', 'admin', TO_DATE('2021-07-15 02:31:23', 'SYYYY-MM-DD HH24:MI:SS'), 'ceshi', TO_DATE('2021-11-19 17:44:09', 'SYYYY-MM-DD HH24:MI:SS'));
INSERT INTO "KM"."SYS_DICT_ITEM" VALUES ('1415575114165321729', '1415575033756319746', '最终稿', '1', NULL, '1', '1', 'admin', TO_DATE('2021-07-15 02:33:02', 'SYYYY-MM-DD HH24:MI:SS'), NULL, NULL);
INSERT INTO "KM"."SYS_DICT_ITEM" VALUES ('1415575176530427906', '1415575033756319746', '过程稿', '2', NULL, '1', '1', 'admin', TO_DATE('2021-07-15 02:33:17', 'SYYYY-MM-DD HH24:MI:SS'), 'ceshi', TO_DATE('2021-10-26 17:26:24', 'SYYYY-MM-DD HH24:MI:SS'));
INSERT INTO "KM"."SYS_DICT_ITEM" VALUES ('1418496971277398018', '1418495479619317761', '入库失败', '-1', NULL, '1', '1', 'admin', TO_DATE('2021-07-23 04:03:27', 'SYYYY-MM-DD HH24:MI:SS'), NULL, NULL);
INSERT INTO "KM"."SYS_DICT_ITEM" VALUES ('1418497014818467842', '1418495479619317761', '等待入库', '0', NULL, '1', '1', 'admin', TO_DATE('2021-07-23 04:03:37', 'SYYYY-MM-DD HH24:MI:SS'), NULL, NULL);
INSERT INTO "KM"."SYS_DICT_ITEM" VALUES ('1418497058619584514', '1418495479619317761', '已入库', '1', NULL, '1', '1', 'admin', TO_DATE('2021-07-23 04:03:48', 'SYYYY-MM-DD HH24:MI:SS'), NULL, NULL);
INSERT INTO "KM"."SYS_DICT_ITEM" VALUES ('1418497118333890561', '1418495479619317761', '不需要入库', '2', NULL, '1', '1', 'admin', TO_DATE('2021-07-23 04:04:02', 'SYYYY-MM-DD HH24:MI:SS'), NULL, NULL);
INSERT INTO "KM"."SYS_DICT_ITEM" VALUES ('1420563600144347137', '1420563456950808577', '上传', '0', '上传', '0', '1', 'admin', TO_DATE('2021-07-29 09:55:30', 'SYYYY-MM-DD HH24:MI:SS'), 'admin', TO_DATE('2021-07-29 09:55:57', 'SYYYY-MM-DD HH24:MI:SS'));
INSERT INTO "KM"."SYS_DICT_ITEM" VALUES ('1420563682348511233', '1420563456950808577', '审核通过', '1', '审核通过', '1', '1', 'admin', TO_DATE('2021-07-29 09:55:49', 'SYYYY-MM-DD HH24:MI:SS'), NULL, NULL);
INSERT INTO "KM"."SYS_DICT_ITEM" VALUES ('1420563785893294082', '1420563456950808577', '审核拒绝', '2', '审核拒绝', '2', '1', 'admin', TO_DATE('2021-07-29 09:56:14', 'SYYYY-MM-DD HH24:MI:SS'), NULL, NULL);
INSERT INTO "KM"."SYS_DICT_ITEM" VALUES ('1420563852746305538', '1420563456950808577', '修改预览文档', '3', '修改预览文档', '3', '1', 'admin', TO_DATE('2021-07-29 09:56:30', 'SYYYY-MM-DD HH24:MI:SS'), NULL, NULL);
INSERT INTO "KM"."SYS_DICT_ITEM" VALUES ('1420563930554839041', '1420563456950808577', '下载', '4', '下载', '4', '1', 'admin', TO_DATE('2021-07-29 09:56:49', 'SYYYY-MM-DD HH24:MI:SS'), NULL, NULL);
INSERT INTO "KM"."SYS_DICT_ITEM" VALUES ('1420564005536411650', '1420563456950808577', '预览', '5', '预览', '5', '1', 'admin', TO_DATE('2021-07-29 09:57:06', 'SYYYY-MM-DD HH24:MI:SS'), NULL, NULL);
INSERT INTO "KM"."SYS_DICT_ITEM" VALUES ('1435461449668542466', '1435461054779015169', '草稿', '0', NULL, '1', '1', 'admin', TO_DATE('2021-09-08 12:34:14', 'SYYYY-MM-DD HH24:MI:SS'), NULL, NULL);
INSERT INTO "KM"."SYS_DICT_ITEM" VALUES ('1435461470677811202', '1435461054779015169', '待审核', '1', NULL, '1', '1', 'admin', TO_DATE('2021-09-08 12:34:19', 'SYYYY-MM-DD HH24:MI:SS'), 'admin', TO_DATE('2021-09-08 12:35:03', 'SYYYY-MM-DD HH24:MI:SS'));
INSERT INTO "KM"."SYS_DICT_ITEM" VALUES ('1435461526139092994', '1435461054779015169', '审核通过', '2', NULL, '1', '1', 'admin', TO_DATE('2021-09-08 12:34:32', 'SYYYY-MM-DD HH24:MI:SS'), NULL, NULL);
INSERT INTO "KM"."SYS_DICT_ITEM" VALUES ('1435461599442944002', '1435461054779015169', '审核驳回', '3', NULL, '1', '1', 'admin', TO_DATE('2021-09-08 12:34:50', 'SYYYY-MM-DD HH24:MI:SS'), NULL, NULL);
INSERT INTO "KM"."SYS_DICT_ITEM" VALUES ('1435764110502576129', '1435763999777144834', '分类', '1', NULL, '1', '1', 'admin', TO_DATE('2021-09-09 08:36:54', 'SYYYY-MM-DD HH24:MI:SS'), NULL, NULL);
INSERT INTO "KM"."SYS_DICT_ITEM" VALUES ('1435764144711319554', '1435763999777144834', '来源', '2', NULL, '1', '1', 'admin', TO_DATE('2021-09-09 08:37:02', 'SYYYY-MM-DD HH24:MI:SS'), NULL, NULL);
INSERT INTO "KM"."SYS_DICT_ITEM" VALUES ('1435764190253072385', '1435763999777144834', '审核状态', '3', NULL, '1', '1', 'admin', TO_DATE('2021-09-09 08:37:13', 'SYYYY-MM-DD HH24:MI:SS'), NULL, NULL);
INSERT INTO "KM"."SYS_DICT_ITEM" VALUES ('1435764240131735554', '1435763999777144834', '涉及业务', '4', NULL, '1', '1', 'admin', TO_DATE('2021-09-09 08:37:25', 'SYYYY-MM-DD HH24:MI:SS'), NULL, NULL);
INSERT INTO "KM"."SYS_DICT_ITEM" VALUES ('1435764293730746370', '1435763999777144834', '版本状态', '5', NULL, '1', '1', 'admin', TO_DATE('2021-09-09 08:37:37', 'SYYYY-MM-DD HH24:MI:SS'), NULL, NULL);
INSERT INTO "KM"."SYS_DICT_ITEM" VALUES ('1446749165269880833', '1446749054125019137', '公开', '0', NULL, '1', '1', 'admin', TO_DATE('2021-10-09 16:07:35', 'SYYYY-MM-DD HH24:MI:SS'), NULL, NULL);
INSERT INTO "KM"."SYS_DICT_ITEM" VALUES ('1446749218503987201', '1446749054125019137', '不公开', '1', NULL, '1', '1', 'admin', TO_DATE('2021-10-09 16:07:48', 'SYYYY-MM-DD HH24:MI:SS'), NULL, NULL);
INSERT INTO "KM"."SYS_DICT_ITEM" VALUES ('1448189485705916417', '1448189415518433282', '2021年', '2021', NULL, '2021', '1', NULL, TO_DATE('2021-10-13 15:30:54', 'SYYYY-MM-DD HH24:MI:SS'), NULL, TO_DATE('2021-10-13 15:31:47', 'SYYYY-MM-DD HH24:MI:SS'));
INSERT INTO "KM"."SYS_DICT_ITEM" VALUES ('1448189539787272194', '1448189415518433282', '2022年', '2022', NULL, '2022', '1', NULL, TO_DATE('2021-10-13 15:31:07', 'SYYYY-MM-DD HH24:MI:SS'), NULL, TO_DATE('2021-10-13 15:31:59', 'SYYYY-MM-DD HH24:MI:SS'));
INSERT INTO "KM"."SYS_DICT_ITEM" VALUES ('1448189588860628993', '1448189415518433282', '2020年', '2020', NULL, '2020', '1', NULL, TO_DATE('2021-10-13 15:31:19', 'SYYYY-MM-DD HH24:MI:SS'), NULL, TO_DATE('2021-10-13 15:31:54', 'SYYYY-MM-DD HH24:MI:SS'));
INSERT INTO "KM"."SYS_DICT_ITEM" VALUES ('1448199169691152386', '1448189415518433282', '2019年', '2019', NULL, '2019', '1', NULL, TO_DATE('2021-10-13 16:09:23', 'SYYYY-MM-DD HH24:MI:SS'), NULL, NULL);
INSERT INTO "KM"."SYS_DICT_ITEM" VALUES ('1448199236258951170', '1448189415518433282', '2018年', '2018', NULL, '2018', '1', NULL, TO_DATE('2021-10-13 16:09:39', 'SYYYY-MM-DD HH24:MI:SS'), NULL, NULL);
INSERT INTO "KM"."SYS_DICT_ITEM" VALUES ('1448199306417074178', '1448189415518433282', '2023年', '2023', NULL, '2023', '1', NULL, TO_DATE('2021-10-13 16:09:56', 'SYYYY-MM-DD HH24:MI:SS'), NULL, NULL);
INSERT INTO "KM"."SYS_DICT_ITEM" VALUES ('1448199379939028994', '1448189415518433282', '2024年', '2024', NULL, '2024', '1', NULL, TO_DATE('2021-10-13 16:10:13', 'SYYYY-MM-DD HH24:MI:SS'), NULL, NULL);
INSERT INTO "KM"."SYS_DICT_ITEM" VALUES ('1448199445483417601', '1448189415518433282', '2025年', '2025', NULL, '2025', '1', NULL, TO_DATE('2021-10-13 16:10:29', 'SYYYY-MM-DD HH24:MI:SS'), NULL, NULL);
INSERT INTO "KM"."SYS_DICT_ITEM" VALUES ('1448199700622929921', '1448189415518433282', '2017年', '2017', NULL, '2017', '1', NULL, TO_DATE('2021-10-13 16:11:30', 'SYYYY-MM-DD HH24:MI:SS'), NULL, NULL);
INSERT INTO "KM"."SYS_DICT_ITEM" VALUES ('1448199760270127105', '1448189415518433282', '2016年', '2016', NULL, '2016', '1', NULL, TO_DATE('2021-10-13 16:11:44', 'SYYYY-MM-DD HH24:MI:SS'), NULL, NULL);
INSERT INTO "KM"."SYS_DICT_ITEM" VALUES ('1448199814963851265', '1448189415518433282', '2015年', '2015', NULL, '2015', '1', NULL, TO_DATE('2021-10-13 16:11:57', 'SYYYY-MM-DD HH24:MI:SS'), NULL, NULL);
INSERT INTO "KM"."SYS_DICT_ITEM" VALUES ('1448199899512631298', '1448189415518433282', '2026年', '2026', NULL, '2026', '1', NULL, TO_DATE('2021-10-13 16:12:17', 'SYYYY-MM-DD HH24:MI:SS'), NULL, NULL);
INSERT INTO "KM"."SYS_DICT_ITEM" VALUES ('1448199976788488193', '1448189415518433282', '2027年', '2027', NULL, '2027', '1', NULL, TO_DATE('2021-10-13 16:12:35', 'SYYYY-MM-DD HH24:MI:SS'), NULL, NULL);
INSERT INTO "KM"."SYS_DICT_ITEM" VALUES ('1448200037769474050', '1448189415518433282', '2028年', '2028', NULL, '2028', '1', NULL, TO_DATE('2021-10-13 16:12:50', 'SYYYY-MM-DD HH24:MI:SS'), NULL, NULL);
INSERT INTO "KM"."SYS_DICT_ITEM" VALUES ('1448200113774456834', '1448189415518433282', '2029年', '2029', NULL, '2029', '1', NULL, TO_DATE('2021-10-13 16:13:08', 'SYYYY-MM-DD HH24:MI:SS'), NULL, NULL);
INSERT INTO "KM"."SYS_DICT_ITEM" VALUES ('147c48ff4b51545032a9119d13f3222a', 'd6e1152968b02d69ff358c75b48a6ee1', '测试流程', 'test', NULL, '1', '1', 'admin', TO_DATE('2019-03-22 19:27:05', 'SYYYY-MM-DD HH24:MI:SS'), NULL, NULL);
INSERT INTO "KM"."SYS_DICT_ITEM" VALUES ('1543fe7e5e26fb97cdafe4981bedc0c8', '4c03fca6bf1f0299c381213961566349', '单排布局', 'single', NULL, '2', '1', 'admin', TO_DATE('2022-07-12 17:43:39', 'SYYYY-MM-DD HH24:MI:SS'), 'admin', TO_DATE('2019-04-12 17:43:57', 'SYYYY-MM-DD HH24:MI:SS'));
INSERT INTO "KM"."SYS_DICT_ITEM" VALUES ('1ce390c52453891f93514c1bd2795d44', 'ad7c65ba97c20a6805d5dcdf13cdaf36', '000', '00', NULL, '1', '1', 'admin', TO_DATE('2019-03-22 16:34:34', 'SYYYY-MM-DD HH24:MI:SS'), NULL, NULL);
INSERT INTO "KM"."SYS_DICT_ITEM" VALUES ('1db531bcff19649fa82a644c8a939dc4', '4c03fca6bf1f0299c381213961566349', '组合布局', 'combination', NULL, '4', '1', 'admin', TO_DATE('2019-05-11 16:07:08', 'SYYYY-MM-DD HH24:MI:SS'), NULL, NULL);
INSERT INTO "KM"."SYS_DICT_ITEM" VALUES ('222705e11ef0264d4214affff1fb4ff9', '4f69be5f507accea8d5df5f11346181a', '短信', '1', NULL, '1', '1', 'admin', TO_DATE('2023-02-28 10:50:36', 'SYYYY-MM-DD HH24:MI:SS'), 'admin', TO_DATE('2019-04-28 10:58:11', 'SYYYY-MM-DD HH24:MI:SS'));
INSERT INTO "KM"."SYS_DICT_ITEM" VALUES ('23a5bb76004ed0e39414e928c4cde155', '4e4602b3e3686f0911384e188dc7efb4', '不等于', '!=', '不等于', '3', '1', 'admin', TO_DATE('2019-04-01 16:46:15', 'SYYYY-MM-DD HH24:MI:SS'), 'admin', TO_DATE('2019-04-01 17:48:40', 'SYYYY-MM-DD HH24:MI:SS'));
INSERT INTO "KM"."SYS_DICT_ITEM" VALUES ('25847e9cb661a7c711f9998452dc09e6', '4e4602b3e3686f0911384e188dc7efb4', '小于等于', '<=', '小于等于', '6', '1', 'admin', TO_DATE('2019-04-01 16:44:34', 'SYYYY-MM-DD HH24:MI:SS'), 'admin', TO_DATE('2019-04-01 17:49:10', 'SYYYY-MM-DD HH24:MI:SS'));
INSERT INTO "KM"."SYS_DICT_ITEM" VALUES ('2d51376643f220afdeb6d216a8ac2c01', '68168534ff5065a152bfab275c2136f8', '有效', '1', '有效', '2', '1', 'admin', TO_DATE('2019-04-26 19:22:01', 'SYYYY-MM-DD HH24:MI:SS'), NULL, NULL);
INSERT INTO "KM"."SYS_DICT_ITEM" VALUES ('308c8aadf0c37ecdde188b97ca9833f5', '8dfe32e2d29ea9430a988b3b558bf233', '已发布', '1', '已发布', '2', '1', 'admin', TO_DATE('2019-04-16 17:41:24', 'SYYYY-MM-DD HH24:MI:SS'), NULL, NULL);
INSERT INTO "KM"."SYS_DICT_ITEM" VALUES ('333e6b2196e01ef9a5f76d74e86a6e33', '8dfe32e2d29ea9430a988b3b558bf233', '未发布', '0', '未发布', '1', '1', 'admin', TO_DATE('2019-04-16 17:41:12', 'SYYYY-MM-DD HH24:MI:SS'), NULL, NULL);
INSERT INTO "KM"."SYS_DICT_ITEM" VALUES ('337ea1e401bda7233f6258c284ce4f50', 'bd1b8bc28e65d6feefefb6f3c79f42fd', 'JSON', 'json', NULL, '1', '1', 'admin', TO_DATE('2019-04-12 17:26:33', 'SYYYY-MM-DD HH24:MI:SS'), NULL, NULL);
INSERT INTO "KM"."SYS_DICT_ITEM" VALUES ('33bc9d9f753cf7dc40e70461e50fdc54', 'a9d9942bd0eccb6e89de92d130ec4c4a', '发送失败', '2', NULL, '3', '1', 'admin', TO_DATE('2019-04-12 18:20:02', 'SYYYY-MM-DD HH24:MI:SS'), NULL, NULL);
INSERT INTO "KM"."SYS_DICT_ITEM" VALUES ('3fbc03d6c994ae06d083751248037c0e', '78bda155fe380b1b3f175f1e88c284c6', '已完成', '3', '已完成', '3', '1', 'admin', TO_DATE('2019-05-09 16:33:25', 'SYYYY-MM-DD HH24:MI:SS'), NULL, NULL);
INSERT INTO "KM"."SYS_DICT_ITEM" VALUES ('41d7aaa40c9b61756ffb1f28da5ead8e', '0b5d19e1fce4b2e6647e6b4a17760c14', '通知公告', '1', NULL, '1', '1', 'admin', TO_DATE('2019-04-22 18:01:57', 'SYYYY-MM-DD HH24:MI:SS'), NULL, NULL);
INSERT INTO "KM"."SYS_DICT_ITEM" VALUES ('41fa1e9571505d643aea87aeb83d4d76', '4e4602b3e3686f0911384e188dc7efb4', '等于', '=', '等于', '4', '1', 'admin', TO_DATE('2019-04-01 16:45:24', 'SYYYY-MM-DD HH24:MI:SS'), 'admin', TO_DATE('2019-04-01 17:49:00', 'SYYYY-MM-DD HH24:MI:SS'));
INSERT INTO "KM"."SYS_DICT_ITEM" VALUES ('43d2295b8610adce9510ff196a49c6e9', '845da5006c97754728bf48b6a10f79cc', '正常', '1', NULL, NULL, '1', 'admin', TO_DATE('2019-03-18 21:45:51', 'SYYYY-MM-DD HH24:MI:SS'), NULL, NULL);
INSERT INTO "KM"."SYS_DICT_ITEM" VALUES ('4f05fb5376f4c61502c5105f52e4dd2b', '83bfb33147013cc81640d5fd9eda030c', '操作日志', '2', NULL, NULL, '1', 'admin', TO_DATE('2019-03-18 23:22:49', 'SYYYY-MM-DD HH24:MI:SS'), NULL, NULL);
INSERT INTO "KM"."SYS_DICT_ITEM" VALUES ('50223341bfb5ba30bf6319789d8d17fe', 'd6e1152968b02d69ff358c75b48a6ee1', '业务办理', 'business', NULL, '3', '1', 'admin', TO_DATE('2023-04-22 19:28:05', 'SYYYY-MM-DD HH24:MI:SS'), 'admin', TO_DATE('2019-03-22 23:24:39', 'SYYYY-MM-DD HH24:MI:SS'));
INSERT INTO "KM"."SYS_DICT_ITEM" VALUES ('51222413e5906cdaf160bb5c86fb827c', 'a7adbcd86c37f7dbc9b66945c82ef9e6', '是', '1', NULL, '1', '1', 'admin', TO_DATE('2019-05-22 19:29:45', 'SYYYY-MM-DD HH24:MI:SS'), NULL, NULL);
INSERT INTO "KM"."SYS_DICT_ITEM" VALUES ('538fca35afe004972c5f3947c039e766', '2e02df51611a4b9632828ab7e5338f00', '显示', '1', '显示', '1', '1', 'admin', TO_DATE('2025-03-26 18:27:13', 'SYYYY-MM-DD HH24:MI:SS'), 'admin', TO_DATE('2019-04-26 18:39:07', 'SYYYY-MM-DD HH24:MI:SS'));
INSERT INTO "KM"."SYS_DICT_ITEM" VALUES ('5584c21993bde231bbde2b966f2633ac', '4e4602b3e3686f0911384e188dc7efb4', '自定义SQL表达式', 'USE_SQL_RULES', '自定义SQL表达式', '9', '1', 'admin', TO_DATE('2019-04-01 10:45:24', 'SYYYY-MM-DD HH24:MI:SS'), 'admin', TO_DATE('2019-04-01 17:49:27', 'SYYYY-MM-DD HH24:MI:SS'));
INSERT INTO "KM"."SYS_DICT_ITEM" VALUES ('58b73b344305c99b9d8db0fc056bbc0a', '72cce0989df68887546746d8f09811aa', '主表', '2', NULL, '2', '1', 'admin', TO_DATE('2019-03-27 10:13:36', 'SYYYY-MM-DD HH24:MI:SS'), NULL, NULL);
INSERT INTO "KM"."SYS_DICT_ITEM" VALUES ('5b65a88f076b32e8e69d19bbaadb52d5', '2f0320997ade5dd147c90130f7218c3e', '全体用户', 'ALL', NULL, NULL, '1', 'admin', TO_DATE('2020-10-17 21:22:43', 'SYYYY-MM-DD HH24:MI:SS'), 'admin', TO_DATE('2019-03-28 22:17:09', 'SYYYY-MM-DD HH24:MI:SS'));
INSERT INTO "KM"."SYS_DICT_ITEM" VALUES ('5d833f69296f691843ccdd0c91212b6b', '880a895c98afeca9d9ac39f29e67c13e', '修改', '3', NULL, '3', '1', 'admin', TO_DATE('2019-07-22 10:55:07', 'SYYYY-MM-DD HH24:MI:SS'), 'admin', TO_DATE('2019-07-22 10:55:41', 'SYYYY-MM-DD HH24:MI:SS'));
INSERT INTO "KM"."SYS_DICT_ITEM" VALUES ('5d84a8634c8fdfe96275385075b105c9', '3d9a351be3436fbefb1307d4cfb49bf2', '女', '2', NULL, '2', '1', NULL, TO_DATE('2019-01-04 14:56:56', 'SYYYY-MM-DD HH24:MI:SS'), NULL, TO_DATE('2019-01-04 17:38:12', 'SYYYY-MM-DD HH24:MI:SS'));
INSERT INTO "KM"."SYS_DICT_ITEM" VALUES ('66c952ae2c3701a993e7db58f3baf55e', '4e4602b3e3686f0911384e188dc7efb4', '大于', '>', '大于', '1', '1', 'admin', TO_DATE('2019-04-01 10:45:46', 'SYYYY-MM-DD HH24:MI:SS'), 'admin', TO_DATE('2019-04-01 17:48:29', 'SYYYY-MM-DD HH24:MI:SS'));
INSERT INTO "KM"."SYS_DICT_ITEM" VALUES ('6937c5dde8f92e9a00d4e2ded9198694', 'ad7c65ba97c20a6805d5dcdf13cdaf36', 'easyui', '3', NULL, '1', '1', 'admin', TO_DATE('2019-03-22 16:32:15', 'SYYYY-MM-DD HH24:MI:SS'), NULL, NULL);
INSERT INTO "KM"."SYS_DICT_ITEM" VALUES ('69cacf64e244100289ddd4aa9fa3b915', 'a9d9942bd0eccb6e89de92d130ec4c4a', '未发送', '0', NULL, '1', '1', 'admin', TO_DATE('2019-04-12 18:19:23', 'SYYYY-MM-DD HH24:MI:SS'), NULL, NULL);
INSERT INTO "KM"."SYS_DICT_ITEM" VALUES ('6a7a9e1403a7943aba69e54ebeff9762', '4f69be5f507accea8d5df5f11346181a', '邮件', '2', NULL, '2', '1', 'admin', TO_DATE('2031-02-28 10:50:44', 'SYYYY-MM-DD HH24:MI:SS'), 'admin', TO_DATE('2019-04-28 10:59:03', 'SYYYY-MM-DD HH24:MI:SS'));
INSERT INTO "KM"."SYS_DICT_ITEM" VALUES ('6c682d78ddf1715baf79a1d52d2aa8c2', '72cce0989df68887546746d8f09811aa', '单表', '1', NULL, '1', '1', 'admin', TO_DATE('2019-03-27 10:13:29', 'SYYYY-MM-DD HH24:MI:SS'), NULL, NULL);
INSERT INTO "KM"."SYS_DICT_ITEM" VALUES ('6d404fd2d82311fbc87722cd302a28bc', '4e4602b3e3686f0911384e188dc7efb4', '模糊', 'LIKE', '模糊', '7', '1', 'admin', TO_DATE('2019-04-01 16:46:02', 'SYYYY-MM-DD HH24:MI:SS'), 'admin', TO_DATE('2019-04-01 17:49:20', 'SYYYY-MM-DD HH24:MI:SS'));
INSERT INTO "KM"."SYS_DICT_ITEM" VALUES ('6d4e26e78e1a09699182e08516c49fc4', '4d7fec1a7799a436d26d02325eff295e', '高', 'H', '高', '1', '1', 'admin', TO_DATE('2019-04-16 17:04:24', 'SYYYY-MM-DD HH24:MI:SS'), NULL, NULL);
INSERT INTO "KM"."SYS_DICT_ITEM" VALUES ('700e9f030654f3f90e9ba76ab0713551', '6b78e3f59faec1a4750acff08030a79b', '333', '333', NULL, NULL, '1', 'admin', TO_DATE('2019-02-21 19:59:47', 'SYYYY-MM-DD HH24:MI:SS'), NULL, NULL);
INSERT INTO "KM"."SYS_DICT_ITEM" VALUES ('7050c1522702bac3be40e3b7d2e1dfd8', 'c5a14c75172783d72cbee6ee7f5df5d1', '柱状图', 'bar', NULL, '1', '1', 'admin', TO_DATE('2019-04-12 17:05:17', 'SYYYY-MM-DD HH24:MI:SS'), NULL, NULL);
INSERT INTO "KM"."SYS_DICT_ITEM" VALUES ('71b924faa93805c5c1579f12e001c809', 'd6e1152968b02d69ff358c75b48a6ee1', 'OA办公', 'oa', NULL, '2', '1', 'admin', TO_DATE('2021-03-22 19:27:17', 'SYYYY-MM-DD HH24:MI:SS'), 'admin', TO_DATE('2019-03-22 23:24:36', 'SYYYY-MM-DD HH24:MI:SS'));
INSERT INTO "KM"."SYS_DICT_ITEM" VALUES ('75b260d7db45a39fc7f21badeabdb0ed', 'c36169beb12de8a71c8683ee7c28a503', '不启用', '0', NULL, NULL, '1', 'admin', TO_DATE('2019-03-18 23:29:41', 'SYYYY-MM-DD HH24:MI:SS'), 'admin', TO_DATE('2019-03-18 23:29:54', 'SYYYY-MM-DD HH24:MI:SS'));
INSERT INTO "KM"."SYS_DICT_ITEM" VALUES ('7688469db4a3eba61e6e35578dc7c2e5', 'c36169beb12de8a71c8683ee7c28a503', '启用', '1', NULL, NULL, '1', 'admin', TO_DATE('2019-03-18 23:29:28', 'SYYYY-MM-DD HH24:MI:SS'), NULL, NULL);
INSERT INTO "KM"."SYS_DICT_ITEM" VALUES ('78ea6cadac457967a4b1c4eb7aaa418c', 'fc6cd58fde2e8481db10d3a1e68ce70c', '正常', '1', NULL, NULL, '1', 'admin', TO_DATE('2019-03-18 23:30:28', 'SYYYY-MM-DD HH24:MI:SS'), NULL, NULL);
INSERT INTO "KM"."SYS_DICT_ITEM" VALUES ('7ccf7b80c70ee002eceb3116854b75cb', 'ac2f7c0c5c5775fcea7e2387bcb22f01', '按钮权限', '2', NULL, NULL, '1', 'admin', TO_DATE('2019-03-18 23:25:40', 'SYYYY-MM-DD HH24:MI:SS'), NULL, NULL);
INSERT INTO "KM"."SYS_DICT_ITEM" VALUES ('81fb2bb0e838dc68b43f96cc309f8257', 'fc6cd58fde2e8481db10d3a1e68ce70c', '冻结', '2', NULL, NULL, '1', 'admin', TO_DATE('2019-03-18 23:30:37', 'SYYYY-MM-DD HH24:MI:SS'), NULL, NULL);
INSERT INTO "KM"."SYS_DICT_ITEM" VALUES ('83250269359855501ec4e9c0b7e21596', '4274efc2292239b6f000b153f50823ff', '可见/可访问(授权后可见/可访问)', '1', NULL, '1', '1', 'admin', TO_DATE('2019-05-10 17:54:51', 'SYYYY-MM-DD HH24:MI:SS'), NULL, NULL);
INSERT INTO "KM"."SYS_DICT_ITEM" VALUES ('84778d7e928bc843ad4756db1322301f', '4e4602b3e3686f0911384e188dc7efb4', '大于等于', '>=', '大于等于', '5', '1', 'admin', TO_DATE('2019-04-01 10:46:02', 'SYYYY-MM-DD HH24:MI:SS'), 'admin', TO_DATE('2019-04-01 17:49:05', 'SYYYY-MM-DD HH24:MI:SS'));
INSERT INTO "KM"."SYS_DICT_ITEM" VALUES ('848d4da35ebd93782029c57b103e5b36', 'c5a14c75172783d72cbee6ee7f5df5d1', '饼图', 'pie', NULL, '3', '1', 'admin', TO_DATE('2019-04-12 17:05:49', 'SYYYY-MM-DD HH24:MI:SS'), NULL, NULL);
INSERT INTO "KM"."SYS_DICT_ITEM" VALUES ('84dfc178dd61b95a72900fcdd624c471', '78bda155fe380b1b3f175f1e88c284c6', '处理中', '2', '处理中', '2', '1', 'admin', TO_DATE('2019-05-09 16:33:01', 'SYYYY-MM-DD HH24:MI:SS'), NULL, NULL);
INSERT INTO "KM"."SYS_DICT_ITEM" VALUES ('86f19c7e0a73a0bae451021ac05b99dd', 'ac2f7c0c5c5775fcea7e2387bcb22f01', '子菜单', '1', NULL, NULL, '1', 'admin', TO_DATE('2019-03-18 23:25:27', 'SYYYY-MM-DD HH24:MI:SS'), NULL, NULL);
INSERT INTO "KM"."SYS_DICT_ITEM" VALUES ('8bccb963e1cd9e8d42482c54cc609ca2', '4f69be5f507accea8d5df5f11346181a', '微信', '3', NULL, '3', '1', 'admin', TO_DATE('2021-05-11 14:29:12', 'SYYYY-MM-DD HH24:MI:SS'), 'admin', TO_DATE('2019-04-11 14:29:31', 'SYYYY-MM-DD HH24:MI:SS'));
INSERT INTO "KM"."SYS_DICT_ITEM" VALUES ('8c618902365ca681ebbbe1e28f11a548', '4c753b5293304e7a445fd2741b46529d', '启用', '1', NULL, '0', '1', 'admin', TO_DATE('2020-07-18 23:19:27', 'SYYYY-MM-DD HH24:MI:SS'), 'admin', TO_DATE('2019-05-17 14:51:18', 'SYYYY-MM-DD HH24:MI:SS'));
INSERT INTO "KM"."SYS_DICT_ITEM" VALUES ('8cdf08045056671efd10677b8456c999', '4274efc2292239b6f000b153f50823ff', '可编辑(未授权时禁用)', '2', NULL, '2', '1', 'admin', TO_DATE('2019-05-10 17:55:38', 'SYYYY-MM-DD HH24:MI:SS'), NULL, NULL);
INSERT INTO "KM"."SYS_DICT_ITEM" VALUES ('8ff48e657a7c5090d4f2a59b37d1b878', '4d7fec1a7799a436d26d02325eff295e', '中', 'M', '中', '2', '1', 'admin', TO_DATE('2019-04-16 17:04:40', 'SYYYY-MM-DD HH24:MI:SS'), NULL, NULL);
INSERT INTO "KM"."SYS_DICT_ITEM" VALUES ('948923658baa330319e59b2213cda97c', '880a895c98afeca9d9ac39f29e67c13e', '添加', '2', NULL, '2', '1', 'admin', TO_DATE('2019-07-22 10:54:59', 'SYYYY-MM-DD HH24:MI:SS'), 'admin', TO_DATE('2019-07-22 10:55:36', 'SYYYY-MM-DD HH24:MI:SS'));
INSERT INTO "KM"."SYS_DICT_ITEM" VALUES ('9a96c4a4e4c5c9b4e4d0cbf6eb3243cc', '4c753b5293304e7a445fd2741b46529d', '不启用', '0', NULL, '1', '1', 'admin', TO_DATE('2019-03-18 23:19:53', 'SYYYY-MM-DD HH24:MI:SS'), NULL, NULL);
INSERT INTO "KM"."SYS_DICT_ITEM" VALUES ('a1e7d1ca507cff4a480c8caba7c1339e', '880a895c98afeca9d9ac39f29e67c13e', '导出', '6', NULL, '6', '1', 'admin', TO_DATE('2019-07-22 12:06:50', 'SYYYY-MM-DD HH24:MI:SS'), NULL, NULL);
INSERT INTO "KM"."SYS_DICT_ITEM" VALUES ('a2be752dd4ec980afaec1efd1fb589af', '8dfe32e2d29ea9430a988b3b558bf233', '已撤销', '2', '已撤销', '3', '1', 'admin', TO_DATE('2019-04-16 17:41:39', 'SYYYY-MM-DD HH24:MI:SS'), NULL, NULL);
INSERT INTO "KM"."SYS_DICT_ITEM" VALUES ('aa0d8a8042a18715a17f0a888d360aa4', 'ac2f7c0c5c5775fcea7e2387bcb22f01', '一级菜单', '0', NULL, NULL, '1', 'admin', TO_DATE('2019-03-18 23:24:52', 'SYYYY-MM-DD HH24:MI:SS'), NULL, NULL);
INSERT INTO "KM"."SYS_DICT_ITEM" VALUES ('adcf2a1fe93bb99a84833043f475fe0b', '4e4602b3e3686f0911384e188dc7efb4', '包含', 'IN', '包含', '8', '1', 'admin', TO_DATE('2019-04-01 16:45:47', 'SYYYY-MM-DD HH24:MI:SS'), 'admin', TO_DATE('2019-04-01 17:49:24', 'SYYYY-MM-DD HH24:MI:SS'));
INSERT INTO "KM"."SYS_DICT_ITEM" VALUES ('b029a41a851465332ee4ee69dcf0a4c2', '0b5d19e1fce4b2e6647e6b4a17760c14', '系统消息', '2', NULL, '1', '1', 'admin', TO_DATE('2019-02-22 18:02:08', 'SYYYY-MM-DD HH24:MI:SS'), 'admin', TO_DATE('2019-04-22 18:02:13', 'SYYYY-MM-DD HH24:MI:SS'));
INSERT INTO "KM"."SYS_DICT_ITEM" VALUES ('b2a8b4bb2c8e66c2c4b1bb086337f393', '3486f32803bb953e7155dab3513dc68b', '正常', '0', NULL, NULL, '1', 'admin', TO_DATE('2022-10-18 21:46:48', 'SYYYY-MM-DD HH24:MI:SS'), 'admin', TO_DATE('2019-03-28 22:22:20', 'SYYYY-MM-DD HH24:MI:SS'));
INSERT INTO "KM"."SYS_DICT_ITEM" VALUES ('b57f98b88363188daf38d42f25991956', '6b78e3f59faec1a4750acff08030a79b', '22', '222', NULL, NULL, '0', 'admin', TO_DATE('2019-02-21 19:59:43', 'SYYYY-MM-DD HH24:MI:SS'), 'admin', TO_DATE('2019-03-11 21:23:27', 'SYYYY-MM-DD HH24:MI:SS'));
INSERT INTO "KM"."SYS_DICT_ITEM" VALUES ('b5f3bd5f66bb9a83fecd89228c0d93d1', '68168534ff5065a152bfab275c2136f8', '无效', '0', '无效', '1', '1', 'admin', TO_DATE('2019-04-26 19:21:49', 'SYYYY-MM-DD HH24:MI:SS'), NULL, NULL);
INSERT INTO "KM"."SYS_DICT_ITEM" VALUES ('b9fbe2a3602d4a27b45c100ac5328484', '78bda155fe380b1b3f175f1e88c284c6', '待提交', '1', '待提交', '1', '1', 'admin', TO_DATE('2019-05-09 16:32:35', 'SYYYY-MM-DD HH24:MI:SS'), NULL, NULL);
INSERT INTO "KM"."SYS_DICT_ITEM" VALUES ('ba27737829c6e0e582e334832703d75e', '236e8a4baff0db8c62c00dd95632834f', '同步', '1', '同步', '1', '1', 'admin', TO_DATE('2019-05-15 15:28:15', 'SYYYY-MM-DD HH24:MI:SS'), NULL, NULL);
INSERT INTO "KM"."SYS_DICT_ITEM" VALUES ('bcec04526b04307e24a005d6dcd27fd6', '880a895c98afeca9d9ac39f29e67c13e', '导入', '5', NULL, '5', '1', 'admin', TO_DATE('2019-07-22 12:06:41', 'SYYYY-MM-DD HH24:MI:SS'), NULL, NULL);

-- ----------------------------
-- Table structure for SYS_FILL_RULE
-- ----------------------------
DROP TABLE "KM"."SYS_FILL_RULE";
CREATE TABLE "KM"."SYS_FILL_RULE" (
  "ID" NVARCHAR2(32) NOT NULL ,
  "RULE_NAME" NVARCHAR2(100) ,
  "RULE_CODE" NVARCHAR2(100) ,
  "RULE_CLASS" NVARCHAR2(100) ,
  "RULE_PARAMS" NVARCHAR2(200) ,
  "UPDATE_BY" NVARCHAR2(32) ,
  "UPDATE_TIME" DATE ,
  "CREATE_BY" NVARCHAR2(32) ,
  "CREATE_TIME" DATE 
)
TABLESPACE "KM_TEST"
LOGGING
NOCOMPRESS
PCTFREE 10
INITRANS 1
STORAGE (
  INITIAL 65536 
  NEXT 1048576 
  MINEXTENTS 1
  MAXEXTENTS 2147483645
  BUFFER_POOL DEFAULT
)
PARALLEL 1
NOCACHE
DISABLE ROW MOVEMENT
;
COMMENT ON COLUMN "KM"."SYS_FILL_RULE"."ID" IS '主键ID';
COMMENT ON COLUMN "KM"."SYS_FILL_RULE"."RULE_NAME" IS '规则名称';
COMMENT ON COLUMN "KM"."SYS_FILL_RULE"."RULE_CODE" IS '规则Code';
COMMENT ON COLUMN "KM"."SYS_FILL_RULE"."RULE_CLASS" IS '规则实现类';
COMMENT ON COLUMN "KM"."SYS_FILL_RULE"."RULE_PARAMS" IS '规则参数';
COMMENT ON COLUMN "KM"."SYS_FILL_RULE"."UPDATE_BY" IS '修改人';
COMMENT ON COLUMN "KM"."SYS_FILL_RULE"."UPDATE_TIME" IS '修改时间';
COMMENT ON COLUMN "KM"."SYS_FILL_RULE"."CREATE_BY" IS '创建人';
COMMENT ON COLUMN "KM"."SYS_FILL_RULE"."CREATE_TIME" IS '创建时间';

-- ----------------------------
-- Records of "SYS_FILL_RULE"
-- ----------------------------
INSERT INTO "KM"."SYS_FILL_RULE" VALUES ('1202551334738382850', '机构编码生成', 'org_num_role', 'org.jeecg.modules.system.rule.OrgCodeRule', '{"parentId":"c6d7cb4deeac411cb3384b1b31278596"}', 'admin', TO_DATE('2019-12-09 10:37:06', 'SYYYY-MM-DD HH24:MI:SS'), 'admin', TO_DATE('2019-12-05 19:32:35', 'SYYYY-MM-DD HH24:MI:SS'));
INSERT INTO "KM"."SYS_FILL_RULE" VALUES ('1202787623203065858', '分类字典编码生成', 'category_code_rule', 'org.jeecg.modules.system.rule.CategoryCodeRule', '{"pid":""}', 'admin', TO_DATE('2019-12-09 10:36:54', 'SYYYY-MM-DD HH24:MI:SS'), 'admin', TO_DATE('2019-12-06 11:11:31', 'SYYYY-MM-DD HH24:MI:SS'));
INSERT INTO "KM"."SYS_FILL_RULE" VALUES ('1260134137920090113', '订单流水号', 'shop_order_num', 'org.jeecg.modules.online.cgform.rule.OrderNumberRule', '{}', 'admin', TO_DATE('2020-12-07 18:29:50', 'SYYYY-MM-DD HH24:MI:SS'), 'admin', TO_DATE('2020-05-12 17:06:05', 'SYYYY-MM-DD HH24:MI:SS'));

-- ----------------------------
-- Table structure for SYS_GATEWAY_ROUTE
-- ----------------------------
DROP TABLE "KM"."SYS_GATEWAY_ROUTE";
CREATE TABLE "KM"."SYS_GATEWAY_ROUTE" (
  "ID" NVARCHAR2(36) NOT NULL ,
  "ROUTER_ID" NVARCHAR2(50) ,
  "NAME" NVARCHAR2(32) ,
  "URI" NVARCHAR2(32) ,
  "PREDICATES" NCLOB ,
  "FILTERS" NCLOB ,
  "RETRYABLE" NUMBER(11) ,
  "STRIP_PREFIX" NUMBER(11) ,
  "PERSISTABLE" NUMBER(11) ,
  "SHOW_API" NUMBER(11) ,
  "STATUS" NUMBER(11) ,
  "CREATE_BY" NVARCHAR2(50) ,
  "CREATE_TIME" DATE ,
  "UPDATE_BY" NVARCHAR2(50) ,
  "UPDATE_TIME" DATE ,
  "SYS_ORG_CODE" NVARCHAR2(64) 
)
TABLESPACE "KM_TEST"
LOGGING
NOCOMPRESS
PCTFREE 10
INITRANS 1
STORAGE (
  INITIAL 65536 
  NEXT 1048576 
  MINEXTENTS 1
  MAXEXTENTS 2147483645
  BUFFER_POOL DEFAULT
)
PARALLEL 1
NOCACHE
DISABLE ROW MOVEMENT
;
COMMENT ON COLUMN "KM"."SYS_GATEWAY_ROUTE"."ROUTER_ID" IS '路由ID';
COMMENT ON COLUMN "KM"."SYS_GATEWAY_ROUTE"."NAME" IS '服务名';
COMMENT ON COLUMN "KM"."SYS_GATEWAY_ROUTE"."URI" IS '服务地址';
COMMENT ON COLUMN "KM"."SYS_GATEWAY_ROUTE"."PREDICATES" IS '断言';
COMMENT ON COLUMN "KM"."SYS_GATEWAY_ROUTE"."FILTERS" IS '过滤器';
COMMENT ON COLUMN "KM"."SYS_GATEWAY_ROUTE"."RETRYABLE" IS '是否重试:0-否 1-是';
COMMENT ON COLUMN "KM"."SYS_GATEWAY_ROUTE"."STRIP_PREFIX" IS '是否忽略前缀0-否 1-是';
COMMENT ON COLUMN "KM"."SYS_GATEWAY_ROUTE"."PERSISTABLE" IS '是否为保留数据:0-否 1-是';
COMMENT ON COLUMN "KM"."SYS_GATEWAY_ROUTE"."SHOW_API" IS '是否在接口文档中展示:0-否 1-是';
COMMENT ON COLUMN "KM"."SYS_GATEWAY_ROUTE"."STATUS" IS '状态:0-无效 1-有效';
COMMENT ON COLUMN "KM"."SYS_GATEWAY_ROUTE"."CREATE_BY" IS '创建人';
COMMENT ON COLUMN "KM"."SYS_GATEWAY_ROUTE"."CREATE_TIME" IS '创建日期';
COMMENT ON COLUMN "KM"."SYS_GATEWAY_ROUTE"."UPDATE_BY" IS '更新人';
COMMENT ON COLUMN "KM"."SYS_GATEWAY_ROUTE"."UPDATE_TIME" IS '更新日期';
COMMENT ON COLUMN "KM"."SYS_GATEWAY_ROUTE"."SYS_ORG_CODE" IS '所属部门';

-- ----------------------------
-- Records of "SYS_GATEWAY_ROUTE"
-- ----------------------------
INSERT INTO "KM"."SYS_GATEWAY_ROUTE" VALUES ('1331051599401857026', 'jeecg-demo-websocket', 'jeecg-demo-websocket', 'lb:ws://jeecg-demo', '[{"args":["/vxeSocket/**"],"name":"Path"}]', '[]', NULL, NULL, NULL, NULL, '1', 'admin', TO_DATE('2020-11-24 09:46:46', 'SYYYY-MM-DD HH24:MI:SS'), NULL, NULL, NULL);
INSERT INTO "KM"."SYS_GATEWAY_ROUTE" VALUES ('jeecg-cloud-websocket', 'jeecg-system-websocket', 'jeecg-system-websocket', 'lb:ws://jeecg-system', '[{"args":["/websocket/**","/eoaSocket/**","/newsWebsocket/**"],"name":"Path"}]', '[]', NULL, NULL, NULL, NULL, '1', 'admin', TO_DATE('2020-11-16 19:41:51', 'SYYYY-MM-DD HH24:MI:SS'), NULL, NULL, NULL);
INSERT INTO "KM"."SYS_GATEWAY_ROUTE" VALUES ('jeecg-demo', 'jeecg-demo', 'jeecg-demo', 'lb://jeecg-demo', '[{"args":["/mock/**","/test/**","/bigscreen/template1/**","/bigscreen/template2/**"],"name":"Path"}]', '[]', NULL, NULL, NULL, NULL, '1', 'admin', TO_DATE('2020-11-16 19:41:51', 'SYYYY-MM-DD HH24:MI:SS'), NULL, NULL, NULL);
INSERT INTO "KM"."SYS_GATEWAY_ROUTE" VALUES ('jeecg-system', 'jeecg-system', 'jeecg-system', 'lb://jeecg-system', '[{"args":["/sys/**","/eoa/**","/joa/**","/online/**","/bigscreen/**","/jmreport/**","/desform/**","/process/**","/act/**","/plug-in/***/","/druid/**","/generic/**"],"name":"Path"}]', '[]', NULL, NULL, NULL, NULL, '1', 'admin', TO_DATE('2020-11-16 19:41:51', 'SYYYY-MM-DD HH24:MI:SS'), NULL, NULL, NULL);

-- ----------------------------
-- Table structure for SYS_LOG
-- ----------------------------
DROP TABLE "KM"."SYS_LOG";
CREATE TABLE "KM"."SYS_LOG" (
  "ID" NVARCHAR2(32) NOT NULL ,
  "LOG_TYPE" NUMBER(11) ,
  "LOG_CONTENT" NVARCHAR2(1000) ,
  "OPERATE_TYPE" NUMBER(11) ,
  "USERID" NVARCHAR2(32) ,
  "USERNAME" NVARCHAR2(100) ,
  "IP" NVARCHAR2(100) ,
  "METHOD" NVARCHAR2(500) ,
  "REQUEST_URL" NVARCHAR2(255) ,
  "REQUEST_PARAM" NCLOB ,
  "REQUEST_TYPE" NVARCHAR2(10) ,
  "COST_TIME" NUMBER(20) ,
  "CREATE_BY" NVARCHAR2(32) ,
  "CREATE_TIME" DATE ,
  "UPDATE_BY" NVARCHAR2(32) ,
  "UPDATE_TIME" DATE 
)
TABLESPACE "KM_TEST"
LOGGING
NOCOMPRESS
PCTFREE 10
INITRANS 1
STORAGE (
  INITIAL 65536 
  NEXT 1048576 
  MINEXTENTS 1
  MAXEXTENTS 2147483645
  BUFFER_POOL DEFAULT
)
PARALLEL 1
NOCACHE
DISABLE ROW MOVEMENT
;
COMMENT ON COLUMN "KM"."SYS_LOG"."LOG_TYPE" IS '日志类型（1登录日志，2操作日志）';
COMMENT ON COLUMN "KM"."SYS_LOG"."LOG_CONTENT" IS '日志内容';
COMMENT ON COLUMN "KM"."SYS_LOG"."OPERATE_TYPE" IS '操作类型';
COMMENT ON COLUMN "KM"."SYS_LOG"."USERID" IS '操作用户账号';
COMMENT ON COLUMN "KM"."SYS_LOG"."USERNAME" IS '操作用户名称';
COMMENT ON COLUMN "KM"."SYS_LOG"."IP" IS 'IP';
COMMENT ON COLUMN "KM"."SYS_LOG"."METHOD" IS '请求java方法';
COMMENT ON COLUMN "KM"."SYS_LOG"."REQUEST_URL" IS '请求路径';
COMMENT ON COLUMN "KM"."SYS_LOG"."REQUEST_PARAM" IS '请求参数';
COMMENT ON COLUMN "KM"."SYS_LOG"."REQUEST_TYPE" IS '请求类型';
COMMENT ON COLUMN "KM"."SYS_LOG"."COST_TIME" IS '耗时';
COMMENT ON COLUMN "KM"."SYS_LOG"."CREATE_BY" IS '创建人';
COMMENT ON COLUMN "KM"."SYS_LOG"."CREATE_TIME" IS '创建时间';
COMMENT ON COLUMN "KM"."SYS_LOG"."UPDATE_BY" IS '更新人';
COMMENT ON COLUMN "KM"."SYS_LOG"."UPDATE_TIME" IS '更新时间';
COMMENT ON TABLE "KM"."SYS_LOG" IS '系统日志表';
 
-- ----------------------------
-- Table structure for SYS_PERMISSION
-- ----------------------------
DROP TABLE "KM"."SYS_PERMISSION";
CREATE TABLE "KM"."SYS_PERMISSION" (
  "ID" NVARCHAR2(32) NOT NULL ,
  "PARENT_ID" NVARCHAR2(32) ,
  "NAME" NVARCHAR2(100) ,
  "URL" NVARCHAR2(255) ,
  "COMPONENT" NVARCHAR2(255) ,
  "COMPONENT_NAME" NVARCHAR2(100) ,
  "REDIRECT" NVARCHAR2(255) ,
  "MENU_TYPE" NUMBER(11) ,
  "PERMS" NVARCHAR2(255) ,
  "PERMS_TYPE" NVARCHAR2(10) ,
  "SORT_NO" NUMBER(8,2) ,
  "ALWAYS_SHOW" NUMBER(4) ,
  "ICON" NVARCHAR2(100) ,
  "IS_ROUTE" NUMBER(4) ,
  "IS_LEAF" NUMBER(4) ,
  "KEEP_ALIVE" NUMBER(4) ,
  "HIDDEN" NUMBER(11) ,
  "DESCRIPTION" NVARCHAR2(255) ,
  "CREATE_BY" NVARCHAR2(32) ,
  "CREATE_TIME" DATE ,
  "UPDATE_BY" NVARCHAR2(32) ,
  "UPDATE_TIME" DATE ,
  "DEL_FLAG" NUMBER(11) ,
  "RULE_FLAG" NUMBER(11) ,
  "STATUS" NVARCHAR2(2) ,
  "INTERNAL_OR_EXTERNAL" NUMBER(4) 
)
TABLESPACE "KM_TEST"
LOGGING
NOCOMPRESS
PCTFREE 10
INITRANS 1
STORAGE (
  INITIAL 65536 
  NEXT 1048576 
  MINEXTENTS 1
  MAXEXTENTS 2147483645
  BUFFER_POOL DEFAULT
)
PARALLEL 1
NOCACHE
DISABLE ROW MOVEMENT
;
COMMENT ON COLUMN "KM"."SYS_PERMISSION"."ID" IS '主键id';
COMMENT ON COLUMN "KM"."SYS_PERMISSION"."PARENT_ID" IS '父id';
COMMENT ON COLUMN "KM"."SYS_PERMISSION"."NAME" IS '菜单标题';
COMMENT ON COLUMN "KM"."SYS_PERMISSION"."URL" IS '路径';
COMMENT ON COLUMN "KM"."SYS_PERMISSION"."COMPONENT" IS '组件';
COMMENT ON COLUMN "KM"."SYS_PERMISSION"."COMPONENT_NAME" IS '组件名字';
COMMENT ON COLUMN "KM"."SYS_PERMISSION"."REDIRECT" IS '一级菜单跳转地址';
COMMENT ON COLUMN "KM"."SYS_PERMISSION"."MENU_TYPE" IS '菜单类型(0:一级菜单; 1:子菜单:2:按钮权限)';
COMMENT ON COLUMN "KM"."SYS_PERMISSION"."PERMS" IS '菜单权限编码';
COMMENT ON COLUMN "KM"."SYS_PERMISSION"."PERMS_TYPE" IS '权限策略1显示2禁用';
COMMENT ON COLUMN "KM"."SYS_PERMISSION"."SORT_NO" IS '菜单排序';
COMMENT ON COLUMN "KM"."SYS_PERMISSION"."ALWAYS_SHOW" IS '聚合子路由: 1是0否';
COMMENT ON COLUMN "KM"."SYS_PERMISSION"."ICON" IS '菜单图标';
COMMENT ON COLUMN "KM"."SYS_PERMISSION"."IS_ROUTE" IS '是否路由菜单: 0:不是  1:是（默认值1）';
COMMENT ON COLUMN "KM"."SYS_PERMISSION"."IS_LEAF" IS '是否叶子节点:    1:是   0:不是';
COMMENT ON COLUMN "KM"."SYS_PERMISSION"."KEEP_ALIVE" IS '是否缓存该页面:    1:是   0:不是';
COMMENT ON COLUMN "KM"."SYS_PERMISSION"."HIDDEN" IS '是否隐藏路由: 0否,1是';
COMMENT ON COLUMN "KM"."SYS_PERMISSION"."DESCRIPTION" IS '描述';
COMMENT ON COLUMN "KM"."SYS_PERMISSION"."CREATE_BY" IS '创建人';
COMMENT ON COLUMN "KM"."SYS_PERMISSION"."CREATE_TIME" IS '创建时间';
COMMENT ON COLUMN "KM"."SYS_PERMISSION"."UPDATE_BY" IS '更新人';
COMMENT ON COLUMN "KM"."SYS_PERMISSION"."UPDATE_TIME" IS '更新时间';
COMMENT ON COLUMN "KM"."SYS_PERMISSION"."DEL_FLAG" IS '删除状态 0正常 1已删除';
COMMENT ON COLUMN "KM"."SYS_PERMISSION"."RULE_FLAG" IS '是否添加数据权限1是0否';
COMMENT ON COLUMN "KM"."SYS_PERMISSION"."STATUS" IS '按钮权限状态(0无效1有效)';
COMMENT ON COLUMN "KM"."SYS_PERMISSION"."INTERNAL_OR_EXTERNAL" IS '外链菜单打开方式 0/内部打开 1/外部打开';
COMMENT ON TABLE "KM"."SYS_PERMISSION" IS '菜单权限表';

-- ----------------------------
-- Records of "SYS_PERMISSION"
-- ----------------------------
INSERT INTO "KM"."SYS_PERMISSION" VALUES ('9502685863ab87f0ad1134142788a385', NULL, '首页', '/km/search/defaultDocSearch', 'km/search/DefaultDocSearch', NULL, NULL, '0', NULL, NULL, '0', '0', 'home', '1', '1', '0', '0', NULL, NULL, TO_DATE('2018-12-25 20:34:38', 'SYYYY-MM-DD HH24:MI:SS'), 'admin', TO_DATE('2022-01-07 18:43:10', 'SYYYY-MM-DD HH24:MI:SS'), '0', '0', NULL, '0');
INSERT INTO "KM"."SYS_PERMISSION" VALUES ('97c8629abc7848eccdb6d77c24bb3ebb', '700b7f95165c46cc7a78bf227aa8fed3', '磁盘监控', '/monitor/Disk', 'modules/monitor/DiskMonitoring', NULL, NULL, '1', NULL, NULL, '6', '0', NULL, '1', '1', NULL, '0', NULL, 'admin', TO_DATE('2019-04-25 14:30:06', 'SYYYY-MM-DD HH24:MI:SS'), 'admin', TO_DATE('2019-05-05 14:37:14', 'SYYYY-MM-DD HH24:MI:SS'), '0', '0', NULL, NULL);
INSERT INTO "KM"."SYS_PERMISSION" VALUES ('9cb91b8851db0cf7b19d7ecc2a8193dd', '1939e035e803a99ceecb6f5563570fb2', '我的任务表单', '/modules/bpm/task/form/FormModule', 'modules/bpm/task/form/FormModule', NULL, NULL, '1', NULL, NULL, '1', '0', NULL, '1', '1', NULL, '0', NULL, 'admin', TO_DATE('2019-03-08 16:49:05', 'SYYYY-MM-DD HH24:MI:SS'), 'admin', TO_DATE('2019-03-08 18:37:56', 'SYYYY-MM-DD HH24:MI:SS'), '0', '0', NULL, NULL);
INSERT INTO "KM"."SYS_PERMISSION" VALUES ('b1cb0a3fedf7ed0e4653cb5a229837ee', '08e6b9dc3c04489c8e1ff2ce6f105aa4', '定时任务', '/isystem/QuartzJobList', 'system/QuartzJobList', NULL, NULL, '1', NULL, NULL, '1', '0', NULL, '1', '1', '0', '0', NULL, NULL, TO_DATE('2019-01-03 09:38:52', 'SYYYY-MM-DD HH24:MI:SS'), 'admin', TO_DATE('2020-09-09 14:48:16', 'SYYYY-MM-DD HH24:MI:SS'), '0', '0', NULL, '0');
INSERT INTO "KM"."SYS_PERMISSION" VALUES ('b6bcee2ccc854052d3cc3e9c96d90197', '71102b3b87fb07e5527bbd2c530dd90a', '加班申请', '/modules/extbpm/joa/JoaOvertimeList', 'modules/extbpm/joa/JoaOvertimeList', NULL, NULL, '1', NULL, NULL, '1', '0', NULL, '1', '1', NULL, '0', NULL, 'admin', TO_DATE('2019-04-03 15:33:10', 'SYYYY-MM-DD HH24:MI:SS'), 'admin', TO_DATE('2019-04-03 15:34:48', 'SYYYY-MM-DD HH24:MI:SS'), '0', '0', NULL, NULL);
INSERT INTO "KM"."SYS_PERMISSION" VALUES ('d07a2c87a451434c99ab06296727ec4f', '700b7f95165c46cc7a78bf227aa8fed3', 'JVM信息', '/monitor/JvmInfo', 'modules/monitor/JvmInfo', NULL, NULL, '1', NULL, NULL, '4', '0', NULL, '1', '1', NULL, '0', NULL, 'admin', TO_DATE('2019-04-01 23:07:48', 'SYYYY-MM-DD HH24:MI:SS'), 'admin', TO_DATE('2019-04-02 11:37:16', 'SYYYY-MM-DD HH24:MI:SS'), '0', '0', NULL, NULL);
INSERT INTO "KM"."SYS_PERMISSION" VALUES ('d7d6e2e4e2934f2c9385a623fd98c6f3', NULL, '管理', '/isystem', 'layouts/RouteView', NULL, NULL, '0', NULL, NULL, '7', '0', 'setting', '1', '0', '0', '0', NULL, NULL, TO_DATE('2018-12-25 20:34:38', 'SYYYY-MM-DD HH24:MI:SS'), 'admin', TO_DATE('2022-01-07 18:46:17', 'SYYYY-MM-DD HH24:MI:SS'), '0', '0', NULL, '0');
INSERT INTO "KM"."SYS_PERMISSION" VALUES ('e41b69c57a941a3bbcce45032fe57605', NULL, '在线开发', '/online', 'layouts/RouteView', NULL, NULL, '0', NULL, NULL, '6', '0', 'cloud', '1', '0', '0', '1', NULL, 'admin', TO_DATE('2019-03-08 10:43:10', 'SYYYY-MM-DD HH24:MI:SS'), 'test_lin', TO_DATE('2021-12-17 14:45:22', 'SYYYY-MM-DD HH24:MI:SS'), '0', '0', NULL, '0');
INSERT INTO "KM"."SYS_PERMISSION" VALUES ('024f1fd1283dc632458976463d8984e1', '700b7f95165c46cc7a78bf227aa8fed3', 'Tomcat信息', '/monitor/TomcatInfo', 'modules/monitor/TomcatInfo', NULL, NULL, '1', NULL, NULL, '4', '0', NULL, '1', '1', NULL, '0', NULL, 'admin', TO_DATE('2019-04-02 09:44:29', 'SYYYY-MM-DD HH24:MI:SS'), 'admin', TO_DATE('2019-05-07 15:19:10', 'SYYYY-MM-DD HH24:MI:SS'), '0', '0', NULL, NULL);
INSERT INTO "KM"."SYS_PERMISSION" VALUES ('08e6b9dc3c04489c8e1ff2ce6f105aa4', NULL, '系统监控', '/dashboard3', 'layouts/RouteView', NULL, NULL, '0', NULL, NULL, '6', '0', 'dashboard', '1', '0', '0', '1', NULL, NULL, TO_DATE('2018-12-25 20:34:38', 'SYYYY-MM-DD HH24:MI:SS'), 'ceshi', TO_DATE('2021-10-14 15:05:03', 'SYYYY-MM-DD HH24:MI:SS'), '0', '0', NULL, '0');
INSERT INTO "KM"."SYS_PERMISSION" VALUES ('109c78a583d4693ce2f16551b7786786', 'e41b69c57a941a3bbcce45032fe57605', 'Online报表配置', '/online/cgreport', 'modules/online/cgreport/OnlCgreportHeadList', NULL, NULL, '1', NULL, NULL, '2', '0', NULL, '1', '1', '0', '0', NULL, 'admin', TO_DATE('2019-03-08 10:51:07', 'SYYYY-MM-DD HH24:MI:SS'), 'test_lin', TO_DATE('2021-12-17 14:43:53', 'SYYYY-MM-DD HH24:MI:SS'), '0', '0', NULL, '0');
INSERT INTO "KM"."SYS_PERMISSION" VALUES ('1415139394194399233', NULL, '文件管理', '/km/filemanagement', 'layouts/RouteView', NULL, NULL, '0', NULL, '1', '1', '0', 'folder', '1', '0', '0', '0', NULL, 'admin', TO_DATE('2021-07-13 21:41:38', 'SYYYY-MM-DD HH24:MI:SS'), 'admin', TO_DATE('2021-07-14 01:40:06', 'SYYYY-MM-DD HH24:MI:SS'), '0', '0', '1', '0');
INSERT INTO "KM"."SYS_PERMISSION" VALUES ('1415145872468893697', '1415139394194399233', '草稿文件夹', '/km/filemanagement/draftslist', 'km/filemanagement/DraftsList', NULL, NULL, '1', NULL, '1', '1', '0', NULL, '1', '1', '0', '0', NULL, 'admin', TO_DATE('2021-07-13 22:07:23', 'SYYYY-MM-DD HH24:MI:SS'), 'admin', TO_DATE('2021-07-14 01:47:34', 'SYYYY-MM-DD HH24:MI:SS'), '0', '0', '1', '0');
INSERT INTO "KM"."SYS_PERMISSION" VALUES ('1415156984451063809', NULL, '配置管理', '/km/datasetting', 'layouts/RouteView', NULL, NULL, '0', NULL, '1', '2', '0', 'cluster', '1', '0', '0', '0', NULL, 'admin', TO_DATE('2021-07-13 22:51:32', 'SYYYY-MM-DD HH24:MI:SS'), 'admin', TO_DATE('2021-07-29 17:28:49', 'SYYYY-MM-DD HH24:MI:SS'), '0', '0', '1', '0');
INSERT INTO "KM"."SYS_PERMISSION" VALUES ('1415201088958537730', '1415139394194399233', '待审核文件', '/km/filemanagement/pendingreviewlist', 'km/filemanagement/PendingReviewList', NULL, NULL, '1', NULL, '1', '2', '0', NULL, '1', '1', '0', '0', NULL, 'admin', TO_DATE('2021-07-14 01:46:47', 'SYYYY-MM-DD HH24:MI:SS'), 'ceshi', TO_DATE('2021-10-14 15:17:42', 'SYYYY-MM-DD HH24:MI:SS'), '0', '1', '1', '0');
INSERT INTO "KM"."SYS_PERMISSION" VALUES ('1415206488843919361', '1415139394194399233', '已审核文件', '/km/filemanagement/auditedlist', 'km/filemanagement/AuditedList', NULL, NULL, '1', NULL, '1', '3', '0', NULL, '1', '1', '0', '0', NULL, 'admin', TO_DATE('2021-07-14 02:08:15', 'SYYYY-MM-DD HH24:MI:SS'), 'admin', TO_DATE('2021-10-09 20:20:35', 'SYYYY-MM-DD HH24:MI:SS'), '0', '1', '1', '0');
INSERT INTO "KM"."SYS_PERMISSION" VALUES ('1415216128377921537', '1415156984451063809', '知识专题定义', '/km/datasetting/projectdefinitionlist', 'km/datasetting/ProjectDefinitionList', NULL, NULL, '1', NULL, '1', NULL, '0', NULL, '1', '1', '0', '0', NULL, 'admin', TO_DATE('2021-07-14 02:46:33', 'SYYYY-MM-DD HH24:MI:SS'), NULL, NULL, '0', '0', '1', '0');
INSERT INTO "KM"."SYS_PERMISSION" VALUES ('1415277817119023106', '1415156984451063809', '文档属性定义', '/km/datasetting/dictlist', 'km/datasetting/DictList', NULL, NULL, '1', NULL, '1', NULL, '0', NULL, '1', '1', '0', '0', NULL, 'admin', TO_DATE('2021-07-14 06:51:41', 'SYYYY-MM-DD HH24:MI:SS'), 'admin', TO_DATE('2021-07-29 17:28:22', 'SYYYY-MM-DD HH24:MI:SS'), '0', '0', '1', '0');
INSERT INTO "KM"."SYS_PERMISSION" VALUES ('1419574496959193090', '1415156984451063809', '系统参数', '/km/datasetting/KmSysConfigList', 'km/datasetting/KmSysConfigList', NULL, NULL, '1', NULL, '1', '3', '0', NULL, '1', '1', '0', '0', NULL, 'admin', TO_DATE('2021-07-26 03:25:09', 'SYYYY-MM-DD HH24:MI:SS'), NULL, NULL, '0', '0', '1', '0');
INSERT INTO "KM"."SYS_PERMISSION" VALUES ('1420569168296886273', '1420569665158332418', '文档操作记录', '/online/cgreport/1420565897964433409', 'modules/online/cgreport/auto/OnlCgreportAutoList', NULL, NULL, '1', NULL, '1', '1', '0', NULL, '0', '1', '0', '0', NULL, 'admin', TO_DATE('2021-07-29 10:17:37', 'SYYYY-MM-DD HH24:MI:SS'), 'ceshi', TO_DATE('2021-10-14 23:30:58', 'SYYYY-MM-DD HH24:MI:SS'), '0', '0', '1', '0');
INSERT INTO "KM"."SYS_PERMISSION" VALUES ('1420569665158332418', NULL, '日志', '/layouts/RouteView', 'layouts/RouteView', NULL, NULL, '0', NULL, '1', '1.8', '0', 'diff', '1', '0', '0', '0', NULL, 'admin', TO_DATE('2021-07-29 10:19:36', 'SYYYY-MM-DD HH24:MI:SS'), 'admin', TO_DATE('2021-08-04 17:04:21', 'SYYYY-MM-DD HH24:MI:SS'), '0', '0', '1', '0');
INSERT INTO "KM"."SYS_PERMISSION" VALUES ('1422846497589129218', '1415139394194399233', '文件统计', '/km/filemanagement/FileStatisticsList', 'km/filemanagement/FileStatisticsList', NULL, NULL, '1', NULL, '1', '4', '0', NULL, '1', '1', '0', '0', NULL, 'admin', TO_DATE('2021-08-04 17:06:55', 'SYYYY-MM-DD HH24:MI:SS'), 'ceshi', TO_DATE('2021-10-14 18:01:35', 'SYYYY-MM-DD HH24:MI:SS'), '0', '0', '1', '0');
INSERT INTO "KM"."SYS_PERMISSION" VALUES ('190c2b43bec6a5f7a4194a85db67d96a', 'd7d6e2e4e2934f2c9385a623fd98c6f3', '角色管理', '/isystem/roleUserList', 'system/RoleUserList', NULL, NULL, '1', NULL, NULL, '1.2', '0', NULL, '1', '1', '0', '0', NULL, 'admin', TO_DATE('2019-04-17 15:13:56', 'SYYYY-MM-DD HH24:MI:SS'), 'admin', TO_DATE('2019-12-25 09:36:31', 'SYYYY-MM-DD HH24:MI:SS'), '0', '0', NULL, '0');
INSERT INTO "KM"."SYS_PERMISSION" VALUES ('3f915b2769fc80648e92d04e84ca059d', 'd7d6e2e4e2934f2c9385a623fd98c6f3', '用户管理', '/isystem/user', 'system/UserList', NULL, NULL, '1', NULL, NULL, '1.1', '0', NULL, '1', '1', '0', '0', NULL, NULL, TO_DATE('2018-12-25 20:34:38', 'SYYYY-MM-DD HH24:MI:SS'), 'admin', TO_DATE('2019-12-25 09:36:24', 'SYYYY-MM-DD HH24:MI:SS'), '0', '0', NULL, '0');
INSERT INTO "KM"."SYS_PERMISSION" VALUES ('45c966826eeff4c99b8f8ebfe74511fc', 'd7d6e2e4e2934f2c9385a623fd98c6f3', '部门管理', '/isystem/depart', 'system/DepartList', NULL, NULL, '1', NULL, NULL, '1.4', '0', NULL, '1', '1', '0', '0', NULL, 'admin', TO_DATE('2019-01-29 18:47:40', 'SYYYY-MM-DD HH24:MI:SS'), 'admin', TO_DATE('2019-12-25 09:36:47', 'SYYYY-MM-DD HH24:MI:SS'), '0', '0', NULL, '0');
INSERT INTO "KM"."SYS_PERMISSION" VALUES ('54dd5457a3190740005c1bfec55b1c34', 'd7d6e2e4e2934f2c9385a623fd98c6f3', '菜单管理', '/isystem/permission', 'system/PermissionList', NULL, NULL, '1', NULL, NULL, '1.3', '0', NULL, '1', '1', '0', '0', NULL, NULL, TO_DATE('2018-12-25 20:34:38', 'SYYYY-MM-DD HH24:MI:SS'), 'admin', TO_DATE('2019-12-25 09:36:39', 'SYYYY-MM-DD HH24:MI:SS'), '0', '0', NULL, '0');
INSERT INTO "KM"."SYS_PERMISSION" VALUES ('58857ff846e61794c69208e9d3a85466', '1420569665158332418', '系统日志', '/isystem/log', 'system/LogList', NULL, NULL, '1', NULL, NULL, '2', '0', NULL, '1', '1', '0', '0', NULL, NULL, TO_DATE('2018-12-26 10:11:18', 'SYYYY-MM-DD HH24:MI:SS'), 'admin', TO_DATE('2021-07-29 10:20:23', 'SYYYY-MM-DD HH24:MI:SS'), '0', '0', NULL, '0');
INSERT INTO "KM"."SYS_PERMISSION" VALUES ('700b7f95165c46cc7a78bf227aa8fed3', '08e6b9dc3c04489c8e1ff2ce6f105aa4', '性能监控', '/monitor', 'layouts/RouteView', NULL, NULL, '1', NULL, NULL, '3', '0', NULL, '1', '0', '0', '0', NULL, 'admin', TO_DATE('2019-04-02 11:34:34', 'SYYYY-MM-DD HH24:MI:SS'), 'admin', TO_DATE('2020-09-09 14:48:51', 'SYYYY-MM-DD HH24:MI:SS'), '0', '0', NULL, '0');
INSERT INTO "KM"."SYS_PERMISSION" VALUES ('841057b8a1bef8f6b4b20f9a618a7fa6', '08e6b9dc3c04489c8e1ff2ce6f105aa4', '数据日志', '/sys/dataLog-list', 'system/DataLogList', NULL, NULL, '1', NULL, NULL, '2.1', '0', NULL, '1', '1', '0', '0', NULL, 'admin', TO_DATE('2019-03-11 19:26:49', 'SYYYY-MM-DD HH24:MI:SS'), 'admin', TO_DATE('2020-09-09 14:48:32', 'SYYYY-MM-DD HH24:MI:SS'), '0', '0', NULL, '0');
INSERT INTO "KM"."SYS_PERMISSION" VALUES ('8b3bff2eee6f1939147f5c68292a1642', '700b7f95165c46cc7a78bf227aa8fed3', '服务器信息', '/monitor/SystemInfo', 'modules/monitor/SystemInfo', NULL, NULL, '1', NULL, NULL, '4', '0', NULL, '1', '1', NULL, '0', NULL, 'admin', TO_DATE('2019-04-02 11:39:19', 'SYYYY-MM-DD HH24:MI:SS'), 'admin', TO_DATE('2019-04-02 15:40:02', 'SYYYY-MM-DD HH24:MI:SS'), '0', '0', NULL, NULL);
INSERT INTO "KM"."SYS_PERMISSION" VALUES ('8d1ebd663688965f1fd86a2f0ead3416', '700b7f95165c46cc7a78bf227aa8fed3', 'Redis监控', '/monitor/redis/info', 'modules/monitor/RedisInfo', NULL, NULL, '1', NULL, NULL, '1', '0', NULL, '1', '1', NULL, '0', NULL, 'admin', TO_DATE('2019-04-02 13:11:33', 'SYYYY-MM-DD HH24:MI:SS'), 'admin', TO_DATE('2019-05-07 15:18:54', 'SYYYY-MM-DD HH24:MI:SS'), '0', '0', NULL, NULL);
INSERT INTO "KM"."SYS_PERMISSION" VALUES ('9fe26464838de2ea5e90f2367e35efa0', 'e41b69c57a941a3bbcce45032fe57605', 'AUTO在线报表', '/online/cgreport/:code', 'modules/online/cgreport/auto/OnlCgreportAutoList', 'onlineAutoList', NULL, '1', NULL, NULL, '9', '0', NULL, '1', '1', NULL, '1', NULL, 'admin', TO_DATE('2019-03-12 11:06:48', 'SYYYY-MM-DD HH24:MI:SS'), 'admin', TO_DATE('2019-04-30 18:19:10', 'SYYYY-MM-DD HH24:MI:SS'), '0', '0', NULL, NULL);
INSERT INTO "KM"."SYS_PERMISSION" VALUES ('1453933027082489858', '1415139394194399233', '收藏夹', '/km/filemanagement/KmDocFavouriteList', 'km/filemanagement/KmDocFavouriteList', NULL, NULL, '1', NULL, '1', '0', '0', NULL, '1', '1', '0', '0', NULL, 'ceshi', TO_DATE('2021-10-29 11:53:41', 'SYYYY-MM-DD HH24:MI:SS'), NULL, NULL, '0', NULL, '1', '0');
INSERT INTO "KM"."SYS_PERMISSION" VALUES ('fc810a2267dd183e4ef7c71cc60f4670', '700b7f95165c46cc7a78bf227aa8fed3', '请求追踪', '/monitor/HttpTrace', 'modules/monitor/HttpTrace', NULL, NULL, '1', NULL, NULL, '4', '0', NULL, '1', '1', NULL, '0', NULL, 'admin', TO_DATE('2019-04-02 09:46:19', 'SYYYY-MM-DD HH24:MI:SS'), 'admin', TO_DATE('2019-04-02 11:37:27', 'SYYYY-MM-DD HH24:MI:SS'), '0', '0', NULL, NULL);
INSERT INTO "KM"."SYS_PERMISSION" VALUES ('1479403666111758338', NULL, '首页搜素', '/km/search/docSearch', 'km/search/DocSearch', NULL, NULL, '0', NULL, '1', '0.1', '0', NULL, '1', '1', '0', '1', NULL, 'admin', TO_DATE('2022-01-07 18:44:54', 'SYYYY-MM-DD HH24:MI:SS'), 'admin', TO_DATE('2022-01-07 19:00:12', 'SYYYY-MM-DD HH24:MI:SS'), '0', NULL, '1', '0');
INSERT INTO "KM"."SYS_PERMISSION" VALUES ('1479403940150804481', NULL, '首页高级搜索', '/km/search/advancedSearch', 'km/search/AdvancedSearch', NULL, NULL, '0', NULL, '1', '0.2', '0', NULL, '1', '1', '0', '1', NULL, 'admin', TO_DATE('2022-01-07 18:45:59', 'SYYYY-MM-DD HH24:MI:SS'), 'admin', TO_DATE('2022-01-07 19:00:21', 'SYYYY-MM-DD HH24:MI:SS'), '0', NULL, '1', '0');
INSERT INTO "KM"."SYS_PERMISSION" VALUES ('1479406781603020802', NULL, '首页访问专题', '/km/search/recommendTopicList', 'km/search/RecommendTopicList', NULL, NULL, '0', NULL, '1', '0.3', '0', NULL, '1', '1', '0', '1', NULL, 'admin', TO_DATE('2022-01-07 18:57:17', 'SYYYY-MM-DD HH24:MI:SS'), 'admin', TO_DATE('2022-01-07 19:00:31', 'SYYYY-MM-DD HH24:MI:SS'), '0', NULL, '1', '0');
INSERT INTO "KM"."SYS_PERMISSION" VALUES ('1479409506814296065', '1479409341323837442', '批量下载', '/km/search/DoSearch', NULL, NULL, NULL, '2', 'searchList:batchDownload', '1', NULL, '0', NULL, '1', '1', '0', '0', NULL, 'admin', TO_DATE('2022-01-07 19:08:07', 'SYYYY-MM-DD HH24:MI:SS'), NULL, NULL, '0', NULL, '1', '0');
INSERT INTO "KM"."SYS_PERMISSION" VALUES ('1479409341323837442', '1415139394194399233', '文件下载权限', '/km/search/DoSearch', 'km/search/DoSearch', NULL, NULL, '1', NULL, '1', '9', '0', NULL, '1', '0', '0', '1', NULL, 'admin', TO_DATE('2022-01-07 19:07:27', 'SYYYY-MM-DD HH24:MI:SS'), 'admin', TO_DATE('2022-01-07 19:09:26', 'SYYYY-MM-DD HH24:MI:SS'), '0', NULL, '1', '0');

-- ----------------------------
-- Table structure for SYS_PERMISSION_DATA_RULE
-- ----------------------------
DROP TABLE "KM"."SYS_PERMISSION_DATA_RULE";
CREATE TABLE "KM"."SYS_PERMISSION_DATA_RULE" (
  "ID" NVARCHAR2(32) NOT NULL ,
  "PERMISSION_ID" NVARCHAR2(32) ,
  "RULE_NAME" NVARCHAR2(50) ,
  "RULE_COLUMN" NVARCHAR2(50) ,
  "RULE_CONDITIONS" NVARCHAR2(50) ,
  "RULE_VALUE" NVARCHAR2(300) ,
  "STATUS" NVARCHAR2(3) ,
  "CREATE_TIME" DATE ,
  "CREATE_BY" NVARCHAR2(32) ,
  "UPDATE_TIME" DATE ,
  "UPDATE_BY" NVARCHAR2(32) 
)
TABLESPACE "KM_TEST"
LOGGING
NOCOMPRESS
PCTFREE 10
INITRANS 1
STORAGE (
  INITIAL 65536 
  NEXT 1048576 
  MINEXTENTS 1
  MAXEXTENTS 2147483645
  BUFFER_POOL DEFAULT
)
PARALLEL 1
NOCACHE
DISABLE ROW MOVEMENT
;
COMMENT ON COLUMN "KM"."SYS_PERMISSION_DATA_RULE"."ID" IS 'ID';
COMMENT ON COLUMN "KM"."SYS_PERMISSION_DATA_RULE"."PERMISSION_ID" IS '菜单ID';
COMMENT ON COLUMN "KM"."SYS_PERMISSION_DATA_RULE"."RULE_NAME" IS '规则名称';
COMMENT ON COLUMN "KM"."SYS_PERMISSION_DATA_RULE"."RULE_COLUMN" IS '字段';
COMMENT ON COLUMN "KM"."SYS_PERMISSION_DATA_RULE"."RULE_CONDITIONS" IS '条件';
COMMENT ON COLUMN "KM"."SYS_PERMISSION_DATA_RULE"."RULE_VALUE" IS '规则值';
COMMENT ON COLUMN "KM"."SYS_PERMISSION_DATA_RULE"."STATUS" IS '权限有效状态1有0否';
COMMENT ON COLUMN "KM"."SYS_PERMISSION_DATA_RULE"."CREATE_TIME" IS '创建时间';
COMMENT ON COLUMN "KM"."SYS_PERMISSION_DATA_RULE"."UPDATE_TIME" IS '修改时间';
COMMENT ON COLUMN "KM"."SYS_PERMISSION_DATA_RULE"."UPDATE_BY" IS '修改人';

-- ----------------------------
-- Records of "SYS_PERMISSION_DATA_RULE"
-- ----------------------------
INSERT INTO "KM"."SYS_PERMISSION_DATA_RULE" VALUES ('1446812832576593922', '1415206488843919361', '看归属部门数据', 'orgCode', 'USE_SQL_RULES', '(org_code like ''#{sys_org_code}%'' or org_code like ''A02%'')', '1', TO_DATE('2021-10-09 20:20:34', 'SYYYY-MM-DD HH24:MI:SS'), 'admin', TO_DATE('2021-10-09 21:05:24', 'SYYYY-MM-DD HH24:MI:SS'), 'admin');
INSERT INTO "KM"."SYS_PERMISSION_DATA_RULE" VALUES ('1448548552202784769', '1415201088958537730', '看归属部门的数据', 'orgCode', 'USE_SQL_RULES', '(org_code like ''#{sys_org_code}%'' or org_code like ''A02%'')', '1', TO_DATE('2021-10-14 15:17:42', 'SYYYY-MM-DD HH24:MI:SS'), 'ceshi', NULL, NULL);
INSERT INTO "KM"."SYS_PERMISSION_DATA_RULE" VALUES ('40283181614231d401614234fe670003', '40283181614231d401614232cd1c0001', 'createBy', 'createBy', '=', '#{sys_user_code}', '1', TO_DATE('2018-01-29 21:57:04', 'SYYYY-MM-DD HH24:MI:SS'), 'admin', NULL, NULL);
INSERT INTO "KM"."SYS_PERMISSION_DATA_RULE" VALUES ('4028318161424e730161424fca6f0004', '4028318161424e730161424f61510002', 'createBy', 'createBy', '=', '#{sys_user_code}', '1', TO_DATE('2018-01-29 22:26:20', 'SYYYY-MM-DD HH24:MI:SS'), 'admin', NULL, NULL);
INSERT INTO "KM"."SYS_PERMISSION_DATA_RULE" VALUES ('402880e6487e661a01487e732c020005', '402889fb486e848101486e93a7c80014', 'SYS_ORG_CODE', 'SYS_ORG_CODE', 'LIKE', '010201%', '1', TO_DATE('2014-09-16 20:32:30', 'SYYYY-MM-DD HH24:MI:SS'), 'admin', NULL, NULL);
INSERT INTO "KM"."SYS_PERMISSION_DATA_RULE" VALUES ('402880e6487e661a01487e8153ee0007', '402889fb486e848101486e93a7c80014', 'create_by', 'create_by', NULL, '#{SYS_USER_CODE}', '1', TO_DATE('2014-09-16 20:47:57', 'SYYYY-MM-DD HH24:MI:SS'), 'admin', NULL, NULL);
INSERT INTO "KM"."SYS_PERMISSION_DATA_RULE" VALUES ('402880ec5ddec439015ddf9225060038', '40288088481d019401481d2fcebf000d', '复杂关系', NULL, 'USE_SQL_RULES', 'name like ''%张%'' or age > 10', '1', NULL, NULL, TO_DATE('2017-08-14 15:10:25', 'SYYYY-MM-DD HH24:MI:SS'), 'demo');
INSERT INTO "KM"."SYS_PERMISSION_DATA_RULE" VALUES ('402880ec5ddfdd26015ddfe3e0570011', '4028ab775dca0d1b015dca3fccb60016', '复杂sql配置', NULL, 'USE_SQL_RULES', 'table_name like ''%test%'' or is_tree = ''Y''', '1', NULL, NULL, TO_DATE('2017-08-14 16:38:55', 'SYYYY-MM-DD HH24:MI:SS'), 'demo');
INSERT INTO "KM"."SYS_PERMISSION_DATA_RULE" VALUES ('402880f25b1e2ac7015b1e5fdebc0012', '402880f25b1e2ac7015b1e5cdc340010', '只能看自己数据', 'create_by', '=', '#{sys_user_code}', '1', TO_DATE('2017-03-30 16:40:51', 'SYYYY-MM-DD HH24:MI:SS'), 'admin', NULL, NULL);
INSERT INTO "KM"."SYS_PERMISSION_DATA_RULE" VALUES ('402881875b19f141015b19f8125e0014', '40288088481d019401481d2fcebf000d', '可看下属业务数据', 'sys_org_code', 'LIKE', '#{sys_org_code}', '1', NULL, NULL, TO_DATE('2017-08-14 15:04:32', 'SYYYY-MM-DD HH24:MI:SS'), 'demo');
INSERT INTO "KM"."SYS_PERMISSION_DATA_RULE" VALUES ('402881e45394d66901539500a4450001', '402881e54df73c73014df75ab670000f', 'sysCompanyCode', 'sysCompanyCode', '=', '#{SYS_COMPANY_CODE}', '1', TO_DATE('2016-03-21 01:09:21', 'SYYYY-MM-DD HH24:MI:SS'), 'admin', NULL, NULL);
INSERT INTO "KM"."SYS_PERMISSION_DATA_RULE" VALUES ('402881e45394d6690153950177cb0003', '402881e54df73c73014df75ab670000f', 'sysOrgCode', 'sysOrgCode', '=', '#{SYS_ORG_CODE}', '1', TO_DATE('2016-03-21 01:10:15', 'SYYYY-MM-DD HH24:MI:SS'), 'admin', NULL, NULL);
INSERT INTO "KM"."SYS_PERMISSION_DATA_RULE" VALUES ('402881e56266f43101626727aff60067', '402881e56266f43101626724eb730065', '销售自己看自己的数据', 'createBy', '=', '#{sys_user_code}', '1', TO_DATE('2018-03-27 19:11:16', 'SYYYY-MM-DD HH24:MI:SS'), 'admin', NULL, NULL);
INSERT INTO "KM"."SYS_PERMISSION_DATA_RULE" VALUES ('402881e56266f4310162672fb1a70082', '402881e56266f43101626724eb730065', '销售经理看所有下级数据', 'sysOrgCode', 'LIKE', '#{sys_org_code}', '1', TO_DATE('2018-03-27 19:20:01', 'SYYYY-MM-DD HH24:MI:SS'), 'admin', NULL, NULL);
INSERT INTO "KM"."SYS_PERMISSION_DATA_RULE" VALUES ('402881e56266f431016267387c9f0088', '402881e56266f43101626724eb730065', '只看金额大于1000的数据', 'money', '>=', '1000', '1', TO_DATE('2018-03-27 19:29:37', 'SYYYY-MM-DD HH24:MI:SS'), 'admin', NULL, NULL);
INSERT INTO "KM"."SYS_PERMISSION_DATA_RULE" VALUES ('402881f3650de25101650dfb5a3a0010', '402881e56266f4310162671d62050044', '22', NULL, 'USE_SQL_RULES', '22', '1', TO_DATE('2018-08-06 14:45:01', 'SYYYY-MM-DD HH24:MI:SS'), 'admin', NULL, NULL);
INSERT INTO "KM"."SYS_PERMISSION_DATA_RULE" VALUES ('402889fb486e848101486e913cd6000b', '402889fb486e848101486e8e2e8b0007', 'userName', 'userName', '=', 'admin', '1', TO_DATE('2014-09-13 18:31:25', 'SYYYY-MM-DD HH24:MI:SS'), 'admin', NULL, NULL);
INSERT INTO "KM"."SYS_PERMISSION_DATA_RULE" VALUES ('402889fb486e848101486e98d20d0016', '402889fb486e848101486e93a7c80014', 'title', 'title', '=', '12', '1', NULL, NULL, TO_DATE('2014-09-13 22:18:22', 'SYYYY-MM-DD HH24:MI:SS'), 'scott');
INSERT INTO "KM"."SYS_PERMISSION_DATA_RULE" VALUES ('402889fe47fcb29c0147fcb6b6220001', '8a8ab0b246dc81120146dc8180fe002b', '12', '12', '>', '12', '1', TO_DATE('2014-08-22 15:55:38', 'SYYYY-MM-DD HH24:MI:SS'), '8a8ab0b246dc81120146dc8181950052', NULL, NULL);
INSERT INTO "KM"."SYS_PERMISSION_DATA_RULE" VALUES ('4028ab775dca0d1b015dca4183530018', '4028ab775dca0d1b015dca3fccb60016', '表名限制', 'isDbSynch', '=', 'Y', '1', NULL, NULL, TO_DATE('2017-08-14 16:43:45', 'SYYYY-MM-DD HH24:MI:SS'), 'demo');
INSERT INTO "KM"."SYS_PERMISSION_DATA_RULE" VALUES ('4028ef815595a881015595b0ccb60001', '40288088481d019401481d2fcebf000d', '限只能看自己', 'create_by', '=', '#{sys_user_code}', '1', NULL, NULL, TO_DATE('2017-08-14 15:03:56', 'SYYYY-MM-DD HH24:MI:SS'), 'demo');
INSERT INTO "KM"."SYS_PERMISSION_DATA_RULE" VALUES ('4028ef81574ae99701574aed26530005', '4028ef81574ae99701574aeb97bd0003', '用户名', 'userName', '!=', 'admin', '1', TO_DATE('2016-09-21 12:07:18', 'SYYYY-MM-DD HH24:MI:SS'), 'admin', NULL, NULL);
INSERT INTO "KM"."SYS_PERMISSION_DATA_RULE" VALUES ('f852d85d47f224990147f2284c0c0005', NULL, '小于', 'test', '<=', '11', '1', TO_DATE('2014-08-20 14:43:52', 'SYYYY-MM-DD HH24:MI:SS'), '8a8ab0b246dc81120146dc8181950052', NULL, NULL);

-- ----------------------------
-- Table structure for SYS_POSITION
-- ----------------------------
DROP TABLE "KM"."SYS_POSITION";
CREATE TABLE "KM"."SYS_POSITION" (
  "ID" NVARCHAR2(32) NOT NULL ,
  "CODE" NVARCHAR2(100) ,
  "NAME" NVARCHAR2(100) ,
  "POST_RANK" NVARCHAR2(2) ,
  "COMPANY_ID" NVARCHAR2(255) ,
  "CREATE_BY" NVARCHAR2(50) ,
  "CREATE_TIME" DATE ,
  "UPDATE_BY" NVARCHAR2(50) ,
  "UPDATE_TIME" DATE ,
  "SYS_ORG_CODE" NVARCHAR2(50) 
)
TABLESPACE "KM_TEST"
LOGGING
NOCOMPRESS
PCTFREE 10
INITRANS 1
STORAGE (
  INITIAL 65536 
  NEXT 1048576 
  MINEXTENTS 1
  MAXEXTENTS 2147483645
  BUFFER_POOL DEFAULT
)
PARALLEL 1
NOCACHE
DISABLE ROW MOVEMENT
;
COMMENT ON COLUMN "KM"."SYS_POSITION"."CODE" IS '职务编码';
COMMENT ON COLUMN "KM"."SYS_POSITION"."NAME" IS '职务名称';
COMMENT ON COLUMN "KM"."SYS_POSITION"."POST_RANK" IS '职级';
COMMENT ON COLUMN "KM"."SYS_POSITION"."COMPANY_ID" IS '公司id';
COMMENT ON COLUMN "KM"."SYS_POSITION"."CREATE_BY" IS '创建人';
COMMENT ON COLUMN "KM"."SYS_POSITION"."CREATE_TIME" IS '创建时间';
COMMENT ON COLUMN "KM"."SYS_POSITION"."UPDATE_BY" IS '修改人';
COMMENT ON COLUMN "KM"."SYS_POSITION"."UPDATE_TIME" IS '修改时间';
COMMENT ON COLUMN "KM"."SYS_POSITION"."SYS_ORG_CODE" IS '组织机构编码';

-- ----------------------------
-- Records of "SYS_POSITION"
-- ----------------------------
INSERT INTO "KM"."SYS_POSITION" VALUES ('1185040064792571906', 'devleader', '研发部经理', '2', NULL, 'admin', TO_DATE('2019-10-18 11:49:03', 'SYYYY-MM-DD HH24:MI:SS'), 'admin', TO_DATE('2020-02-23 22:55:42', 'SYYYY-MM-DD HH24:MI:SS'), 'A01');
INSERT INTO "KM"."SYS_POSITION" VALUES ('1256485574212153345', '总经理', 'laozong', '5', NULL, 'admin', TO_DATE('2020-05-02 15:28:00', 'SYYYY-MM-DD HH24:MI:SS'), 'admin', TO_DATE('2020-05-02 15:28:03', 'SYYYY-MM-DD HH24:MI:SS'), '北京国炬公司');

-- ----------------------------
-- Table structure for SYS_QUARTZ_JOB
-- ----------------------------
DROP TABLE "KM"."SYS_QUARTZ_JOB";
CREATE TABLE "KM"."SYS_QUARTZ_JOB" (
  "ID" NVARCHAR2(32) NOT NULL ,
  "CREATE_BY" NVARCHAR2(32) ,
  "CREATE_TIME" DATE ,
  "DEL_FLAG" NUMBER(11) ,
  "UPDATE_BY" NVARCHAR2(32) ,
  "UPDATE_TIME" DATE ,
  "JOB_CLASS_NAME" NVARCHAR2(255) ,
  "CRON_EXPRESSION" NVARCHAR2(255) ,
  "PARAMETER" NVARCHAR2(255) ,
  "DESCRIPTION" NVARCHAR2(255) ,
  "STATUS" NUMBER(11) 
)
TABLESPACE "KM_TEST"
LOGGING
NOCOMPRESS
PCTFREE 10
INITRANS 1
STORAGE (
  INITIAL 65536 
  NEXT 1048576 
  MINEXTENTS 1
  MAXEXTENTS 2147483645
  BUFFER_POOL DEFAULT
)
PARALLEL 1
NOCACHE
DISABLE ROW MOVEMENT
;
COMMENT ON COLUMN "KM"."SYS_QUARTZ_JOB"."CREATE_BY" IS '创建人';
COMMENT ON COLUMN "KM"."SYS_QUARTZ_JOB"."CREATE_TIME" IS '创建时间';
COMMENT ON COLUMN "KM"."SYS_QUARTZ_JOB"."DEL_FLAG" IS '删除状态';
COMMENT ON COLUMN "KM"."SYS_QUARTZ_JOB"."UPDATE_BY" IS '修改人';
COMMENT ON COLUMN "KM"."SYS_QUARTZ_JOB"."UPDATE_TIME" IS '修改时间';
COMMENT ON COLUMN "KM"."SYS_QUARTZ_JOB"."JOB_CLASS_NAME" IS '任务类名';
COMMENT ON COLUMN "KM"."SYS_QUARTZ_JOB"."CRON_EXPRESSION" IS 'cron表达式';
COMMENT ON COLUMN "KM"."SYS_QUARTZ_JOB"."PARAMETER" IS '参数';
COMMENT ON COLUMN "KM"."SYS_QUARTZ_JOB"."DESCRIPTION" IS '描述';
COMMENT ON COLUMN "KM"."SYS_QUARTZ_JOB"."STATUS" IS '状态 0正常 -1停止';

-- ----------------------------
-- Records of "SYS_QUARTZ_JOB"
-- ----------------------------
INSERT INTO "KM"."SYS_QUARTZ_JOB" VALUES ('df26ecacf0f75d219d746750fe84bbee', NULL, NULL, '0', 'admin', TO_DATE('2020-05-02 15:40:35', 'SYYYY-MM-DD HH24:MI:SS'), 'org.jeecg.modules.quartz.job.SampleParamJob', '0/1 * * * * ?', 'scott', '带参测试 后台将每隔1秒执行输出日志', '-1');
INSERT INTO "KM"."SYS_QUARTZ_JOB" VALUES ('a253cdfc811d69fa0efc70d052bc8128', 'admin', TO_DATE('2019-03-30 12:44:48', 'SYYYY-MM-DD HH24:MI:SS'), '0', 'admin', TO_DATE('2020-05-02 15:48:49', 'SYYYY-MM-DD HH24:MI:SS'), 'org.jeecg.modules.quartz.job.SampleJob', '0/1 * * * * ?', NULL, NULL, '-1');
INSERT INTO "KM"."SYS_QUARTZ_JOB" VALUES ('5b3d2c087ad41aa755fc4f89697b01e7', 'admin', TO_DATE('2019-04-11 19:04:21', 'SYYYY-MM-DD HH24:MI:SS'), '0', 'admin', TO_DATE('2020-05-02 15:48:48', 'SYYYY-MM-DD HH24:MI:SS'), 'org.jeecg.modules.message.job.SendMsgJob', '0/50 * * * * ? *', NULL, NULL, '-1');

-- ----------------------------
-- Table structure for SYS_ROLE
-- ----------------------------
DROP TABLE "KM"."SYS_ROLE";
CREATE TABLE "KM"."SYS_ROLE" (
  "ID" NVARCHAR2(32) NOT NULL ,
  "ROLE_NAME" NVARCHAR2(200) ,
  "ROLE_CODE" NVARCHAR2(100) NOT NULL ,
  "DESCRIPTION" NVARCHAR2(255) ,
  "CREATE_BY" NVARCHAR2(32) ,
  "CREATE_TIME" DATE ,
  "UPDATE_BY" NVARCHAR2(32) ,
  "UPDATE_TIME" DATE 
)
TABLESPACE "KM_TEST"
LOGGING
NOCOMPRESS
PCTFREE 10
INITRANS 1
STORAGE (
  INITIAL 65536 
  NEXT 1048576 
  MINEXTENTS 1
  MAXEXTENTS 2147483645
  BUFFER_POOL DEFAULT
)
PARALLEL 1
NOCACHE
DISABLE ROW MOVEMENT
;
COMMENT ON COLUMN "KM"."SYS_ROLE"."ID" IS '主键id';
COMMENT ON COLUMN "KM"."SYS_ROLE"."ROLE_NAME" IS '角色名称';
COMMENT ON COLUMN "KM"."SYS_ROLE"."ROLE_CODE" IS '角色编码';
COMMENT ON COLUMN "KM"."SYS_ROLE"."DESCRIPTION" IS '描述';
COMMENT ON COLUMN "KM"."SYS_ROLE"."CREATE_BY" IS '创建人';
COMMENT ON COLUMN "KM"."SYS_ROLE"."CREATE_TIME" IS '创建时间';
COMMENT ON COLUMN "KM"."SYS_ROLE"."UPDATE_BY" IS '更新人';
COMMENT ON COLUMN "KM"."SYS_ROLE"."UPDATE_TIME" IS '更新时间';
COMMENT ON TABLE "KM"."SYS_ROLE" IS '角色表';

-- ----------------------------
-- Records of "SYS_ROLE"
-- ----------------------------
INSERT INTO "KM"."SYS_ROLE" VALUES ('1465204206678863874', '档案管理人员', '450f020dfca143e6aa9730eeaad01a57', NULL, 'ceshi', TO_DATE('2021-11-29 14:21:19', 'SYYYY-MM-DD HH24:MI:SS'), NULL, NULL);
INSERT INTO "KM"."SYS_ROLE" VALUES ('1465204097522102273', '普通用户', '2b8c2b1c5f4a4ccc82aa310192017428', NULL, 'ceshi', TO_DATE('2021-11-29 14:20:53', 'SYYYY-MM-DD HH24:MI:SS'), NULL, NULL);
INSERT INTO "KM"."SYS_ROLE" VALUES ('1465204139569999873', '人事档案录入人员', '3e6da28a725642c28e7fbca2e26d3b8a', NULL, 'ceshi', TO_DATE('2021-11-29 14:21:03', 'SYYYY-MM-DD HH24:MI:SS'), NULL, NULL);
INSERT INTO "KM"."SYS_ROLE" VALUES ('1465204807349334017', '人事档案管理人员', '4b842f0d00084b9fa3b20f91b5155e54', NULL, 'ceshi', TO_DATE('2021-11-29 14:23:42', 'SYYYY-MM-DD HH24:MI:SS'), NULL, NULL);
INSERT INTO "KM"."SYS_ROLE" VALUES ('1465204848315101185', '办公室档案录入人员', '505b7184b887402ba854a5cc79c55cb3', NULL, 'ceshi', TO_DATE('2021-11-29 14:23:52', 'SYYYY-MM-DD HH24:MI:SS'), NULL, NULL);
INSERT INTO "KM"."SYS_ROLE" VALUES ('1465204888865632257', '游客访问', '52fa48a7506f438288e922f77009d522', NULL, 'ceshi', TO_DATE('2021-11-29 14:24:02', 'SYYYY-MM-DD HH24:MI:SS'), NULL, NULL);
INSERT INTO "KM"."SYS_ROLE" VALUES ('1465204931999854594', '普通人员', '5a04548004014e60a5c7749a9d489dfe', NULL, 'ceshi', TO_DATE('2021-11-29 14:24:12', 'SYYYY-MM-DD HH24:MI:SS'), NULL, NULL);
INSERT INTO "KM"."SYS_ROLE" VALUES ('1465204969673093122', '综合人员', '617e313f418142fa8aecf3e5a6f41eae', NULL, 'ceshi', TO_DATE('2021-11-29 14:24:21', 'SYYYY-MM-DD HH24:MI:SS'), NULL, NULL);
INSERT INTO "KM"."SYS_ROLE" VALUES ('1465205076191637506', '数据二级', '865e0974720be372732ad264c4fhhh8', NULL, 'ceshi', TO_DATE('2021-11-29 14:24:47', 'SYYYY-MM-DD HH24:MI:SS'), NULL, NULL);
INSERT INTO "KM"."SYS_ROLE" VALUES ('1465205117388091393', '数据资源申请', '8d39be03cc3146df9362d4d768f0d7df', NULL, 'ceshi', TO_DATE('2021-11-29 14:24:56', 'SYYYY-MM-DD HH24:MI:SS'), NULL, NULL);
INSERT INTO "KM"."SYS_ROLE" VALUES ('1465205933301854209', '办公室档案管理人员', 'a51d21fa423043b69b77aaba7f9ab22b', NULL, 'ceshi', TO_DATE('2021-11-29 14:28:11', 'SYYYY-MM-DD HH24:MI:SS'), NULL, NULL);
INSERT INTO "KM"."SYS_ROLE" VALUES ('1465205973319708673', '系统管理员', 'b1b416cb-e85b-4f60-b6bd-72cfa1ef5497', NULL, 'ceshi', TO_DATE('2021-11-29 14:28:20', 'SYYYY-MM-DD HH24:MI:SS'), NULL, NULL);
INSERT INTO "KM"."SYS_ROLE" VALUES ('1465206011387211778', '服务资源审批', 'c604aafc3c8b4c859b0ce7662713da24', NULL, 'ceshi', TO_DATE('2021-11-29 14:28:29', 'SYYYY-MM-DD HH24:MI:SS'), NULL, NULL);
INSERT INTO "KM"."SYS_ROLE" VALUES ('1465206055167356930', '院内角色', 'da071035b4154e5894c68ed45920cb20', NULL, 'ceshi', TO_DATE('2021-11-29 14:28:40', 'SYYYY-MM-DD HH24:MI:SS'), NULL, NULL);
INSERT INTO "KM"."SYS_ROLE" VALUES ('1465206103104057346', '院领导', 'df44cb469ace4193860586d7eb806588', NULL, 'ceshi', TO_DATE('2021-11-29 14:28:51', 'SYYYY-MM-DD HH24:MI:SS'), NULL, NULL);
INSERT INTO "KM"."SYS_ROLE" VALUES ('1465206141762957314', '档案录入人员', 'e9acf1eef6d84d0f8251ca9c60230e16', NULL, 'ceshi', TO_DATE('2021-11-29 14:29:01', 'SYYYY-MM-DD HH24:MI:SS'), NULL, NULL);
INSERT INTO "KM"."SYS_ROLE" VALUES ('1465206180786761729', '数据室一级', 'ethgshgsrt3242354235345234232333', NULL, 'ceshi', TO_DATE('2021-11-29 14:29:10', 'SYYYY-MM-DD HH24:MI:SS'), NULL, NULL);
INSERT INTO "KM"."SYS_ROLE" VALUES ('1465206225053446145', '人事财务室管理员', 'fffb09d608524d5da6627bfa5b4c5bcf', NULL, 'ceshi', TO_DATE('2021-11-29 14:29:20', 'SYYYY-MM-DD HH24:MI:SS'), NULL, NULL);
INSERT INTO "KM"."SYS_ROLE" VALUES ('1499629443989225474', '环境测试', 'ceshi', NULL, 'admin', TO_DATE('2022-03-04 14:14:55', 'SYYYY-MM-DD HH24:MI:SS'), NULL, NULL);

-- ----------------------------
-- Table structure for SYS_ROLE_PERMISSION
-- ----------------------------
DROP TABLE "KM"."SYS_ROLE_PERMISSION";
CREATE TABLE "KM"."SYS_ROLE_PERMISSION" (
  "ID" NVARCHAR2(32) NOT NULL ,
  "ROLE_ID" NVARCHAR2(32) ,
  "PERMISSION_ID" NVARCHAR2(32) ,
  "DATA_RULE_IDS" NVARCHAR2(1000) ,
  "OPERATE_DATE" DATE ,
  "OPERATE_IP" NVARCHAR2(20) 
)
TABLESPACE "KM_TEST"
LOGGING
NOCOMPRESS
PCTFREE 10
INITRANS 1
STORAGE (
  INITIAL 65536 
  NEXT 1048576 
  MINEXTENTS 1
  MAXEXTENTS 2147483645
  BUFFER_POOL DEFAULT
)
PARALLEL 1
NOCACHE
DISABLE ROW MOVEMENT
;
COMMENT ON COLUMN "KM"."SYS_ROLE_PERMISSION"."ROLE_ID" IS '角色id';
COMMENT ON COLUMN "KM"."SYS_ROLE_PERMISSION"."PERMISSION_ID" IS '权限id';
COMMENT ON COLUMN "KM"."SYS_ROLE_PERMISSION"."DATA_RULE_IDS" IS '数据权限ids';
COMMENT ON COLUMN "KM"."SYS_ROLE_PERMISSION"."OPERATE_DATE" IS '操作时间';
COMMENT ON COLUMN "KM"."SYS_ROLE_PERMISSION"."OPERATE_IP" IS '操作ip';
COMMENT ON TABLE "KM"."SYS_ROLE_PERMISSION" IS '角色权限表';

-- ----------------------------
-- Records of "SYS_ROLE_PERMISSION"
-- ----------------------------
INSERT INTO "KM"."SYS_ROLE_PERMISSION" VALUES ('1465225621809426446', '1465205973319708673', '58857ff846e61794c69208e9d3a85466', NULL, TO_DATE('2021-11-29 15:46:25', 'SYYYY-MM-DD HH24:MI:SS'), '172.16.10.16');
INSERT INTO "KM"."SYS_ROLE_PERMISSION" VALUES ('1465225621809426447', '1465205973319708673', '109c78a583d4693ce2f16551b7786786', NULL, TO_DATE('2021-11-29 15:46:25', 'SYYYY-MM-DD HH24:MI:SS'), '172.16.10.16');
INSERT INTO "KM"."SYS_ROLE_PERMISSION" VALUES ('1465225621809426448', '1465205973319708673', '1415156984451063809', NULL, TO_DATE('2021-11-29 15:46:25', 'SYYYY-MM-DD HH24:MI:SS'), '172.16.10.16');
INSERT INTO "KM"."SYS_ROLE_PERMISSION" VALUES ('1465225621809426449', '1465205973319708673', '841057b8a1bef8f6b4b20f9a618a7fa6', NULL, TO_DATE('2021-11-29 15:46:25', 'SYYYY-MM-DD HH24:MI:SS'), '172.16.10.16');
INSERT INTO "KM"."SYS_ROLE_PERMISSION" VALUES ('1465225621813620737', '1465205973319708673', '700b7f95165c46cc7a78bf227aa8fed3', NULL, TO_DATE('2021-11-29 15:46:25', 'SYYYY-MM-DD HH24:MI:SS'), '172.16.10.16');
INSERT INTO "KM"."SYS_ROLE_PERMISSION" VALUES ('1465225621813620738', '1465205973319708673', '1415206488843919361', NULL, TO_DATE('2021-11-29 15:46:25', 'SYYYY-MM-DD HH24:MI:SS'), '172.16.10.16');
INSERT INTO "KM"."SYS_ROLE_PERMISSION" VALUES ('1465225621813620739', '1465205973319708673', '1419574496959193090', NULL, TO_DATE('2021-11-29 15:46:25', 'SYYYY-MM-DD HH24:MI:SS'), '172.16.10.16');
INSERT INTO "KM"."SYS_ROLE_PERMISSION" VALUES ('1465225621813620740', '1465205973319708673', 'd07a2c87a451434c99ab06296727ec4f', NULL, TO_DATE('2021-11-29 15:46:25', 'SYYYY-MM-DD HH24:MI:SS'), '172.16.10.16');
INSERT INTO "KM"."SYS_ROLE_PERMISSION" VALUES ('1465225621813620741', '1465205973319708673', '8b3bff2eee6f1939147f5c68292a1642', NULL, TO_DATE('2021-11-29 15:46:25', 'SYYYY-MM-DD HH24:MI:SS'), '172.16.10.16');
INSERT INTO "KM"."SYS_ROLE_PERMISSION" VALUES ('1465225621813620742', '1465205973319708673', '1422846497589129218', NULL, TO_DATE('2021-11-29 15:46:25', 'SYYYY-MM-DD HH24:MI:SS'), '172.16.10.16');
INSERT INTO "KM"."SYS_ROLE_PERMISSION" VALUES ('1465225621813620743', '1465205973319708673', 'fc810a2267dd183e4ef7c71cc60f4670', NULL, TO_DATE('2021-11-29 15:46:25', 'SYYYY-MM-DD HH24:MI:SS'), '172.16.10.16');
INSERT INTO "KM"."SYS_ROLE_PERMISSION" VALUES ('1465225621813620744', '1465205973319708673', '024f1fd1283dc632458976463d8984e1', NULL, TO_DATE('2021-11-29 15:46:25', 'SYYYY-MM-DD HH24:MI:SS'), '172.16.10.16');
INSERT INTO "KM"."SYS_ROLE_PERMISSION" VALUES ('1465225621813620745', '1465205973319708673', '08e6b9dc3c04489c8e1ff2ce6f105aa4', NULL, TO_DATE('2021-11-29 15:46:25', 'SYYYY-MM-DD HH24:MI:SS'), '172.16.10.16');
INSERT INTO "KM"."SYS_ROLE_PERMISSION" VALUES ('1465225621813620746', '1465205973319708673', 'e41b69c57a941a3bbcce45032fe57605', NULL, TO_DATE('2021-11-29 15:46:25', 'SYYYY-MM-DD HH24:MI:SS'), '172.16.10.16');
INSERT INTO "KM"."SYS_ROLE_PERMISSION" VALUES ('1465225621813620747', '1465205973319708673', '97c8629abc7848eccdb6d77c24bb3ebb', NULL, TO_DATE('2021-11-29 15:46:25', 'SYYYY-MM-DD HH24:MI:SS'), '172.16.10.16');
INSERT INTO "KM"."SYS_ROLE_PERMISSION" VALUES ('1465225621813620748', '1465205973319708673', 'd7d6e2e4e2934f2c9385a623fd98c6f3', NULL, TO_DATE('2021-11-29 15:46:25', 'SYYYY-MM-DD HH24:MI:SS'), '172.16.10.16');
INSERT INTO "KM"."SYS_ROLE_PERMISSION" VALUES ('1465225621813620749', '1465205973319708673', '9fe26464838de2ea5e90f2367e35efa0', NULL, TO_DATE('2021-11-29 15:46:25', 'SYYYY-MM-DD HH24:MI:SS'), '172.16.10.16');
INSERT INTO "KM"."SYS_ROLE_PERMISSION" VALUES ('1465225621813620750', '1465205973319708673', '1415216128377921537', NULL, TO_DATE('2021-11-29 15:46:25', 'SYYYY-MM-DD HH24:MI:SS'), '172.16.10.16');
INSERT INTO "KM"."SYS_ROLE_PERMISSION" VALUES ('1465225621813620751', '1465205973319708673', '1415277817119023106', NULL, TO_DATE('2021-11-29 15:46:25', 'SYYYY-MM-DD HH24:MI:SS'), '172.16.10.16');
INSERT INTO "KM"."SYS_ROLE_PERMISSION" VALUES ('1465226381456601089', '1465205933301854209', '9502685863ab87f0ad1134142788a385', NULL, TO_DATE('2021-11-29 15:49:26', 'SYYYY-MM-DD HH24:MI:SS'), '172.16.10.16');
INSERT INTO "KM"."SYS_ROLE_PERMISSION" VALUES ('1465226381460795394', '1465205933301854209', '1415139394194399233', NULL, TO_DATE('2021-11-29 15:49:26', 'SYYYY-MM-DD HH24:MI:SS'), '172.16.10.16');
INSERT INTO "KM"."SYS_ROLE_PERMISSION" VALUES ('1465226381460795395', '1465205933301854209', '1453933027082489858', NULL, TO_DATE('2021-11-29 15:49:26', 'SYYYY-MM-DD HH24:MI:SS'), '172.16.10.16');
INSERT INTO "KM"."SYS_ROLE_PERMISSION" VALUES ('1465226381460795396', '1465205933301854209', '1415145872468893697', NULL, TO_DATE('2021-11-29 15:49:26', 'SYYYY-MM-DD HH24:MI:SS'), '172.16.10.16');
INSERT INTO "KM"."SYS_ROLE_PERMISSION" VALUES ('1465226381460795397', '1465205933301854209', '1415201088958537730', NULL, TO_DATE('2021-11-29 15:49:26', 'SYYYY-MM-DD HH24:MI:SS'), '172.16.10.16');
INSERT INTO "KM"."SYS_ROLE_PERMISSION" VALUES ('1465226381460795398', '1465205933301854209', '1415206488843919361', NULL, TO_DATE('2021-11-29 15:49:26', 'SYYYY-MM-DD HH24:MI:SS'), '172.16.10.16');
INSERT INTO "KM"."SYS_ROLE_PERMISSION" VALUES ('1465226381464989697', '1465205933301854209', '1422846497589129218', NULL, TO_DATE('2021-11-29 15:49:26', 'SYYYY-MM-DD HH24:MI:SS'), '172.16.10.16');
INSERT INTO "KM"."SYS_ROLE_PERMISSION" VALUES ('1465226381464989698', '1465205933301854209', '1420569665158332418', NULL, TO_DATE('2021-11-29 15:49:26', 'SYYYY-MM-DD HH24:MI:SS'), '172.16.10.16');
INSERT INTO "KM"."SYS_ROLE_PERMISSION" VALUES ('1465226381464989699', '1465205933301854209', '1420569168296886273', NULL, TO_DATE('2021-11-29 15:49:26', 'SYYYY-MM-DD HH24:MI:SS'), '172.16.10.16');
INSERT INTO "KM"."SYS_ROLE_PERMISSION" VALUES ('1465226381464989700', '1465205933301854209', '58857ff846e61794c69208e9d3a85466', NULL, TO_DATE('2021-11-29 15:49:26', 'SYYYY-MM-DD HH24:MI:SS'), '172.16.10.16');
INSERT INTO "KM"."SYS_ROLE_PERMISSION" VALUES ('1465226381464989701', '1465205933301854209', '1415156984451063809', NULL, TO_DATE('2021-11-29 15:49:26', 'SYYYY-MM-DD HH24:MI:SS'), '172.16.10.16');
INSERT INTO "KM"."SYS_ROLE_PERMISSION" VALUES ('1465226381464989702', '1465205933301854209', '1419574496959193090', NULL, TO_DATE('2021-11-29 15:49:26', 'SYYYY-MM-DD HH24:MI:SS'), '172.16.10.16');
INSERT INTO "KM"."SYS_ROLE_PERMISSION" VALUES ('1465226381464989703', '1465205933301854209', '1415216128377921537', NULL, TO_DATE('2021-11-29 15:49:26', 'SYYYY-MM-DD HH24:MI:SS'), '172.16.10.16');
INSERT INTO "KM"."SYS_ROLE_PERMISSION" VALUES ('1465226381464989704', '1465205933301854209', '1415277817119023106', NULL, TO_DATE('2021-11-29 15:49:26', 'SYYYY-MM-DD HH24:MI:SS'), '172.16.10.16');
INSERT INTO "KM"."SYS_ROLE_PERMISSION" VALUES ('1465226381464989705', '1465205933301854209', '3f915b2769fc80648e92d04e84ca059d', NULL, TO_DATE('2021-11-29 15:49:26', 'SYYYY-MM-DD HH24:MI:SS'), '172.16.10.16');
INSERT INTO "KM"."SYS_ROLE_PERMISSION" VALUES ('1465226381464989706', '1465205933301854209', '190c2b43bec6a5f7a4194a85db67d96a', NULL, TO_DATE('2021-11-29 15:49:26', 'SYYYY-MM-DD HH24:MI:SS'), '172.16.10.16');
INSERT INTO "KM"."SYS_ROLE_PERMISSION" VALUES ('1465226381464989707', '1465205933301854209', '45c966826eeff4c99b8f8ebfe74511fc', NULL, TO_DATE('2021-11-29 15:49:26', 'SYYYY-MM-DD HH24:MI:SS'), '172.16.10.16');
INSERT INTO "KM"."SYS_ROLE_PERMISSION" VALUES ('1465226381464989708', '1465205933301854209', 'd7d6e2e4e2934f2c9385a623fd98c6f3', NULL, TO_DATE('2021-11-29 15:49:26', 'SYYYY-MM-DD HH24:MI:SS'), '172.16.10.16');
INSERT INTO "KM"."SYS_ROLE_PERMISSION" VALUES ('1465226547911749633', '1465205117388091393', '9502685863ab87f0ad1134142788a385', NULL, TO_DATE('2021-11-29 15:50:06', 'SYYYY-MM-DD HH24:MI:SS'), '172.16.10.16');
INSERT INTO "KM"."SYS_ROLE_PERMISSION" VALUES ('1465216432399740930', '1465206225053446145', '9502685863ab87f0ad1134142788a385', NULL, TO_DATE('2021-11-29 15:09:54', 'SYYYY-MM-DD HH24:MI:SS'), '172.16.10.16');
INSERT INTO "KM"."SYS_ROLE_PERMISSION" VALUES ('1465216432399740931', '1465206225053446145', '1415139394194399233', NULL, TO_DATE('2021-11-29 15:09:54', 'SYYYY-MM-DD HH24:MI:SS'), '172.16.10.16');
INSERT INTO "KM"."SYS_ROLE_PERMISSION" VALUES ('1465216432399740932', '1465206225053446145', '1453933027082489858', NULL, TO_DATE('2021-11-29 15:09:54', 'SYYYY-MM-DD HH24:MI:SS'), '172.16.10.16');
INSERT INTO "KM"."SYS_ROLE_PERMISSION" VALUES ('1465216432399740933', '1465206225053446145', '1415145872468893697', NULL, TO_DATE('2021-11-29 15:09:54', 'SYYYY-MM-DD HH24:MI:SS'), '172.16.10.16');
INSERT INTO "KM"."SYS_ROLE_PERMISSION" VALUES ('1465216432403935233', '1465206225053446145', '1415201088958537730', NULL, TO_DATE('2021-11-29 15:09:54', 'SYYYY-MM-DD HH24:MI:SS'), '172.16.10.16');
INSERT INTO "KM"."SYS_ROLE_PERMISSION" VALUES ('1465216432403935234', '1465206225053446145', '1415206488843919361', NULL, TO_DATE('2021-11-29 15:09:54', 'SYYYY-MM-DD HH24:MI:SS'), '172.16.10.16');
INSERT INTO "KM"."SYS_ROLE_PERMISSION" VALUES ('1465216432403935235', '1465206225053446145', '1422846497589129218', NULL, TO_DATE('2021-11-29 15:09:54', 'SYYYY-MM-DD HH24:MI:SS'), '172.16.10.16');
INSERT INTO "KM"."SYS_ROLE_PERMISSION" VALUES ('1465216432403935236', '1465206225053446145', '1420569168296886273', NULL, TO_DATE('2021-11-29 15:09:54', 'SYYYY-MM-DD HH24:MI:SS'), '172.16.10.16');
INSERT INTO "KM"."SYS_ROLE_PERMISSION" VALUES ('1465216432403935237', '1465206225053446145', '58857ff846e61794c69208e9d3a85466', NULL, TO_DATE('2021-11-29 15:09:54', 'SYYYY-MM-DD HH24:MI:SS'), '172.16.10.16');
INSERT INTO "KM"."SYS_ROLE_PERMISSION" VALUES ('1465216432403935238', '1465206225053446145', '1420569665158332418', NULL, TO_DATE('2021-11-29 15:09:54', 'SYYYY-MM-DD HH24:MI:SS'), '172.16.10.16');
INSERT INTO "KM"."SYS_ROLE_PERMISSION" VALUES ('1465216432403935239', '1465206225053446145', '1415277817119023106', NULL, TO_DATE('2021-11-29 15:09:54', 'SYYYY-MM-DD HH24:MI:SS'), '172.16.10.16');
INSERT INTO "KM"."SYS_ROLE_PERMISSION" VALUES ('1465216432403935240', '1465206225053446145', '1415216128377921537', NULL, TO_DATE('2021-11-29 15:09:54', 'SYYYY-MM-DD HH24:MI:SS'), '172.16.10.16');
INSERT INTO "KM"."SYS_ROLE_PERMISSION" VALUES ('1465216432403935241', '1465206225053446145', '1419574496959193090', NULL, TO_DATE('2021-11-29 15:09:54', 'SYYYY-MM-DD HH24:MI:SS'), '172.16.10.16');
INSERT INTO "KM"."SYS_ROLE_PERMISSION" VALUES ('1465216432403935242', '1465206225053446145', '1415156984451063809', NULL, TO_DATE('2021-11-29 15:09:54', 'SYYYY-MM-DD HH24:MI:SS'), '172.16.10.16');
INSERT INTO "KM"."SYS_ROLE_PERMISSION" VALUES ('1465216432403935243', '1465206225053446145', '45c966826eeff4c99b8f8ebfe74511fc', NULL, TO_DATE('2021-11-29 15:09:54', 'SYYYY-MM-DD HH24:MI:SS'), '172.16.10.16');
INSERT INTO "KM"."SYS_ROLE_PERMISSION" VALUES ('1465232338127450117', '1465205076191637506', '1415206488843919361', NULL, TO_DATE('2021-11-29 16:13:06', 'SYYYY-MM-DD HH24:MI:SS'), '172.16.10.16');
INSERT INTO "KM"."SYS_ROLE_PERMISSION" VALUES ('1465216432408129537', '1465206225053446145', '190c2b43bec6a5f7a4194a85db67d96a', NULL, TO_DATE('2021-11-29 15:09:54', 'SYYYY-MM-DD HH24:MI:SS'), '172.16.10.16');
INSERT INTO "KM"."SYS_ROLE_PERMISSION" VALUES ('1465216432408129538', '1465206225053446145', '3f915b2769fc80648e92d04e84ca059d', NULL, TO_DATE('2021-11-29 15:09:54', 'SYYYY-MM-DD HH24:MI:SS'), '172.16.10.16');
INSERT INTO "KM"."SYS_ROLE_PERMISSION" VALUES ('1465216432408129539', '1465206225053446145', 'd7d6e2e4e2934f2c9385a623fd98c6f3', NULL, TO_DATE('2021-11-29 15:09:54', 'SYYYY-MM-DD HH24:MI:SS'), '172.16.10.16');
INSERT INTO "KM"."SYS_ROLE_PERMISSION" VALUES ('1465232338123255810', '1465205076191637506', '9502685863ab87f0ad1134142788a385', NULL, TO_DATE('2021-11-29 16:13:06', 'SYYYY-MM-DD HH24:MI:SS'), '172.16.10.16');
INSERT INTO "KM"."SYS_ROLE_PERMISSION" VALUES ('1465232338127450113', '1465205076191637506', '1415139394194399233', NULL, TO_DATE('2021-11-29 16:13:06', 'SYYYY-MM-DD HH24:MI:SS'), '172.16.10.16');
INSERT INTO "KM"."SYS_ROLE_PERMISSION" VALUES ('1465232338127450114', '1465205076191637506', '1453933027082489858', NULL, TO_DATE('2021-11-29 16:13:06', 'SYYYY-MM-DD HH24:MI:SS'), '172.16.10.16');
INSERT INTO "KM"."SYS_ROLE_PERMISSION" VALUES ('1465232338127450115', '1465205076191637506', '1415145872468893697', NULL, TO_DATE('2021-11-29 16:13:06', 'SYYYY-MM-DD HH24:MI:SS'), '172.16.10.16');
INSERT INTO "KM"."SYS_ROLE_PERMISSION" VALUES ('1465232338127450116', '1465205076191637506', '1415201088958537730', NULL, TO_DATE('2021-11-29 16:13:06', 'SYYYY-MM-DD HH24:MI:SS'), '172.16.10.16');
INSERT INTO "KM"."SYS_ROLE_PERMISSION" VALUES ('1465232338127450119', '1465205076191637506', '1420569665158332418', NULL, TO_DATE('2021-11-29 16:13:06', 'SYYYY-MM-DD HH24:MI:SS'), '172.16.10.16');
INSERT INTO "KM"."SYS_ROLE_PERMISSION" VALUES ('1465232338127450120', '1465205076191637506', '1420569168296886273', NULL, TO_DATE('2021-11-29 16:13:06', 'SYYYY-MM-DD HH24:MI:SS'), '172.16.10.16');
INSERT INTO "KM"."SYS_ROLE_PERMISSION" VALUES ('1465232338131644418', '1465205076191637506', '58857ff846e61794c69208e9d3a85466', NULL, TO_DATE('2021-11-29 16:13:06', 'SYYYY-MM-DD HH24:MI:SS'), '172.16.10.16');
INSERT INTO "KM"."SYS_ROLE_PERMISSION" VALUES ('1465232338131644419', '1465205076191637506', '1415156984451063809', NULL, TO_DATE('2021-11-29 16:13:06', 'SYYYY-MM-DD HH24:MI:SS'), '172.16.10.16');
INSERT INTO "KM"."SYS_ROLE_PERMISSION" VALUES ('1465232338131644420', '1465205076191637506', '1419574496959193090', NULL, TO_DATE('2021-11-29 16:13:06', 'SYYYY-MM-DD HH24:MI:SS'), '172.16.10.16');
INSERT INTO "KM"."SYS_ROLE_PERMISSION" VALUES ('1465232338131644421', '1465205076191637506', '1415216128377921537', NULL, TO_DATE('2021-11-29 16:13:06', 'SYYYY-MM-DD HH24:MI:SS'), '172.16.10.16');
INSERT INTO "KM"."SYS_ROLE_PERMISSION" VALUES ('1465232338131644422', '1465205076191637506', '1415277817119023106', NULL, TO_DATE('2021-11-29 16:13:06', 'SYYYY-MM-DD HH24:MI:SS'), '172.16.10.16');
INSERT INTO "KM"."SYS_ROLE_PERMISSION" VALUES ('1465232402300301314', '1465204969673093122', '9502685863ab87f0ad1134142788a385', NULL, TO_DATE('2021-11-29 16:13:22', 'SYYYY-MM-DD HH24:MI:SS'), '172.16.10.16');
INSERT INTO "KM"."SYS_ROLE_PERMISSION" VALUES ('1465232402304495617', '1465204969673093122', '1415139394194399233', NULL, TO_DATE('2021-11-29 16:13:22', 'SYYYY-MM-DD HH24:MI:SS'), '172.16.10.16');
INSERT INTO "KM"."SYS_ROLE_PERMISSION" VALUES ('1465232402304495618', '1465204969673093122', '1453933027082489858', NULL, TO_DATE('2021-11-29 16:13:22', 'SYYYY-MM-DD HH24:MI:SS'), '172.16.10.16');
INSERT INTO "KM"."SYS_ROLE_PERMISSION" VALUES ('1465232402304495619', '1465204969673093122', '1415145872468893697', NULL, TO_DATE('2021-11-29 16:13:22', 'SYYYY-MM-DD HH24:MI:SS'), '172.16.10.16');
INSERT INTO "KM"."SYS_ROLE_PERMISSION" VALUES ('1465232402304495620', '1465204969673093122', '1415201088958537730', NULL, TO_DATE('2021-11-29 16:13:22', 'SYYYY-MM-DD HH24:MI:SS'), '172.16.10.16');
INSERT INTO "KM"."SYS_ROLE_PERMISSION" VALUES ('1465232402304495621', '1465204969673093122', '1415206488843919361', NULL, TO_DATE('2021-11-29 16:13:22', 'SYYYY-MM-DD HH24:MI:SS'), '172.16.10.16');
INSERT INTO "KM"."SYS_ROLE_PERMISSION" VALUES ('1465232402304495622', '1465204969673093122', '1422846497589129218', NULL, TO_DATE('2021-11-29 16:13:22', 'SYYYY-MM-DD HH24:MI:SS'), '172.16.10.16');
INSERT INTO "KM"."SYS_ROLE_PERMISSION" VALUES ('1465232402304495623', '1465204969673093122', '1420569665158332418', NULL, TO_DATE('2021-11-29 16:13:22', 'SYYYY-MM-DD HH24:MI:SS'), '172.16.10.16');
INSERT INTO "KM"."SYS_ROLE_PERMISSION" VALUES ('1465232402304495624', '1465204969673093122', '1420569168296886273', NULL, TO_DATE('2021-11-29 16:13:22', 'SYYYY-MM-DD HH24:MI:SS'), '172.16.10.16');
INSERT INTO "KM"."SYS_ROLE_PERMISSION" VALUES ('1465232402304495625', '1465204969673093122', '58857ff846e61794c69208e9d3a85466', NULL, TO_DATE('2021-11-29 16:13:22', 'SYYYY-MM-DD HH24:MI:SS'), '172.16.10.16');
INSERT INTO "KM"."SYS_ROLE_PERMISSION" VALUES ('1465232402304495626', '1465204969673093122', '1415156984451063809', NULL, TO_DATE('2021-11-29 16:13:22', 'SYYYY-MM-DD HH24:MI:SS'), '172.16.10.16');
INSERT INTO "KM"."SYS_ROLE_PERMISSION" VALUES ('1465232402304495627', '1465204969673093122', '1419574496959193090', NULL, TO_DATE('2021-11-29 16:13:22', 'SYYYY-MM-DD HH24:MI:SS'), '172.16.10.16');
INSERT INTO "KM"."SYS_ROLE_PERMISSION" VALUES ('1465232402308689921', '1465204969673093122', '1415216128377921537', NULL, TO_DATE('2021-11-29 16:13:22', 'SYYYY-MM-DD HH24:MI:SS'), '172.16.10.16');
INSERT INTO "KM"."SYS_ROLE_PERMISSION" VALUES ('1465232402308689922', '1465204969673093122', '1415277817119023106', NULL, TO_DATE('2021-11-29 16:13:22', 'SYYYY-MM-DD HH24:MI:SS'), '172.16.10.16');
INSERT INTO "KM"."SYS_ROLE_PERMISSION" VALUES ('1465232570487697409', '1465204848315101185', '9502685863ab87f0ad1134142788a385', NULL, TO_DATE('2021-11-29 16:14:02', 'SYYYY-MM-DD HH24:MI:SS'), '172.16.10.16');
INSERT INTO "KM"."SYS_ROLE_PERMISSION" VALUES ('1465232570491891714', '1465204848315101185', '1415139394194399233', NULL, TO_DATE('2021-11-29 16:14:02', 'SYYYY-MM-DD HH24:MI:SS'), '172.16.10.16');
INSERT INTO "KM"."SYS_ROLE_PERMISSION" VALUES ('1465232570491891715', '1465204848315101185', '1453933027082489858', NULL, TO_DATE('2021-11-29 16:14:02', 'SYYYY-MM-DD HH24:MI:SS'), '172.16.10.16');
INSERT INTO "KM"."SYS_ROLE_PERMISSION" VALUES ('1465232570491891716', '1465204848315101185', '1415145872468893697', NULL, TO_DATE('2021-11-29 16:14:02', 'SYYYY-MM-DD HH24:MI:SS'), '172.16.10.16');
INSERT INTO "KM"."SYS_ROLE_PERMISSION" VALUES ('1465232570491891717', '1465204848315101185', '1415201088958537730', NULL, TO_DATE('2021-11-29 16:14:02', 'SYYYY-MM-DD HH24:MI:SS'), '172.16.10.16');
INSERT INTO "KM"."SYS_ROLE_PERMISSION" VALUES ('1465232570491891718', '1465204848315101185', '1415206488843919361', NULL, TO_DATE('2021-11-29 16:14:02', 'SYYYY-MM-DD HH24:MI:SS'), '172.16.10.16');
INSERT INTO "KM"."SYS_ROLE_PERMISSION" VALUES ('1465232570491891719', '1465204848315101185', '1422846497589129218', NULL, TO_DATE('2021-11-29 16:14:02', 'SYYYY-MM-DD HH24:MI:SS'), '172.16.10.16');
INSERT INTO "KM"."SYS_ROLE_PERMISSION" VALUES ('1465232570491891720', '1465204848315101185', '1420569665158332418', NULL, TO_DATE('2021-11-29 16:14:02', 'SYYYY-MM-DD HH24:MI:SS'), '172.16.10.16');
INSERT INTO "KM"."SYS_ROLE_PERMISSION" VALUES ('1465232570491891721', '1465204848315101185', '1420569168296886273', NULL, TO_DATE('2021-11-29 16:14:02', 'SYYYY-MM-DD HH24:MI:SS'), '172.16.10.16');
INSERT INTO "KM"."SYS_ROLE_PERMISSION" VALUES ('1465232570491891722', '1465204848315101185', '58857ff846e61794c69208e9d3a85466', NULL, TO_DATE('2021-11-29 16:14:02', 'SYYYY-MM-DD HH24:MI:SS'), '172.16.10.16');
INSERT INTO "KM"."SYS_ROLE_PERMISSION" VALUES ('1465232570491891723', '1465204848315101185', '1415156984451063809', NULL, TO_DATE('2021-11-29 16:14:02', 'SYYYY-MM-DD HH24:MI:SS'), '172.16.10.16');
INSERT INTO "KM"."SYS_ROLE_PERMISSION" VALUES ('1465232570491891724', '1465204848315101185', '1419574496959193090', NULL, TO_DATE('2021-11-29 16:14:02', 'SYYYY-MM-DD HH24:MI:SS'), '172.16.10.16');
INSERT INTO "KM"."SYS_ROLE_PERMISSION" VALUES ('1465232570491891725', '1465204848315101185', '1415216128377921537', NULL, TO_DATE('2021-11-29 16:14:02', 'SYYYY-MM-DD HH24:MI:SS'), '172.16.10.16');
INSERT INTO "KM"."SYS_ROLE_PERMISSION" VALUES ('1465232570491891726', '1465204848315101185', '1415277817119023106', NULL, TO_DATE('2021-11-29 16:14:02', 'SYYYY-MM-DD HH24:MI:SS'), '172.16.10.16');
INSERT INTO "KM"."SYS_ROLE_PERMISSION" VALUES ('1465232623897964545', '1465204807349334017', '9502685863ab87f0ad1134142788a385', NULL, TO_DATE('2021-11-29 16:14:14', 'SYYYY-MM-DD HH24:MI:SS'), '172.16.10.16');
INSERT INTO "KM"."SYS_ROLE_PERMISSION" VALUES ('1465232623902158850', '1465204807349334017', '1415139394194399233', NULL, TO_DATE('2021-11-29 16:14:14', 'SYYYY-MM-DD HH24:MI:SS'), '172.16.10.16');
INSERT INTO "KM"."SYS_ROLE_PERMISSION" VALUES ('1465232623902158851', '1465204807349334017', '1453933027082489858', NULL, TO_DATE('2021-11-29 16:14:14', 'SYYYY-MM-DD HH24:MI:SS'), '172.16.10.16');
INSERT INTO "KM"."SYS_ROLE_PERMISSION" VALUES ('1465232623902158852', '1465204807349334017', '1415145872468893697', NULL, TO_DATE('2021-11-29 16:14:14', 'SYYYY-MM-DD HH24:MI:SS'), '172.16.10.16');
INSERT INTO "KM"."SYS_ROLE_PERMISSION" VALUES ('1465232623902158853', '1465204807349334017', '1415201088958537730', NULL, TO_DATE('2021-11-29 16:14:14', 'SYYYY-MM-DD HH24:MI:SS'), '172.16.10.16');
INSERT INTO "KM"."SYS_ROLE_PERMISSION" VALUES ('1465232623902158854', '1465204807349334017', '1415206488843919361', NULL, TO_DATE('2021-11-29 16:14:14', 'SYYYY-MM-DD HH24:MI:SS'), '172.16.10.16');
INSERT INTO "KM"."SYS_ROLE_PERMISSION" VALUES ('1465232623902158855', '1465204807349334017', '1422846497589129218', NULL, TO_DATE('2021-11-29 16:14:14', 'SYYYY-MM-DD HH24:MI:SS'), '172.16.10.16');
INSERT INTO "KM"."SYS_ROLE_PERMISSION" VALUES ('1465232623902158856', '1465204807349334017', '1420569665158332418', NULL, TO_DATE('2021-11-29 16:14:14', 'SYYYY-MM-DD HH24:MI:SS'), '172.16.10.16');
INSERT INTO "KM"."SYS_ROLE_PERMISSION" VALUES ('1465232623902158857', '1465204807349334017', '1420569168296886273', NULL, TO_DATE('2021-11-29 16:14:14', 'SYYYY-MM-DD HH24:MI:SS'), '172.16.10.16');
INSERT INTO "KM"."SYS_ROLE_PERMISSION" VALUES ('1465232623902158858', '1465204807349334017', '58857ff846e61794c69208e9d3a85466', NULL, TO_DATE('2021-11-29 16:14:14', 'SYYYY-MM-DD HH24:MI:SS'), '172.16.10.16');
INSERT INTO "KM"."SYS_ROLE_PERMISSION" VALUES ('1465232623906353154', '1465204807349334017', '1415156984451063809', NULL, TO_DATE('2021-11-29 16:14:14', 'SYYYY-MM-DD HH24:MI:SS'), '172.16.10.16');
INSERT INTO "KM"."SYS_ROLE_PERMISSION" VALUES ('1465232623906353155', '1465204807349334017', '1419574496959193090', NULL, TO_DATE('2021-11-29 16:14:14', 'SYYYY-MM-DD HH24:MI:SS'), '172.16.10.16');
INSERT INTO "KM"."SYS_ROLE_PERMISSION" VALUES ('1465232623906353156', '1465204807349334017', '1415216128377921537', NULL, TO_DATE('2021-11-29 16:14:14', 'SYYYY-MM-DD HH24:MI:SS'), '172.16.10.16');
INSERT INTO "KM"."SYS_ROLE_PERMISSION" VALUES ('1465232623906353157', '1465204807349334017', '1415277817119023106', NULL, TO_DATE('2021-11-29 16:14:14', 'SYYYY-MM-DD HH24:MI:SS'), '172.16.10.16');
INSERT INTO "KM"."SYS_ROLE_PERMISSION" VALUES ('1465232705410068482', '1465204206678863874', '9502685863ab87f0ad1134142788a385', NULL, TO_DATE('2021-11-29 16:14:34', 'SYYYY-MM-DD HH24:MI:SS'), '172.16.10.16');
INSERT INTO "KM"."SYS_ROLE_PERMISSION" VALUES ('1465232705410068483', '1465204206678863874', '1415139394194399233', NULL, TO_DATE('2021-11-29 16:14:34', 'SYYYY-MM-DD HH24:MI:SS'), '172.16.10.16');
INSERT INTO "KM"."SYS_ROLE_PERMISSION" VALUES ('1465232705414262786', '1465204206678863874', '1453933027082489858', NULL, TO_DATE('2021-11-29 16:14:34', 'SYYYY-MM-DD HH24:MI:SS'), '172.16.10.16');
INSERT INTO "KM"."SYS_ROLE_PERMISSION" VALUES ('1465232705414262787', '1465204206678863874', '1415145872468893697', NULL, TO_DATE('2021-11-29 16:14:34', 'SYYYY-MM-DD HH24:MI:SS'), '172.16.10.16');
INSERT INTO "KM"."SYS_ROLE_PERMISSION" VALUES ('1465232705414262788', '1465204206678863874', '1415201088958537730', NULL, TO_DATE('2021-11-29 16:14:34', 'SYYYY-MM-DD HH24:MI:SS'), '172.16.10.16');
INSERT INTO "KM"."SYS_ROLE_PERMISSION" VALUES ('1465232705414262789', '1465204206678863874', '1415206488843919361', NULL, TO_DATE('2021-11-29 16:14:34', 'SYYYY-MM-DD HH24:MI:SS'), '172.16.10.16');
INSERT INTO "KM"."SYS_ROLE_PERMISSION" VALUES ('1465232705414262790', '1465204206678863874', '1422846497589129218', NULL, TO_DATE('2021-11-29 16:14:34', 'SYYYY-MM-DD HH24:MI:SS'), '172.16.10.16');
INSERT INTO "KM"."SYS_ROLE_PERMISSION" VALUES ('1465232705414262791', '1465204206678863874', '1420569665158332418', NULL, TO_DATE('2021-11-29 16:14:34', 'SYYYY-MM-DD HH24:MI:SS'), '172.16.10.16');
INSERT INTO "KM"."SYS_ROLE_PERMISSION" VALUES ('1465232705414262792', '1465204206678863874', '1420569168296886273', NULL, TO_DATE('2021-11-29 16:14:34', 'SYYYY-MM-DD HH24:MI:SS'), '172.16.10.16');
INSERT INTO "KM"."SYS_ROLE_PERMISSION" VALUES ('1465232705414262793', '1465204206678863874', '58857ff846e61794c69208e9d3a85466', NULL, TO_DATE('2021-11-29 16:14:34', 'SYYYY-MM-DD HH24:MI:SS'), '172.16.10.16');
INSERT INTO "KM"."SYS_ROLE_PERMISSION" VALUES ('1465232705414262794', '1465204206678863874', '1415156984451063809', NULL, TO_DATE('2021-11-29 16:14:34', 'SYYYY-MM-DD HH24:MI:SS'), '172.16.10.16');
INSERT INTO "KM"."SYS_ROLE_PERMISSION" VALUES ('1465232705414262795', '1465204206678863874', '1419574496959193090', NULL, TO_DATE('2021-11-29 16:14:34', 'SYYYY-MM-DD HH24:MI:SS'), '172.16.10.16');
INSERT INTO "KM"."SYS_ROLE_PERMISSION" VALUES ('1465232705414262796', '1465204206678863874', '1415216128377921537', NULL, TO_DATE('2021-11-29 16:14:34', 'SYYYY-MM-DD HH24:MI:SS'), '172.16.10.16');
INSERT INTO "KM"."SYS_ROLE_PERMISSION" VALUES ('1465232705414262797', '1465204206678863874', '1415277817119023106', NULL, TO_DATE('2021-11-29 16:14:34', 'SYYYY-MM-DD HH24:MI:SS'), '172.16.10.16');
INSERT INTO "KM"."SYS_ROLE_PERMISSION" VALUES ('1465232762242887681', '1465204139569999873', '9502685863ab87f0ad1134142788a385', NULL, TO_DATE('2021-11-29 16:14:47', 'SYYYY-MM-DD HH24:MI:SS'), '172.16.10.16');
INSERT INTO "KM"."SYS_ROLE_PERMISSION" VALUES ('1465232762247081986', '1465204139569999873', '1415139394194399233', NULL, TO_DATE('2021-11-29 16:14:47', 'SYYYY-MM-DD HH24:MI:SS'), '172.16.10.16');
INSERT INTO "KM"."SYS_ROLE_PERMISSION" VALUES ('1465232762247081987', '1465204139569999873', '1453933027082489858', NULL, TO_DATE('2021-11-29 16:14:47', 'SYYYY-MM-DD HH24:MI:SS'), '172.16.10.16');
INSERT INTO "KM"."SYS_ROLE_PERMISSION" VALUES ('1465232762247081988', '1465204139569999873', '1415145872468893697', NULL, TO_DATE('2021-11-29 16:14:47', 'SYYYY-MM-DD HH24:MI:SS'), '172.16.10.16');
INSERT INTO "KM"."SYS_ROLE_PERMISSION" VALUES ('1465232762247081989', '1465204139569999873', '1415206488843919361', NULL, TO_DATE('2021-11-29 16:14:47', 'SYYYY-MM-DD HH24:MI:SS'), '172.16.10.16');
INSERT INTO "KM"."SYS_ROLE_PERMISSION" VALUES ('1465232762247081990', '1465204139569999873', '1422846497589129218', NULL, TO_DATE('2021-11-29 16:14:47', 'SYYYY-MM-DD HH24:MI:SS'), '172.16.10.16');
INSERT INTO "KM"."SYS_ROLE_PERMISSION" VALUES ('1465232762247081991', '1465204139569999873', '1415201088958537730', NULL, TO_DATE('2021-11-29 16:14:47', 'SYYYY-MM-DD HH24:MI:SS'), '172.16.10.16');
INSERT INTO "KM"."SYS_ROLE_PERMISSION" VALUES ('1465208131737907202', '1465206103104057346', '1422846497589129218', NULL, TO_DATE('2021-11-29 14:36:55', 'SYYYY-MM-DD HH24:MI:SS'), '172.16.8.223');
INSERT INTO "KM"."SYS_ROLE_PERMISSION" VALUES ('1465208131737907203', '1465206103104057346', '1420569168296886273', NULL, TO_DATE('2021-11-29 14:36:55', 'SYYYY-MM-DD HH24:MI:SS'), '172.16.8.223');
INSERT INTO "KM"."SYS_ROLE_PERMISSION" VALUES ('1465208131737907204', '1465206103104057346', '58857ff846e61794c69208e9d3a85466', NULL, TO_DATE('2021-11-29 14:36:55', 'SYYYY-MM-DD HH24:MI:SS'), '172.16.8.223');
INSERT INTO "KM"."SYS_ROLE_PERMISSION" VALUES ('1465208131737907205', '1465206103104057346', '1419574496959193090', NULL, TO_DATE('2021-11-29 14:36:55', 'SYYYY-MM-DD HH24:MI:SS'), '172.16.8.223');
INSERT INTO "KM"."SYS_ROLE_PERMISSION" VALUES ('1465208131737907206', '1465206103104057346', '1415216128377921537', NULL, TO_DATE('2021-11-29 14:36:55', 'SYYYY-MM-DD HH24:MI:SS'), '172.16.8.223');
INSERT INTO "KM"."SYS_ROLE_PERMISSION" VALUES ('1465208131737907207', '1465206103104057346', '1415277817119023106', NULL, TO_DATE('2021-11-29 14:36:55', 'SYYYY-MM-DD HH24:MI:SS'), '172.16.8.223');
INSERT INTO "KM"."SYS_ROLE_PERMISSION" VALUES ('1465208675281956865', '1465206055167356930', '9502685863ab87f0ad1134142788a385', NULL, TO_DATE('2021-11-29 14:39:05', 'SYYYY-MM-DD HH24:MI:SS'), '172.16.8.223');
INSERT INTO "KM"."SYS_ROLE_PERMISSION" VALUES ('1465208675286151170', '1465206055167356930', '1415139394194399233', NULL, TO_DATE('2021-11-29 14:39:05', 'SYYYY-MM-DD HH24:MI:SS'), '172.16.8.223');
INSERT INTO "KM"."SYS_ROLE_PERMISSION" VALUES ('1465208675290345473', '1465206055167356930', '1453933027082489858', NULL, TO_DATE('2021-11-29 14:39:05', 'SYYYY-MM-DD HH24:MI:SS'), '172.16.8.223');
INSERT INTO "KM"."SYS_ROLE_PERMISSION" VALUES ('1465208675290345474', '1465206055167356930', '1415145872468893697', NULL, TO_DATE('2021-11-29 14:39:05', 'SYYYY-MM-DD HH24:MI:SS'), '172.16.8.223');
INSERT INTO "KM"."SYS_ROLE_PERMISSION" VALUES ('1465208675294539778', '1465206055167356930', '1422846497589129218', NULL, TO_DATE('2021-11-29 14:39:05', 'SYYYY-MM-DD HH24:MI:SS'), '172.16.8.223');
INSERT INTO "KM"."SYS_ROLE_PERMISSION" VALUES ('1465208675298734084', '1465206055167356930', '1415156984451063809', NULL, TO_DATE('2021-11-29 14:39:05', 'SYYYY-MM-DD HH24:MI:SS'), '172.16.8.223');
INSERT INTO "KM"."SYS_ROLE_PERMISSION" VALUES ('1465208675298734085', '1465206055167356930', '1419574496959193090', NULL, TO_DATE('2021-11-29 14:39:05', 'SYYYY-MM-DD HH24:MI:SS'), '172.16.8.223');
INSERT INTO "KM"."SYS_ROLE_PERMISSION" VALUES ('1465208675298734086', '1465206055167356930', '1415216128377921537', NULL, TO_DATE('2021-11-29 14:39:05', 'SYYYY-MM-DD HH24:MI:SS'), '172.16.8.223');
INSERT INTO "KM"."SYS_ROLE_PERMISSION" VALUES ('1465208675298734087', '1465206055167356930', '1415277817119023106', NULL, TO_DATE('2021-11-29 14:39:05', 'SYYYY-MM-DD HH24:MI:SS'), '172.16.8.223');
INSERT INTO "KM"."SYS_ROLE_PERMISSION" VALUES ('1465208992543305730', '1465204097522102273', '9502685863ab87f0ad1134142788a385', NULL, TO_DATE('2021-11-29 14:40:20', 'SYYYY-MM-DD HH24:MI:SS'), '172.16.8.223');
INSERT INTO "KM"."SYS_ROLE_PERMISSION" VALUES ('1465209019693035522', '1465204931999854594', '9502685863ab87f0ad1134142788a385', NULL, TO_DATE('2021-11-29 14:40:27', 'SYYYY-MM-DD HH24:MI:SS'), '172.16.8.223');
INSERT INTO "KM"."SYS_ROLE_PERMISSION" VALUES ('1465209045148266498', '1465204888865632257', '9502685863ab87f0ad1134142788a385', NULL, TO_DATE('2021-11-29 14:40:33', 'SYYYY-MM-DD HH24:MI:SS'), '172.16.8.223');
INSERT INTO "KM"."SYS_ROLE_PERMISSION" VALUES ('1465225190387511297', '1465206011387211778', '9502685863ab87f0ad1134142788a385', NULL, TO_DATE('2021-11-29 15:44:42', 'SYYYY-MM-DD HH24:MI:SS'), '172.16.10.16');
INSERT INTO "KM"."SYS_ROLE_PERMISSION" VALUES ('1465225190387511298', '1465206011387211778', '1415139394194399233', NULL, TO_DATE('2021-11-29 15:44:42', 'SYYYY-MM-DD HH24:MI:SS'), '172.16.10.16');
INSERT INTO "KM"."SYS_ROLE_PERMISSION" VALUES ('1465225190391705602', '1465206011387211778', '1453933027082489858', NULL, TO_DATE('2021-11-29 15:44:42', 'SYYYY-MM-DD HH24:MI:SS'), '172.16.10.16');
INSERT INTO "KM"."SYS_ROLE_PERMISSION" VALUES ('1465225190391705603', '1465206011387211778', '1415145872468893697', NULL, TO_DATE('2021-11-29 15:44:42', 'SYYYY-MM-DD HH24:MI:SS'), '172.16.10.16');
INSERT INTO "KM"."SYS_ROLE_PERMISSION" VALUES ('1465225190395899907', '1465206011387211778', '1415216128377921537', NULL, TO_DATE('2021-11-29 15:44:42', 'SYYYY-MM-DD HH24:MI:SS'), '172.16.10.16');
INSERT INTO "KM"."SYS_ROLE_PERMISSION" VALUES ('1465225190391705604', '1465206011387211778', '1415201088958537730', NULL, TO_DATE('2021-11-29 15:44:42', 'SYYYY-MM-DD HH24:MI:SS'), '172.16.10.16');
INSERT INTO "KM"."SYS_ROLE_PERMISSION" VALUES ('1465225190391705605', '1465206011387211778', '1415206488843919361', NULL, TO_DATE('2021-11-29 15:44:42', 'SYYYY-MM-DD HH24:MI:SS'), '172.16.10.16');
INSERT INTO "KM"."SYS_ROLE_PERMISSION" VALUES ('1465225190391705606', '1465206011387211778', '1422846497589129218', NULL, TO_DATE('2021-11-29 15:44:42', 'SYYYY-MM-DD HH24:MI:SS'), '172.16.10.16');
INSERT INTO "KM"."SYS_ROLE_PERMISSION" VALUES ('1465225190391705607', '1465206011387211778', '1420569665158332418', NULL, TO_DATE('2021-11-29 15:44:42', 'SYYYY-MM-DD HH24:MI:SS'), '172.16.10.16');
INSERT INTO "KM"."SYS_ROLE_PERMISSION" VALUES ('1465225190391705608', '1465206011387211778', '1420569168296886273', NULL, TO_DATE('2021-11-29 15:44:42', 'SYYYY-MM-DD HH24:MI:SS'), '172.16.10.16');
INSERT INTO "KM"."SYS_ROLE_PERMISSION" VALUES ('1465225190391705609', '1465206011387211778', '58857ff846e61794c69208e9d3a85466', NULL, TO_DATE('2021-11-29 15:44:42', 'SYYYY-MM-DD HH24:MI:SS'), '172.16.10.16');
INSERT INTO "KM"."SYS_ROLE_PERMISSION" VALUES ('1465208131721129985', '1465206103104057346', '1415156984451063809', NULL, TO_DATE('2021-11-29 14:36:55', 'SYYYY-MM-DD HH24:MI:SS'), '172.16.8.223');
INSERT INTO "KM"."SYS_ROLE_PERMISSION" VALUES ('1465208131729518594', '1465206103104057346', '1420569665158332418', NULL, TO_DATE('2021-11-29 14:36:55', 'SYYYY-MM-DD HH24:MI:SS'), '172.16.8.223');
INSERT INTO "KM"."SYS_ROLE_PERMISSION" VALUES ('1465208131729518595', '1465206103104057346', '9502685863ab87f0ad1134142788a385', NULL, TO_DATE('2021-11-29 14:36:55', 'SYYYY-MM-DD HH24:MI:SS'), '172.16.8.223');
INSERT INTO "KM"."SYS_ROLE_PERMISSION" VALUES ('1465208131729518596', '1465206103104057346', '1415139394194399233', NULL, TO_DATE('2021-11-29 14:36:55', 'SYYYY-MM-DD HH24:MI:SS'), '172.16.8.223');
INSERT INTO "KM"."SYS_ROLE_PERMISSION" VALUES ('1465208131729518597', '1465206103104057346', '1453933027082489858', NULL, TO_DATE('2021-11-29 14:36:55', 'SYYYY-MM-DD HH24:MI:SS'), '172.16.8.223');
INSERT INTO "KM"."SYS_ROLE_PERMISSION" VALUES ('1465208131733712898', '1465206103104057346', '1415145872468893697', NULL, TO_DATE('2021-11-29 14:36:55', 'SYYYY-MM-DD HH24:MI:SS'), '172.16.8.223');
INSERT INTO "KM"."SYS_ROLE_PERMISSION" VALUES ('1465208131733712899', '1465206103104057346', '1415201088958537730', NULL, TO_DATE('2021-11-29 14:36:55', 'SYYYY-MM-DD HH24:MI:SS'), '172.16.8.223');
INSERT INTO "KM"."SYS_ROLE_PERMISSION" VALUES ('1465208131733712900', '1465206103104057346', '1415206488843919361', NULL, TO_DATE('2021-11-29 14:36:55', 'SYYYY-MM-DD HH24:MI:SS'), '172.16.8.223');
INSERT INTO "KM"."SYS_ROLE_PERMISSION" VALUES ('1465225190391705610', '1465206011387211778', '1415156984451063809', NULL, TO_DATE('2021-11-29 15:44:42', 'SYYYY-MM-DD HH24:MI:SS'), '172.16.10.16');
INSERT INTO "KM"."SYS_ROLE_PERMISSION" VALUES ('1465225190395899906', '1465206011387211778', '1419574496959193090', NULL, TO_DATE('2021-11-29 15:44:42', 'SYYYY-MM-DD HH24:MI:SS'), '172.16.10.16');
INSERT INTO "KM"."SYS_ROLE_PERMISSION" VALUES ('1465225190395899908', '1465206011387211778', '1415277817119023106', NULL, TO_DATE('2021-11-29 15:44:42', 'SYYYY-MM-DD HH24:MI:SS'), '172.16.10.16');
INSERT INTO "KM"."SYS_ROLE_PERMISSION" VALUES ('1465222152000139273', '1465206180786761729', '58857ff846e61794c69208e9d3a85466', NULL, TO_DATE('2021-11-29 15:32:38', 'SYYYY-MM-DD HH24:MI:SS'), '172.16.10.16');
INSERT INTO "KM"."SYS_ROLE_PERMISSION" VALUES ('1465222152000139274', '1465206180786761729', '1415156984451063809', NULL, TO_DATE('2021-11-29 15:32:38', 'SYYYY-MM-DD HH24:MI:SS'), '172.16.10.16');
INSERT INTO "KM"."SYS_ROLE_PERMISSION" VALUES ('1465222152000139275', '1465206180786761729', '1419574496959193090', NULL, TO_DATE('2021-11-29 15:32:38', 'SYYYY-MM-DD HH24:MI:SS'), '172.16.10.16');
INSERT INTO "KM"."SYS_ROLE_PERMISSION" VALUES ('1465222152000139276', '1465206180786761729', '1415216128377921537', NULL, TO_DATE('2021-11-29 15:32:38', 'SYYYY-MM-DD HH24:MI:SS'), '172.16.10.16');
INSERT INTO "KM"."SYS_ROLE_PERMISSION" VALUES ('1465222152004333569', '1465206180786761729', '1415277817119023106', NULL, TO_DATE('2021-11-29 15:32:38', 'SYYYY-MM-DD HH24:MI:SS'), '172.16.10.16');
INSERT INTO "KM"."SYS_ROLE_PERMISSION" VALUES ('1465222152004333570', '1465206180786761729', 'd7d6e2e4e2934f2c9385a623fd98c6f3', NULL, TO_DATE('2021-11-29 15:32:38', 'SYYYY-MM-DD HH24:MI:SS'), '172.16.10.16');
INSERT INTO "KM"."SYS_ROLE_PERMISSION" VALUES ('1465222152004333571', '1465206180786761729', '3f915b2769fc80648e92d04e84ca059d', NULL, TO_DATE('2021-11-29 15:32:38', 'SYYYY-MM-DD HH24:MI:SS'), '172.16.10.16');
INSERT INTO "KM"."SYS_ROLE_PERMISSION" VALUES ('1465222152004333572', '1465206180786761729', '190c2b43bec6a5f7a4194a85db67d96a', NULL, TO_DATE('2021-11-29 15:32:38', 'SYYYY-MM-DD HH24:MI:SS'), '172.16.10.16');
INSERT INTO "KM"."SYS_ROLE_PERMISSION" VALUES ('1465225621805232129', '1465205973319708673', '1453933027082489858', NULL, TO_DATE('2021-11-29 15:46:25', 'SYYYY-MM-DD HH24:MI:SS'), '172.16.10.16');
INSERT INTO "KM"."SYS_ROLE_PERMISSION" VALUES ('1465222152004333574', '1465206180786761729', '45c966826eeff4c99b8f8ebfe74511fc', NULL, TO_DATE('2021-11-29 15:32:38', 'SYYYY-MM-DD HH24:MI:SS'), '172.16.10.16');
INSERT INTO "KM"."SYS_ROLE_PERMISSION" VALUES ('1465222572277788674', '1465206141762957314', '9502685863ab87f0ad1134142788a385', NULL, TO_DATE('2021-11-29 15:34:18', 'SYYYY-MM-DD HH24:MI:SS'), '172.16.10.16');
INSERT INTO "KM"."SYS_ROLE_PERMISSION" VALUES ('1465222572281982977', '1465206141762957314', '1415139394194399233', NULL, TO_DATE('2021-11-29 15:34:18', 'SYYYY-MM-DD HH24:MI:SS'), '172.16.10.16');
INSERT INTO "KM"."SYS_ROLE_PERMISSION" VALUES ('1465222572281982978', '1465206141762957314', '1453933027082489858', NULL, TO_DATE('2021-11-29 15:34:18', 'SYYYY-MM-DD HH24:MI:SS'), '172.16.10.16');
INSERT INTO "KM"."SYS_ROLE_PERMISSION" VALUES ('1465222572281982979', '1465206141762957314', '1415145872468893697', NULL, TO_DATE('2021-11-29 15:34:18', 'SYYYY-MM-DD HH24:MI:SS'), '172.16.10.16');
INSERT INTO "KM"."SYS_ROLE_PERMISSION" VALUES ('1465222572281982980', '1465206141762957314', '1415201088958537730', NULL, TO_DATE('2021-11-29 15:34:18', 'SYYYY-MM-DD HH24:MI:SS'), '172.16.10.16');
INSERT INTO "KM"."SYS_ROLE_PERMISSION" VALUES ('1465222572281982981', '1465206141762957314', '1415206488843919361', NULL, TO_DATE('2021-11-29 15:34:18', 'SYYYY-MM-DD HH24:MI:SS'), '172.16.10.16');
INSERT INTO "KM"."SYS_ROLE_PERMISSION" VALUES ('1465222572281982982', '1465206141762957314', '1422846497589129218', NULL, TO_DATE('2021-11-29 15:34:18', 'SYYYY-MM-DD HH24:MI:SS'), '172.16.10.16');
INSERT INTO "KM"."SYS_ROLE_PERMISSION" VALUES ('1465222572281982983', '1465206141762957314', '1420569665158332418', NULL, TO_DATE('2021-11-29 15:34:18', 'SYYYY-MM-DD HH24:MI:SS'), '172.16.10.16');
INSERT INTO "KM"."SYS_ROLE_PERMISSION" VALUES ('1465222572281982984', '1465206141762957314', '1420569168296886273', NULL, TO_DATE('2021-11-29 15:34:18', 'SYYYY-MM-DD HH24:MI:SS'), '172.16.10.16');
INSERT INTO "KM"."SYS_ROLE_PERMISSION" VALUES ('1465222572281982985', '1465206141762957314', '58857ff846e61794c69208e9d3a85466', NULL, TO_DATE('2021-11-29 15:34:18', 'SYYYY-MM-DD HH24:MI:SS'), '172.16.10.16');
INSERT INTO "KM"."SYS_ROLE_PERMISSION" VALUES ('1465222572281982986', '1465206141762957314', '1415156984451063809', NULL, TO_DATE('2021-11-29 15:34:18', 'SYYYY-MM-DD HH24:MI:SS'), '172.16.10.16');
INSERT INTO "KM"."SYS_ROLE_PERMISSION" VALUES ('1465222572281982987', '1465206141762957314', '1419574496959193090', NULL, TO_DATE('2021-11-29 15:34:18', 'SYYYY-MM-DD HH24:MI:SS'), '172.16.10.16');
INSERT INTO "KM"."SYS_ROLE_PERMISSION" VALUES ('1465222572281982988', '1465206141762957314', '1415216128377921537', NULL, TO_DATE('2021-11-29 15:34:18', 'SYYYY-MM-DD HH24:MI:SS'), '172.16.10.16');
INSERT INTO "KM"."SYS_ROLE_PERMISSION" VALUES ('1465222572281982989', '1465206141762957314', '1415277817119023106', NULL, TO_DATE('2021-11-29 15:34:18', 'SYYYY-MM-DD HH24:MI:SS'), '172.16.10.16');
INSERT INTO "KM"."SYS_ROLE_PERMISSION" VALUES ('1465225621805232130', '1465205973319708673', '9502685863ab87f0ad1134142788a385', NULL, TO_DATE('2021-11-29 15:46:25', 'SYYYY-MM-DD HH24:MI:SS'), '172.16.10.16');
INSERT INTO "KM"."SYS_ROLE_PERMISSION" VALUES ('1465225621809426433', '1465205973319708673', '9cb91b8851db0cf7b19d7ecc2a8193dd', NULL, TO_DATE('2021-11-29 15:46:25', 'SYYYY-MM-DD HH24:MI:SS'), '172.16.10.16');
INSERT INTO "KM"."SYS_ROLE_PERMISSION" VALUES ('1465225621809426434', '1465205973319708673', 'b1cb0a3fedf7ed0e4653cb5a229837ee', NULL, TO_DATE('2021-11-29 15:46:25', 'SYYYY-MM-DD HH24:MI:SS'), '172.16.10.16');
INSERT INTO "KM"."SYS_ROLE_PERMISSION" VALUES ('1465232338127450118', '1465205076191637506', '1422846497589129218', NULL, TO_DATE('2021-11-29 16:13:06', 'SYYYY-MM-DD HH24:MI:SS'), '172.16.10.16');
INSERT INTO "KM"."SYS_ROLE_PERMISSION" VALUES ('1465225621809426435', '1465205973319708673', 'b6bcee2ccc854052d3cc3e9c96d90197', NULL, TO_DATE('2021-11-29 15:46:25', 'SYYYY-MM-DD HH24:MI:SS'), '172.16.10.16');
INSERT INTO "KM"."SYS_ROLE_PERMISSION" VALUES ('1465225621809426436', '1465205973319708673', '1415145872468893697', NULL, TO_DATE('2021-11-29 15:46:25', 'SYYYY-MM-DD HH24:MI:SS'), '172.16.10.16');
INSERT INTO "KM"."SYS_ROLE_PERMISSION" VALUES ('1465225621809426437', '1465205973319708673', '1420569168296886273', NULL, TO_DATE('2021-11-29 15:46:25', 'SYYYY-MM-DD HH24:MI:SS'), '172.16.10.16');
INSERT INTO "KM"."SYS_ROLE_PERMISSION" VALUES ('1465225621809426438', '1465205973319708673', '1415139394194399233', NULL, TO_DATE('2021-11-29 15:46:25', 'SYYYY-MM-DD HH24:MI:SS'), '172.16.10.16');
INSERT INTO "KM"."SYS_ROLE_PERMISSION" VALUES ('1465222151995944962', '1465206180786761729', '9502685863ab87f0ad1134142788a385', NULL, TO_DATE('2021-11-29 15:32:38', 'SYYYY-MM-DD HH24:MI:SS'), '172.16.10.16');
INSERT INTO "KM"."SYS_ROLE_PERMISSION" VALUES ('1465222152000139265', '1465206180786761729', '1415139394194399233', NULL, TO_DATE('2021-11-29 15:32:38', 'SYYYY-MM-DD HH24:MI:SS'), '172.16.10.16');
INSERT INTO "KM"."SYS_ROLE_PERMISSION" VALUES ('1465222152000139266', '1465206180786761729', '1453933027082489858', NULL, TO_DATE('2021-11-29 15:32:38', 'SYYYY-MM-DD HH24:MI:SS'), '172.16.10.16');
INSERT INTO "KM"."SYS_ROLE_PERMISSION" VALUES ('1465222152000139267', '1465206180786761729', '1415145872468893697', NULL, TO_DATE('2021-11-29 15:32:38', 'SYYYY-MM-DD HH24:MI:SS'), '172.16.10.16');
INSERT INTO "KM"."SYS_ROLE_PERMISSION" VALUES ('1465222152000139268', '1465206180786761729', '1415201088958537730', NULL, TO_DATE('2021-11-29 15:32:38', 'SYYYY-MM-DD HH24:MI:SS'), '172.16.10.16');
INSERT INTO "KM"."SYS_ROLE_PERMISSION" VALUES ('1465222152000139269', '1465206180786761729', '1415206488843919361', NULL, TO_DATE('2021-11-29 15:32:38', 'SYYYY-MM-DD HH24:MI:SS'), '172.16.10.16');
INSERT INTO "KM"."SYS_ROLE_PERMISSION" VALUES ('1465222152000139270', '1465206180786761729', '1422846497589129218', NULL, TO_DATE('2021-11-29 15:32:38', 'SYYYY-MM-DD HH24:MI:SS'), '172.16.10.16');
INSERT INTO "KM"."SYS_ROLE_PERMISSION" VALUES ('1465222152000139271', '1465206180786761729', '1420569665158332418', NULL, TO_DATE('2021-11-29 15:32:38', 'SYYYY-MM-DD HH24:MI:SS'), '172.16.10.16');
INSERT INTO "KM"."SYS_ROLE_PERMISSION" VALUES ('1465222152000139272', '1465206180786761729', '1420569168296886273', NULL, TO_DATE('2021-11-29 15:32:38', 'SYYYY-MM-DD HH24:MI:SS'), '172.16.10.16');
INSERT INTO "KM"."SYS_ROLE_PERMISSION" VALUES ('1465225621809426439', '1465205973319708673', '8d1ebd663688965f1fd86a2f0ead3416', NULL, TO_DATE('2021-11-29 15:46:25', 'SYYYY-MM-DD HH24:MI:SS'), '172.16.10.16');
INSERT INTO "KM"."SYS_ROLE_PERMISSION" VALUES ('1465225621809426440', '1465205973319708673', '3f915b2769fc80648e92d04e84ca059d', NULL, TO_DATE('2021-11-29 15:46:25', 'SYYYY-MM-DD HH24:MI:SS'), '172.16.10.16');
INSERT INTO "KM"."SYS_ROLE_PERMISSION" VALUES ('1465225621809426441', '1465205973319708673', '190c2b43bec6a5f7a4194a85db67d96a', NULL, TO_DATE('2021-11-29 15:46:25', 'SYYYY-MM-DD HH24:MI:SS'), '172.16.10.16');
INSERT INTO "KM"."SYS_ROLE_PERMISSION" VALUES ('1465225621809426442', '1465205973319708673', '54dd5457a3190740005c1bfec55b1c34', NULL, TO_DATE('2021-11-29 15:46:25', 'SYYYY-MM-DD HH24:MI:SS'), '172.16.10.16');
INSERT INTO "KM"."SYS_ROLE_PERMISSION" VALUES ('1465225621809426443', '1465205973319708673', '45c966826eeff4c99b8f8ebfe74511fc', NULL, TO_DATE('2021-11-29 15:46:25', 'SYYYY-MM-DD HH24:MI:SS'), '172.16.10.16');
INSERT INTO "KM"."SYS_ROLE_PERMISSION" VALUES ('1465225621809426444', '1465205973319708673', '1420569665158332418', NULL, TO_DATE('2021-11-29 15:46:25', 'SYYYY-MM-DD HH24:MI:SS'), '172.16.10.16');
INSERT INTO "KM"."SYS_ROLE_PERMISSION" VALUES ('1465225621809426445', '1465205973319708673', '1415201088958537730', NULL, TO_DATE('2021-11-29 15:46:25', 'SYYYY-MM-DD HH24:MI:SS'), '172.16.10.16');
INSERT INTO "KM"."SYS_ROLE_PERMISSION" VALUES ('1465232762247081992', '1465204139569999873', '1420569665158332418', NULL, TO_DATE('2021-11-29 16:14:47', 'SYYYY-MM-DD HH24:MI:SS'), '172.16.10.16');
INSERT INTO "KM"."SYS_ROLE_PERMISSION" VALUES ('1465232762247081993', '1465204139569999873', '1420569168296886273', NULL, TO_DATE('2021-11-29 16:14:47', 'SYYYY-MM-DD HH24:MI:SS'), '172.16.10.16');
INSERT INTO "KM"."SYS_ROLE_PERMISSION" VALUES ('1465232762251276290', '1465204139569999873', '58857ff846e61794c69208e9d3a85466', NULL, TO_DATE('2021-11-29 16:14:47', 'SYYYY-MM-DD HH24:MI:SS'), '172.16.10.16');
INSERT INTO "KM"."SYS_ROLE_PERMISSION" VALUES ('1465232762251276291', '1465204139569999873', '1415156984451063809', NULL, TO_DATE('2021-11-29 16:14:47', 'SYYYY-MM-DD HH24:MI:SS'), '172.16.10.16');
INSERT INTO "KM"."SYS_ROLE_PERMISSION" VALUES ('1465232762251276292', '1465204139569999873', '1419574496959193090', NULL, TO_DATE('2021-11-29 16:14:47', 'SYYYY-MM-DD HH24:MI:SS'), '172.16.10.16');
INSERT INTO "KM"."SYS_ROLE_PERMISSION" VALUES ('1465232762251276293', '1465204139569999873', '1415216128377921537', NULL, TO_DATE('2021-11-29 16:14:47', 'SYYYY-MM-DD HH24:MI:SS'), '172.16.10.16');
INSERT INTO "KM"."SYS_ROLE_PERMISSION" VALUES ('1465232762251276294', '1465204139569999873', '1415277817119023106', NULL, TO_DATE('2021-11-29 16:14:47', 'SYYYY-MM-DD HH24:MI:SS'), '172.16.10.16');
INSERT INTO "KM"."SYS_ROLE_PERMISSION" VALUES ('1479405366914613250', '1465205973319708673', '1479403666111758338', NULL, TO_DATE('2022-01-07 18:51:40', 'SYYYY-MM-DD HH24:MI:SS'), '172.16.10.16');
INSERT INTO "KM"."SYS_ROLE_PERMISSION" VALUES ('1479405366923001858', '1465205973319708673', '1479403940150804481', NULL, TO_DATE('2022-01-07 18:51:40', 'SYYYY-MM-DD HH24:MI:SS'), '172.16.10.16');
INSERT INTO "KM"."SYS_ROLE_PERMISSION" VALUES ('1479405457373167618', '1465206225053446145', '1479403666111758338', NULL, TO_DATE('2022-01-07 18:52:01', 'SYYYY-MM-DD HH24:MI:SS'), '172.16.10.16');
INSERT INTO "KM"."SYS_ROLE_PERMISSION" VALUES ('1479405457377361921', '1465206225053446145', '1479403940150804481', NULL, TO_DATE('2022-01-07 18:52:01', 'SYYYY-MM-DD HH24:MI:SS'), '172.16.10.16');
INSERT INTO "KM"."SYS_ROLE_PERMISSION" VALUES ('1479405525127954433', '1465206180786761729', '1479403666111758338', NULL, TO_DATE('2022-01-07 18:52:17', 'SYYYY-MM-DD HH24:MI:SS'), '172.16.10.16');
INSERT INTO "KM"."SYS_ROLE_PERMISSION" VALUES ('1479405525132148737', '1465206180786761729', '1479403940150804481', NULL, TO_DATE('2022-01-07 18:52:17', 'SYYYY-MM-DD HH24:MI:SS'), '172.16.10.16');
INSERT INTO "KM"."SYS_ROLE_PERMISSION" VALUES ('1479405560867618818', '1465206141762957314', '1479403666111758338', NULL, TO_DATE('2022-01-07 18:52:26', 'SYYYY-MM-DD HH24:MI:SS'), '172.16.10.16');
INSERT INTO "KM"."SYS_ROLE_PERMISSION" VALUES ('1479405560867618819', '1465206141762957314', '1479403940150804481', NULL, TO_DATE('2022-01-07 18:52:26', 'SYYYY-MM-DD HH24:MI:SS'), '172.16.10.16');
INSERT INTO "KM"."SYS_ROLE_PERMISSION" VALUES ('1479405589246279681', '1465206103104057346', '1479403666111758338', NULL, TO_DATE('2022-01-07 18:52:33', 'SYYYY-MM-DD HH24:MI:SS'), '172.16.10.16');
INSERT INTO "KM"."SYS_ROLE_PERMISSION" VALUES ('1479405589250473985', '1465206103104057346', '1479403940150804481', NULL, TO_DATE('2022-01-07 18:52:33', 'SYYYY-MM-DD HH24:MI:SS'), '172.16.10.16');
INSERT INTO "KM"."SYS_ROLE_PERMISSION" VALUES ('1479405625665421314', '1465206055167356930', '1479403940150804481', NULL, TO_DATE('2022-01-07 18:52:41', 'SYYYY-MM-DD HH24:MI:SS'), '172.16.10.16');
INSERT INTO "KM"."SYS_ROLE_PERMISSION" VALUES ('1479405625669615618', '1465206055167356930', '1479403666111758338', NULL, TO_DATE('2022-01-07 18:52:41', 'SYYYY-MM-DD HH24:MI:SS'), '172.16.10.16');
INSERT INTO "KM"."SYS_ROLE_PERMISSION" VALUES ('1479405663128944641', '1465206011387211778', '1479403666111758338', NULL, TO_DATE('2022-01-07 18:52:50', 'SYYYY-MM-DD HH24:MI:SS'), '172.16.10.16');
INSERT INTO "KM"."SYS_ROLE_PERMISSION" VALUES ('1479405687120363522', '1465206011387211778', '1479403940150804481', NULL, TO_DATE('2022-01-07 18:52:56', 'SYYYY-MM-DD HH24:MI:SS'), '172.16.10.16');
INSERT INTO "KM"."SYS_ROLE_PERMISSION" VALUES ('1479405745601544193', '1465205933301854209', '1479403666111758338', NULL, TO_DATE('2022-01-07 18:53:10', 'SYYYY-MM-DD HH24:MI:SS'), '172.16.10.16');
INSERT INTO "KM"."SYS_ROLE_PERMISSION" VALUES ('1479405745601544194', '1465205933301854209', '1479403940150804481', NULL, TO_DATE('2022-01-07 18:53:10', 'SYYYY-MM-DD HH24:MI:SS'), '172.16.10.16');
INSERT INTO "KM"."SYS_ROLE_PERMISSION" VALUES ('1479405803759763458', '1465205117388091393', '1479403666111758338', NULL, TO_DATE('2022-01-07 18:53:24', 'SYYYY-MM-DD HH24:MI:SS'), '172.16.10.16');
INSERT INTO "KM"."SYS_ROLE_PERMISSION" VALUES ('1479405803763957762', '1465205117388091393', '1479403940150804481', NULL, TO_DATE('2022-01-07 18:53:24', 'SYYYY-MM-DD HH24:MI:SS'), '172.16.10.16');
INSERT INTO "KM"."SYS_ROLE_PERMISSION" VALUES ('1479405844062830593', '1465205076191637506', '1479403666111758338', NULL, TO_DATE('2022-01-07 18:53:33', 'SYYYY-MM-DD HH24:MI:SS'), '172.16.10.16');
INSERT INTO "KM"."SYS_ROLE_PERMISSION" VALUES ('1479405844067024897', '1465205076191637506', '1479403940150804481', NULL, TO_DATE('2022-01-07 18:53:33', 'SYYYY-MM-DD HH24:MI:SS'), '172.16.10.16');
INSERT INTO "KM"."SYS_ROLE_PERMISSION" VALUES ('1479405878493872129', '1465204969673093122', '1479403666111758338', NULL, TO_DATE('2022-01-07 18:53:42', 'SYYYY-MM-DD HH24:MI:SS'), '172.16.10.16');
INSERT INTO "KM"."SYS_ROLE_PERMISSION" VALUES ('1479405878498066433', '1465204969673093122', '1479403940150804481', NULL, TO_DATE('2022-01-07 18:53:42', 'SYYYY-MM-DD HH24:MI:SS'), '172.16.10.16');
INSERT INTO "KM"."SYS_ROLE_PERMISSION" VALUES ('1479405907883360258', '1465204931999854594', '1479403666111758338', NULL, TO_DATE('2022-01-07 18:53:49', 'SYYYY-MM-DD HH24:MI:SS'), '172.16.10.16');
INSERT INTO "KM"."SYS_ROLE_PERMISSION" VALUES ('1479405907883360259', '1465204931999854594', '1479403940150804481', NULL, TO_DATE('2022-01-07 18:53:49', 'SYYYY-MM-DD HH24:MI:SS'), '172.16.10.16');
INSERT INTO "KM"."SYS_ROLE_PERMISSION" VALUES ('1479405957627805697', '1465204848315101185', '1479403666111758338', NULL, TO_DATE('2022-01-07 18:54:00', 'SYYYY-MM-DD HH24:MI:SS'), '172.16.10.16');
INSERT INTO "KM"."SYS_ROLE_PERMISSION" VALUES ('1479405957632000002', '1465204848315101185', '1479403940150804481', NULL, TO_DATE('2022-01-07 18:54:00', 'SYYYY-MM-DD HH24:MI:SS'), '172.16.10.16');
INSERT INTO "KM"."SYS_ROLE_PERMISSION" VALUES ('1479406002318114818', '1465204206678863874', '1479403666111758338', NULL, TO_DATE('2022-01-07 18:54:11', 'SYYYY-MM-DD HH24:MI:SS'), '172.16.10.16');
INSERT INTO "KM"."SYS_ROLE_PERMISSION" VALUES ('1479406002318114819', '1465204206678863874', '1479403940150804481', NULL, TO_DATE('2022-01-07 18:54:11', 'SYYYY-MM-DD HH24:MI:SS'), '172.16.10.16');
INSERT INTO "KM"."SYS_ROLE_PERMISSION" VALUES ('1479406038510764034', '1465204097522102273', '1479403666111758338', NULL, TO_DATE('2022-01-07 18:54:20', 'SYYYY-MM-DD HH24:MI:SS'), '172.16.10.16');
INSERT INTO "KM"."SYS_ROLE_PERMISSION" VALUES ('1479406038510764035', '1465204097522102273', '1479403940150804481', NULL, TO_DATE('2022-01-07 18:54:20', 'SYYYY-MM-DD HH24:MI:SS'), '172.16.10.16');
INSERT INTO "KM"."SYS_ROLE_PERMISSION" VALUES ('1479406064460922882', '1465204139569999873', '1479403666111758338', NULL, TO_DATE('2022-01-07 18:54:26', 'SYYYY-MM-DD HH24:MI:SS'), '172.16.10.16');
INSERT INTO "KM"."SYS_ROLE_PERMISSION" VALUES ('1479406064465117185', '1465204139569999873', '1479403940150804481', NULL, TO_DATE('2022-01-07 18:54:26', 'SYYYY-MM-DD HH24:MI:SS'), '172.16.10.16');
INSERT INTO "KM"."SYS_ROLE_PERMISSION" VALUES ('1479406843347369985', '1465206225053446145', '1479406781603020802', NULL, TO_DATE('2022-01-07 18:57:32', 'SYYYY-MM-DD HH24:MI:SS'), '172.16.10.16');
INSERT INTO "KM"."SYS_ROLE_PERMISSION" VALUES ('1479406877191208961', '1465206180786761729', '1479406781603020802', NULL, TO_DATE('2022-01-07 18:57:40', 'SYYYY-MM-DD HH24:MI:SS'), '172.16.10.16');
INSERT INTO "KM"."SYS_ROLE_PERMISSION" VALUES ('1479406901287485441', '1465206141762957314', '1479406781603020802', NULL, TO_DATE('2022-01-07 18:57:45', 'SYYYY-MM-DD HH24:MI:SS'), '172.16.10.16');
INSERT INTO "KM"."SYS_ROLE_PERMISSION" VALUES ('1479406924523929601', '1465206103104057346', '1479406781603020802', NULL, TO_DATE('2022-01-07 18:57:51', 'SYYYY-MM-DD HH24:MI:SS'), '172.16.10.16');
INSERT INTO "KM"."SYS_ROLE_PERMISSION" VALUES ('1479406945663221762', '1465206055167356930', '1479406781603020802', NULL, TO_DATE('2022-01-07 18:57:56', 'SYYYY-MM-DD HH24:MI:SS'), '172.16.10.16');
INSERT INTO "KM"."SYS_ROLE_PERMISSION" VALUES ('1479406984867381250', '1465206011387211778', '1479406781603020802', NULL, TO_DATE('2022-01-07 18:58:05', 'SYYYY-MM-DD HH24:MI:SS'), '172.16.10.16');
INSERT INTO "KM"."SYS_ROLE_PERMISSION" VALUES ('1479407015292862465', '1465205973319708673', '1479406781603020802', NULL, TO_DATE('2022-01-07 18:58:13', 'SYYYY-MM-DD HH24:MI:SS'), '172.16.10.16');
INSERT INTO "KM"."SYS_ROLE_PERMISSION" VALUES ('1479407043344367618', '1465205933301854209', '1479406781603020802', NULL, TO_DATE('2022-01-07 18:58:19', 'SYYYY-MM-DD HH24:MI:SS'), '172.16.10.16');
INSERT INTO "KM"."SYS_ROLE_PERMISSION" VALUES ('1479407070833836033', '1465205117388091393', '1479406781603020802', NULL, TO_DATE('2022-01-07 18:58:26', 'SYYYY-MM-DD HH24:MI:SS'), '172.16.10.16');
INSERT INTO "KM"."SYS_ROLE_PERMISSION" VALUES ('1479407101133488129', '1465205076191637506', '1479406781603020802', NULL, TO_DATE('2022-01-07 18:58:33', 'SYYYY-MM-DD HH24:MI:SS'), '172.16.10.16');
INSERT INTO "KM"."SYS_ROLE_PERMISSION" VALUES ('1479407135044435969', '1465204969673093122', '1479406781603020802', NULL, TO_DATE('2022-01-07 18:58:41', 'SYYYY-MM-DD HH24:MI:SS'), '172.16.10.16');
INSERT INTO "KM"."SYS_ROLE_PERMISSION" VALUES ('1479407158939385858', '1465204931999854594', '1479406781603020802', NULL, TO_DATE('2022-01-07 18:58:47', 'SYYYY-MM-DD HH24:MI:SS'), '172.16.10.16');
INSERT INTO "KM"."SYS_ROLE_PERMISSION" VALUES ('1479407204921540610', '1465204888865632257', '1479403666111758338', NULL, TO_DATE('2022-01-07 18:58:58', 'SYYYY-MM-DD HH24:MI:SS'), '172.16.10.16');
INSERT INTO "KM"."SYS_ROLE_PERMISSION" VALUES ('1479407204925734914', '1465204888865632257', '1479403940150804481', NULL, TO_DATE('2022-01-07 18:58:58', 'SYYYY-MM-DD HH24:MI:SS'), '172.16.10.16');
INSERT INTO "KM"."SYS_ROLE_PERMISSION" VALUES ('1479407204925734915', '1465204888865632257', '1479406781603020802', NULL, TO_DATE('2022-01-07 18:58:58', 'SYYYY-MM-DD HH24:MI:SS'), '172.16.10.16');
INSERT INTO "KM"."SYS_ROLE_PERMISSION" VALUES ('1479407236051664897', '1465204807349334017', '1479403666111758338', NULL, TO_DATE('2022-01-07 18:59:05', 'SYYYY-MM-DD HH24:MI:SS'), '172.16.10.16');
INSERT INTO "KM"."SYS_ROLE_PERMISSION" VALUES ('1479407236055859202', '1465204807349334017', '1479403940150804481', NULL, TO_DATE('2022-01-07 18:59:05', 'SYYYY-MM-DD HH24:MI:SS'), '172.16.10.16');
INSERT INTO "KM"."SYS_ROLE_PERMISSION" VALUES ('1479407236055859203', '1465204807349334017', '1479406781603020802', NULL, TO_DATE('2022-01-07 18:59:05', 'SYYYY-MM-DD HH24:MI:SS'), '172.16.10.16');
INSERT INTO "KM"."SYS_ROLE_PERMISSION" VALUES ('1479407258025623553', '1465204848315101185', '1479406781603020802', NULL, TO_DATE('2022-01-07 18:59:11', 'SYYYY-MM-DD HH24:MI:SS'), '172.16.10.16');
INSERT INTO "KM"."SYS_ROLE_PERMISSION" VALUES ('1479407296739049473', '1465204139569999873', '1479406781603020802', NULL, TO_DATE('2022-01-07 18:59:20', 'SYYYY-MM-DD HH24:MI:SS'), '172.16.10.16');
INSERT INTO "KM"."SYS_ROLE_PERMISSION" VALUES ('1479407320390729730', '1465204097522102273', '1479406781603020802', NULL, TO_DATE('2022-01-07 18:59:25', 'SYYYY-MM-DD HH24:MI:SS'), '172.16.10.16');
INSERT INTO "KM"."SYS_ROLE_PERMISSION" VALUES ('1479407425130889218', '1465204206678863874', '1479406781603020802', NULL, TO_DATE('2022-01-07 18:59:50', 'SYYYY-MM-DD HH24:MI:SS'), '172.16.10.16');
INSERT INTO "KM"."SYS_ROLE_PERMISSION" VALUES ('1479409592944328706', '1465205973319708673', '1479409341323837442', NULL, TO_DATE('2022-01-07 19:08:27', 'SYYYY-MM-DD HH24:MI:SS'), '172.16.10.16');
INSERT INTO "KM"."SYS_ROLE_PERMISSION" VALUES ('1479409592948523009', '1465205973319708673', '1479409506814296065', NULL, TO_DATE('2022-01-07 19:08:27', 'SYYYY-MM-DD HH24:MI:SS'), '172.16.10.16');
INSERT INTO "KM"."SYS_ROLE_PERMISSION" VALUES ('1499629533143351298', '1499629443989225474', '9502685863ab87f0ad1134142788a385', NULL, TO_DATE('2022-03-04 14:15:17', 'SYYYY-MM-DD HH24:MI:SS'), '192.168.10.204');
INSERT INTO "KM"."SYS_ROLE_PERMISSION" VALUES ('1499629533172711426', '1499629443989225474', '1453933027082489858', NULL, TO_DATE('2022-03-04 14:15:17', 'SYYYY-MM-DD HH24:MI:SS'), '192.168.10.204');
INSERT INTO "KM"."SYS_ROLE_PERMISSION" VALUES ('1499629533176905730', '1499629443989225474', '1479403666111758338', NULL, TO_DATE('2022-03-04 14:15:17', 'SYYYY-MM-DD HH24:MI:SS'), '192.168.10.204');
INSERT INTO "KM"."SYS_ROLE_PERMISSION" VALUES ('1499629533181100034', '1499629443989225474', '1479403940150804481', NULL, TO_DATE('2022-03-04 14:15:17', 'SYYYY-MM-DD HH24:MI:SS'), '192.168.10.204');
INSERT INTO "KM"."SYS_ROLE_PERMISSION" VALUES ('1499629533185294337', '1499629443989225474', '1479406781603020802', NULL, TO_DATE('2022-03-04 14:15:17', 'SYYYY-MM-DD HH24:MI:SS'), '192.168.10.204');
INSERT INTO "KM"."SYS_ROLE_PERMISSION" VALUES ('1499629533197877249', '1499629443989225474', 'b6bcee2ccc854052d3cc3e9c96d90197', NULL, TO_DATE('2022-03-04 14:15:17', 'SYYYY-MM-DD HH24:MI:SS'), '192.168.10.204');
INSERT INTO "KM"."SYS_ROLE_PERMISSION" VALUES ('1499629533202071553', '1499629443989225474', 'b1cb0a3fedf7ed0e4653cb5a229837ee', NULL, TO_DATE('2022-03-04 14:15:17', 'SYYYY-MM-DD HH24:MI:SS'), '192.168.10.204');
INSERT INTO "KM"."SYS_ROLE_PERMISSION" VALUES ('1499629533206265858', '1499629443989225474', '9cb91b8851db0cf7b19d7ecc2a8193dd', NULL, TO_DATE('2022-03-04 14:15:17', 'SYYYY-MM-DD HH24:MI:SS'), '192.168.10.204');
INSERT INTO "KM"."SYS_ROLE_PERMISSION" VALUES ('1499629533210460162', '1499629443989225474', '1420569168296886273', NULL, TO_DATE('2022-03-04 14:15:17', 'SYYYY-MM-DD HH24:MI:SS'), '192.168.10.204');
INSERT INTO "KM"."SYS_ROLE_PERMISSION" VALUES ('1499629533214654465', '1499629443989225474', '8d1ebd663688965f1fd86a2f0ead3416', NULL, TO_DATE('2022-03-04 14:15:17', 'SYYYY-MM-DD HH24:MI:SS'), '192.168.10.204');
INSERT INTO "KM"."SYS_ROLE_PERMISSION" VALUES ('1499629533218848770', '1499629443989225474', '1415145872468893697', NULL, TO_DATE('2022-03-04 14:15:17', 'SYYYY-MM-DD HH24:MI:SS'), '192.168.10.204');
INSERT INTO "KM"."SYS_ROLE_PERMISSION" VALUES ('1499629533223043074', '1499629443989225474', '1415139394194399233', NULL, TO_DATE('2022-03-04 14:15:17', 'SYYYY-MM-DD HH24:MI:SS'), '192.168.10.204');
INSERT INTO "KM"."SYS_ROLE_PERMISSION" VALUES ('1499629533227237378', '1499629443989225474', '3f915b2769fc80648e92d04e84ca059d', NULL, TO_DATE('2022-03-04 14:15:17', 'SYYYY-MM-DD HH24:MI:SS'), '192.168.10.204');
INSERT INTO "KM"."SYS_ROLE_PERMISSION" VALUES ('1499629533227237379', '1499629443989225474', '190c2b43bec6a5f7a4194a85db67d96a', NULL, TO_DATE('2022-03-04 14:15:17', 'SYYYY-MM-DD HH24:MI:SS'), '192.168.10.204');
INSERT INTO "KM"."SYS_ROLE_PERMISSION" VALUES ('1499629533231431682', '1499629443989225474', '54dd5457a3190740005c1bfec55b1c34', NULL, TO_DATE('2022-03-04 14:15:17', 'SYYYY-MM-DD HH24:MI:SS'), '192.168.10.204');
INSERT INTO "KM"."SYS_ROLE_PERMISSION" VALUES ('1499629533235625986', '1499629443989225474', '45c966826eeff4c99b8f8ebfe74511fc', NULL, TO_DATE('2022-03-04 14:15:17', 'SYYYY-MM-DD HH24:MI:SS'), '192.168.10.204');
INSERT INTO "KM"."SYS_ROLE_PERMISSION" VALUES ('1499629533244014594', '1499629443989225474', '1420569665158332418', NULL, TO_DATE('2022-03-04 14:15:17', 'SYYYY-MM-DD HH24:MI:SS'), '192.168.10.204');
INSERT INTO "KM"."SYS_ROLE_PERMISSION" VALUES ('1499629533248208898', '1499629443989225474', '1415156984451063809', NULL, TO_DATE('2022-03-04 14:15:17', 'SYYYY-MM-DD HH24:MI:SS'), '192.168.10.204');
INSERT INTO "KM"."SYS_ROLE_PERMISSION" VALUES ('1499629533248208899', '1499629443989225474', '109c78a583d4693ce2f16551b7786786', NULL, TO_DATE('2022-03-04 14:15:17', 'SYYYY-MM-DD HH24:MI:SS'), '192.168.10.204');
INSERT INTO "KM"."SYS_ROLE_PERMISSION" VALUES ('1499629533256597505', '1499629443989225474', '1415201088958537730', NULL, TO_DATE('2022-03-04 14:15:17', 'SYYYY-MM-DD HH24:MI:SS'), '192.168.10.204');
INSERT INTO "KM"."SYS_ROLE_PERMISSION" VALUES ('1499629533256597506', '1499629443989225474', '58857ff846e61794c69208e9d3a85466', NULL, TO_DATE('2022-03-04 14:15:17', 'SYYYY-MM-DD HH24:MI:SS'), '192.168.10.204');
INSERT INTO "KM"."SYS_ROLE_PERMISSION" VALUES ('1499629533260791810', '1499629443989225474', '841057b8a1bef8f6b4b20f9a618a7fa6', NULL, TO_DATE('2022-03-04 14:15:17', 'SYYYY-MM-DD HH24:MI:SS'), '192.168.10.204');
INSERT INTO "KM"."SYS_ROLE_PERMISSION" VALUES ('1499629533264986114', '1499629443989225474', '1415206488843919361', NULL, TO_DATE('2022-03-04 14:15:17', 'SYYYY-MM-DD HH24:MI:SS'), '192.168.10.204');
INSERT INTO "KM"."SYS_ROLE_PERMISSION" VALUES ('1499629533269180417', '1499629443989225474', '700b7f95165c46cc7a78bf227aa8fed3', NULL, TO_DATE('2022-03-04 14:15:17', 'SYYYY-MM-DD HH24:MI:SS'), '192.168.10.204');
INSERT INTO "KM"."SYS_ROLE_PERMISSION" VALUES ('1499629533269180418', '1499629443989225474', '1419574496959193090', NULL, TO_DATE('2022-03-04 14:15:17', 'SYYYY-MM-DD HH24:MI:SS'), '192.168.10.204');
INSERT INTO "KM"."SYS_ROLE_PERMISSION" VALUES ('1499629533273374721', '1499629443989225474', 'fc810a2267dd183e4ef7c71cc60f4670', NULL, TO_DATE('2022-03-04 14:15:17', 'SYYYY-MM-DD HH24:MI:SS'), '192.168.10.204');
INSERT INTO "KM"."SYS_ROLE_PERMISSION" VALUES ('1499629533273374722', '1499629443989225474', '024f1fd1283dc632458976463d8984e1', NULL, TO_DATE('2022-03-04 14:15:17', 'SYYYY-MM-DD HH24:MI:SS'), '192.168.10.204');
INSERT INTO "KM"."SYS_ROLE_PERMISSION" VALUES ('1499629533277569025', '1499629443989225474', '8b3bff2eee6f1939147f5c68292a1642', NULL, TO_DATE('2022-03-04 14:15:17', 'SYYYY-MM-DD HH24:MI:SS'), '192.168.10.204');
INSERT INTO "KM"."SYS_ROLE_PERMISSION" VALUES ('1499629533281763330', '1499629443989225474', '1422846497589129218', NULL, TO_DATE('2022-03-04 14:15:17', 'SYYYY-MM-DD HH24:MI:SS'), '192.168.10.204');
INSERT INTO "KM"."SYS_ROLE_PERMISSION" VALUES ('1499629533281763331', '1499629443989225474', 'd07a2c87a451434c99ab06296727ec4f', NULL, TO_DATE('2022-03-04 14:15:17', 'SYYYY-MM-DD HH24:MI:SS'), '192.168.10.204');
INSERT INTO "KM"."SYS_ROLE_PERMISSION" VALUES ('1499629533285957633', '1499629443989225474', '08e6b9dc3c04489c8e1ff2ce6f105aa4', NULL, TO_DATE('2022-03-04 14:15:17', 'SYYYY-MM-DD HH24:MI:SS'), '192.168.10.204');
INSERT INTO "KM"."SYS_ROLE_PERMISSION" VALUES ('1499629533290151937', '1499629443989225474', 'e41b69c57a941a3bbcce45032fe57605', NULL, TO_DATE('2022-03-04 14:15:17', 'SYYYY-MM-DD HH24:MI:SS'), '192.168.10.204');
INSERT INTO "KM"."SYS_ROLE_PERMISSION" VALUES ('1499629533294346242', '1499629443989225474', '97c8629abc7848eccdb6d77c24bb3ebb', NULL, TO_DATE('2022-03-04 14:15:17', 'SYYYY-MM-DD HH24:MI:SS'), '192.168.10.204');
INSERT INTO "KM"."SYS_ROLE_PERMISSION" VALUES ('1499629533294346243', '1499629443989225474', 'd7d6e2e4e2934f2c9385a623fd98c6f3', NULL, TO_DATE('2022-03-04 14:15:17', 'SYYYY-MM-DD HH24:MI:SS'), '192.168.10.204');
INSERT INTO "KM"."SYS_ROLE_PERMISSION" VALUES ('1499629533298540546', '1499629443989225474', '1479409341323837442', NULL, TO_DATE('2022-03-04 14:15:17', 'SYYYY-MM-DD HH24:MI:SS'), '192.168.10.204');
INSERT INTO "KM"."SYS_ROLE_PERMISSION" VALUES ('1499629533302734850', '1499629443989225474', '9fe26464838de2ea5e90f2367e35efa0', NULL, TO_DATE('2022-03-04 14:15:17', 'SYYYY-MM-DD HH24:MI:SS'), '192.168.10.204');
INSERT INTO "KM"."SYS_ROLE_PERMISSION" VALUES ('1499629533306929154', '1499629443989225474', '1415277817119023106', NULL, TO_DATE('2022-03-04 14:15:17', 'SYYYY-MM-DD HH24:MI:SS'), '192.168.10.204');
INSERT INTO "KM"."SYS_ROLE_PERMISSION" VALUES ('1499629533311123457', '1499629443989225474', '1415216128377921537', NULL, TO_DATE('2022-03-04 14:15:17', 'SYYYY-MM-DD HH24:MI:SS'), '192.168.10.204');
INSERT INTO "KM"."SYS_ROLE_PERMISSION" VALUES ('1499629533315317761', '1499629443989225474', '1479409506814296065', NULL, TO_DATE('2022-03-04 14:15:17', 'SYYYY-MM-DD HH24:MI:SS'), '192.168.10.204');
 
-- ----------------------------
-- Table structure for SYS_TENANT
-- ----------------------------
DROP TABLE "KM"."SYS_TENANT";
CREATE TABLE "KM"."SYS_TENANT" (
  "ID" NUMBER(11) NOT NULL ,
  "NAME" NVARCHAR2(100) ,
  "CREATE_TIME" DATE ,
  "CREATE_BY" NVARCHAR2(100) ,
  "BEGIN_DATE" DATE ,
  "END_DATE" DATE ,
  "STATUS" NUMBER(11) 
)
TABLESPACE "KM_TEST"
LOGGING
NOCOMPRESS
PCTFREE 10
INITRANS 1
STORAGE (
  INITIAL 65536 
  NEXT 1048576 
  MINEXTENTS 1
  MAXEXTENTS 2147483645
  BUFFER_POOL DEFAULT
)
PARALLEL 1
NOCACHE
DISABLE ROW MOVEMENT
;
COMMENT ON COLUMN "KM"."SYS_TENANT"."ID" IS '租户编码';
COMMENT ON COLUMN "KM"."SYS_TENANT"."NAME" IS '租户名称';
COMMENT ON COLUMN "KM"."SYS_TENANT"."CREATE_TIME" IS '创建时间';
COMMENT ON COLUMN "KM"."SYS_TENANT"."CREATE_BY" IS '创建人';
COMMENT ON COLUMN "KM"."SYS_TENANT"."BEGIN_DATE" IS '开始时间';
COMMENT ON COLUMN "KM"."SYS_TENANT"."END_DATE" IS '结束时间';
COMMENT ON COLUMN "KM"."SYS_TENANT"."STATUS" IS '状态 1正常 0冻结';
COMMENT ON TABLE "KM"."SYS_TENANT" IS '多租户信息表';

-- ----------------------------
-- Records of "SYS_TENANT"
-- ----------------------------
INSERT INTO "KM"."SYS_TENANT" VALUES ('1', '北京租户001', TO_DATE('2020-07-10 15:43:32', 'SYYYY-MM-DD HH24:MI:SS'), 'admin', NULL, NULL, '1');

-- ----------------------------
-- Table structure for SYS_THIRD_ACCOUNT
-- ----------------------------
DROP TABLE "KM"."SYS_THIRD_ACCOUNT";
CREATE TABLE "KM"."SYS_THIRD_ACCOUNT" (
  "ID" NVARCHAR2(32) NOT NULL ,
  "SYS_USER_ID" NVARCHAR2(32) ,
  "THIRD_TYPE" NVARCHAR2(255) ,
  "AVATAR" NVARCHAR2(255) ,
  "STATUS" NUMBER(4) ,
  "DEL_FLAG" NUMBER(4) ,
  "REALNAME" NVARCHAR2(100) ,
  "THIRD_USER_UUID" NVARCHAR2(100) ,
  "THIRD_USER_ID" NVARCHAR2(100) 
)
TABLESPACE "KM_TEST"
LOGGING
NOCOMPRESS
PCTFREE 10
INITRANS 1
STORAGE (
  BUFFER_POOL DEFAULT
)
PARALLEL 1
NOCACHE
DISABLE ROW MOVEMENT
;
COMMENT ON COLUMN "KM"."SYS_THIRD_ACCOUNT"."ID" IS '编号';
COMMENT ON COLUMN "KM"."SYS_THIRD_ACCOUNT"."SYS_USER_ID" IS '第三方登录id';
COMMENT ON COLUMN "KM"."SYS_THIRD_ACCOUNT"."THIRD_TYPE" IS '登录来源';
COMMENT ON COLUMN "KM"."SYS_THIRD_ACCOUNT"."AVATAR" IS '头像';
COMMENT ON COLUMN "KM"."SYS_THIRD_ACCOUNT"."STATUS" IS '状态(1-正常,2-冻结)';
COMMENT ON COLUMN "KM"."SYS_THIRD_ACCOUNT"."DEL_FLAG" IS '删除状态(0-正常,1-已删除)';
COMMENT ON COLUMN "KM"."SYS_THIRD_ACCOUNT"."REALNAME" IS '真实姓名';
COMMENT ON COLUMN "KM"."SYS_THIRD_ACCOUNT"."THIRD_USER_UUID" IS '第三方账号';
COMMENT ON COLUMN "KM"."SYS_THIRD_ACCOUNT"."THIRD_USER_ID" IS '第三方app用户账号';

-- ----------------------------
-- Table structure for SYS_USER
-- ----------------------------
DROP TABLE "KM"."SYS_USER";
CREATE TABLE "KM"."SYS_USER" (
  "ID" NVARCHAR2(32) NOT NULL ,
  "USERNAME" NVARCHAR2(100) ,
  "REALNAME" NVARCHAR2(100) ,
  "PASSWORD" NVARCHAR2(255) ,
  "SALT" NVARCHAR2(45) ,
  "AVATAR" NVARCHAR2(255) ,
  "BIRTHDAY" DATE ,
  "SEX" NUMBER(4) ,
  "EMAIL" NVARCHAR2(45) ,
  "PHONE" NVARCHAR2(45) ,
  "ORG_CODE" NVARCHAR2(64) ,
  "STATUS" NUMBER(4) ,
  "DEL_FLAG" NUMBER(4) ,
  "THIRD_ID" NVARCHAR2(100) ,
  "THIRD_TYPE" NVARCHAR2(100) ,
  "ACTIVITI_SYNC" NUMBER(4) ,
  "WORK_NO" NVARCHAR2(100) ,
  "POST" NVARCHAR2(100) ,
  "TELEPHONE" NVARCHAR2(45) ,
  "CREATE_BY" NVARCHAR2(32) ,
  "CREATE_TIME" DATE ,
  "UPDATE_BY" NVARCHAR2(32) ,
  "UPDATE_TIME" DATE ,
  "USER_IDENTITY" NUMBER(4) ,
  "DEPART_IDS" NCLOB ,
  "REL_TENANT_IDS" NVARCHAR2(100) ,
  "CLIENT_ID" NVARCHAR2(64) 
)
TABLESPACE "KM_TEST"
LOGGING
NOCOMPRESS
PCTFREE 10
INITRANS 1
STORAGE (
  INITIAL 65536 
  NEXT 1048576 
  MINEXTENTS 1
  MAXEXTENTS 2147483645
  BUFFER_POOL DEFAULT
)
PARALLEL 1
NOCACHE
DISABLE ROW MOVEMENT
;
COMMENT ON COLUMN "KM"."SYS_USER"."ID" IS '主键id';
COMMENT ON COLUMN "KM"."SYS_USER"."USERNAME" IS '登录账号';
COMMENT ON COLUMN "KM"."SYS_USER"."REALNAME" IS '真实姓名';
COMMENT ON COLUMN "KM"."SYS_USER"."PASSWORD" IS '密码';
COMMENT ON COLUMN "KM"."SYS_USER"."SALT" IS 'md5密码盐';
COMMENT ON COLUMN "KM"."SYS_USER"."AVATAR" IS '头像';
COMMENT ON COLUMN "KM"."SYS_USER"."BIRTHDAY" IS '生日';
COMMENT ON COLUMN "KM"."SYS_USER"."SEX" IS '性别(0-默认未知,1-男,2-女)';
COMMENT ON COLUMN "KM"."SYS_USER"."EMAIL" IS '电子邮件';
COMMENT ON COLUMN "KM"."SYS_USER"."PHONE" IS '电话';
COMMENT ON COLUMN "KM"."SYS_USER"."ORG_CODE" IS '机构编码';
COMMENT ON COLUMN "KM"."SYS_USER"."STATUS" IS '性别(1-正常,2-冻结)';
COMMENT ON COLUMN "KM"."SYS_USER"."DEL_FLAG" IS '删除状态(0-正常,1-已删除)';
COMMENT ON COLUMN "KM"."SYS_USER"."THIRD_ID" IS '第三方登录的唯一标识';
COMMENT ON COLUMN "KM"."SYS_USER"."THIRD_TYPE" IS '第三方类型';
COMMENT ON COLUMN "KM"."SYS_USER"."ACTIVITI_SYNC" IS '同步工作流引擎(1-同步,0-不同步)';
COMMENT ON COLUMN "KM"."SYS_USER"."WORK_NO" IS '工号，唯一键';
COMMENT ON COLUMN "KM"."SYS_USER"."POST" IS '职务，关联职务表';
COMMENT ON COLUMN "KM"."SYS_USER"."TELEPHONE" IS '座机号';
COMMENT ON COLUMN "KM"."SYS_USER"."CREATE_BY" IS '创建人';
COMMENT ON COLUMN "KM"."SYS_USER"."CREATE_TIME" IS '创建时间';
COMMENT ON COLUMN "KM"."SYS_USER"."UPDATE_BY" IS '更新人';
COMMENT ON COLUMN "KM"."SYS_USER"."UPDATE_TIME" IS '更新时间';
COMMENT ON COLUMN "KM"."SYS_USER"."USER_IDENTITY" IS '身份（1普通成员 2上级）';
COMMENT ON COLUMN "KM"."SYS_USER"."DEPART_IDS" IS '负责部门';
COMMENT ON COLUMN "KM"."SYS_USER"."REL_TENANT_IDS" IS '多租户标识';
COMMENT ON COLUMN "KM"."SYS_USER"."CLIENT_ID" IS '设备ID';
COMMENT ON TABLE "KM"."SYS_USER" IS '用户表';

-- ----------------------------
-- Records of "SYS_USER"
-- ----------------------------
INSERT INTO "KM"."SYS_USER" VALUES ('1465948125440077826', 'test_lin', '测试001', 'e2f1b475b193f64bb3c85985fec4c76f', 'kVjkFgfs', NULL, NULL, NULL, NULL, NULL, 'A01', '1', '0', 'ce23f269fc0748ef93b7573b32f68ea9', '0', NULL, NULL, NULL, NULL, NULL, TO_DATE('2021-12-01 15:37:23', 'SYYYY-MM-DD HH24:MI:SS'), NULL, TO_DATE('2021-12-24 17:53:04', 'SYYYY-MM-DD HH24:MI:SS'), NULL, NULL, NULL, NULL);
INSERT INTO "KM"."SYS_USER" VALUES ('1466289480045522945', 'liq', '李 四', '2fbc7fa8d8b8ecb2', 'duuM6EGY', NULL, NULL, NULL, NULL, NULL, 'A11', '1', '0', '5dc7562925174c7f8239e5d38f7e0d01', '1', NULL, NULL, NULL, NULL, NULL, TO_DATE('2021-12-02 14:13:49', 'SYYYY-MM-DD HH24:MI:SS'), NULL, TO_DATE('2022-01-18 14:57:57', 'SYYYY-MM-DD HH24:MI:SS'), NULL, NULL, NULL, NULL);
INSERT INTO "KM"."SYS_USER" VALUES ('1466296307252555777', 'lhm', '罗明', 'cc3308bf096a2e4f', 'VulKqfWT', NULL, NULL, NULL, NULL, NULL, 'A11', '1', '0', '810ac15d6ad743d3a2e54ed38bfacf2a', '1', NULL, NULL, NULL, NULL, NULL, TO_DATE('2021-12-02 14:40:56', 'SYYYY-MM-DD HH24:MI:SS'), NULL, TO_DATE('2022-01-28 09:37:40', 'SYYYY-MM-DD HH24:MI:SS'), NULL, NULL, NULL, NULL);
INSERT INTO "KM"."SYS_USER" VALUES ('1465952292695011330', 'rzx', '刘新', '718e327daa8106bf', 'kGINw4pR', NULL, NULL, NULL, NULL, NULL, 'A10', '1', '0', '66d99abc8a4441cf91134f3a49a5c8a8', '1', NULL, NULL, NULL, NULL, NULL, TO_DATE('2021-12-01 15:53:57', 'SYYYY-MM-DD HH24:MI:SS'), NULL, TO_DATE('2022-01-27 09:08:06', 'SYYYY-MM-DD HH24:MI:SS'), NULL, NULL, NULL, NULL);
INSERT INTO "KM"."SYS_USER" VALUES ('1465978193247825921', 'cyx', '程子轩', '27aee247ad46de6b', '9L77z6AC', NULL, NULL, NULL, NULL, NULL, 'A11', '1', '0', 'c467391517314c5b822a18d671e806d0', '1', NULL, NULL, NULL, NULL, NULL, TO_DATE('2021-12-01 17:36:52', 'SYYYY-MM-DD HH24:MI:SS'), NULL, TO_DATE('2022-02-21 17:11:26', 'SYYYY-MM-DD HH24:MI:SS'), NULL, NULL, NULL, NULL);
INSERT INTO "KM"."SYS_USER" VALUES ('e9ca23d68d884d4ebb19d07889727dae', 'admin_old', '管理员', 'cb362cfeefbf3d8d', 'RCGTeGiH', 'https://static.jeecg.com/temp/国炬软件logo_1606575029126.png', TO_DATE('2018-12-05 00:00:00', 'SYYYY-MM-DD HH24:MI:SS'), '1', 'jeecg@163.com', '18611111111', 'A01', '1', '0', NULL, NULL, '1', '00001', '总经理', NULL, NULL, TO_DATE('2019-06-21 17:54:10', 'SYYYY-MM-DD HH24:MI:SS'), 'admin', TO_DATE('2021-10-09 21:03:21', 'SYYYY-MM-DD HH24:MI:SS'), '2', 'c6d7cb4deeac411cb3384b1b31278596', NULL, NULL);
INSERT INTO "KM"."SYS_USER" VALUES ('1448560127207559169', 'ceshi', '测试', '8480d522fcf8d62c', 'bslhULTz', NULL, NULL, NULL, NULL, NULL, 'A01', '1', '0', 'bf4ff455bd3344e784cf2ba92ffee2e1', '0', NULL, NULL, NULL, NULL, NULL, TO_DATE('2021-10-14 16:03:41', 'SYYYY-MM-DD HH24:MI:SS'), 'ceshi', TO_DATE('2022-03-09 09:25:55', 'SYYYY-MM-DD HH24:MI:SS'), NULL, NULL, NULL, NULL);
INSERT INTO "KM"."SYS_USER" VALUES ('1465952566234935298', 'cl', '陈 玲', 'cbd29282bcf95990', 'GHfwVIzM', NULL, NULL, NULL, NULL, NULL, 'A10', '1', '0', '4f13743c9ab0414c91ebb662dfec30c9', '1', NULL, NULL, NULL, NULL, NULL, TO_DATE('2021-12-01 15:55:02', 'SYYYY-MM-DD HH24:MI:SS'), NULL, TO_DATE('2022-01-27 09:14:09', 'SYYYY-MM-DD HH24:MI:SS'), NULL, NULL, NULL, NULL);
INSERT INTO "KM"."SYS_USER" VALUES ('1466289866030542850', 'yang', '小杨', 'ef71cfcd081c229b', 'MAFSogj0', NULL, NULL, NULL, NULL, NULL, 'A01', '1', '0', '7ff0c57cace44e3f916ed368896d2369', '1', NULL, NULL, NULL, NULL, NULL, TO_DATE('2021-12-02 14:15:21', 'SYYYY-MM-DD HH24:MI:SS'), NULL, NULL, NULL, NULL, NULL, NULL);
INSERT INTO "KM"."SYS_USER" VALUES ('1466324796643045377', 'admin', '系统管理员', 'deae71d49478f34d', 'zDJYPCes', NULL, NULL, NULL, NULL, NULL, 'A04', '1', '0', '10001', '1', NULL, NULL, NULL, NULL, NULL, TO_DATE('2021-12-02 16:34:09', 'SYYYY-MM-DD HH24:MI:SS'), NULL, TO_DATE('2022-02-22 09:50:20', 'SYYYY-MM-DD HH24:MI:SS'), NULL, NULL, NULL, NULL);
INSERT INTO "KM"."SYS_USER" VALUES ('1470586246370770946', 'cyl', '曹玲', '990a0cc689ae5834', 'HSKNL8pu', NULL, NULL, NULL, NULL, NULL, 'A10', '1', '0', 'fcecf6b980654961a93b45622d70b729', '1', NULL, NULL, NULL, NULL, NULL, TO_DATE('2021-12-14 10:47:37', 'SYYYY-MM-DD HH24:MI:SS'), NULL, TO_DATE('2022-01-17 16:47:31', 'SYYYY-MM-DD HH24:MI:SS'), NULL, NULL, NULL, NULL);
INSERT INTO "KM"."SYS_USER" VALUES ('1476122148606083073', 'xy', '谢 宇', '813b08f07511f0e9', 'DwhIMftv', NULL, NULL, NULL, NULL, NULL, 'A11', '1', '0', '892341540ca74a12a1d806013edaf3c1', '1', NULL, NULL, NULL, NULL, NULL, TO_DATE('2021-12-29 17:25:19', 'SYYYY-MM-DD HH24:MI:SS'), NULL, TO_DATE('2022-01-17 01:35:08', 'SYYYY-MM-DD HH24:MI:SS'), NULL, NULL, NULL, NULL);
INSERT INTO "KM"."SYS_USER" VALUES ('1479060649823731714', 'cxk', '陈楷', 'db55c761740d08fd', 'ttmuGiBB', NULL, NULL, NULL, NULL, NULL, 'A16', '1', '0', 'dfe82e5fbe7f45c1b543a857378aea60', '1', NULL, NULL, NULL, NULL, NULL, TO_DATE('2022-01-06 20:01:53', 'SYYYY-MM-DD HH24:MI:SS'), NULL, TO_DATE('2022-01-06 20:02:38', 'SYYYY-MM-DD HH24:MI:SS'), NULL, NULL, NULL, NULL);
INSERT INTO "KM"."SYS_USER" VALUES ('1479136860277080066', 'oxh', '欧华', 'f8a94ffee05935c7', 'Jtk70aoA', NULL, NULL, NULL, NULL, NULL, 'A09', '1', '0', 'c62464fd89e542b794725a5336efbb76', '1', NULL, NULL, NULL, NULL, NULL, TO_DATE('2022-01-07 01:04:43', 'SYYYY-MM-DD HH24:MI:SS'), NULL, TO_DATE('2022-02-18 12:32:26', 'SYYYY-MM-DD HH24:MI:SS'), NULL, NULL, NULL, NULL);
INSERT INTO "KM"."SYS_USER" VALUES ('1479142079861915649', 'ljg', '李国', '6d9cf8a180e08cea', 'nLjy8Uhx', NULL, NULL, NULL, NULL, NULL, 'A17', '1', '0', 'dfd29ff605724554a0ca9adfae4380e2', '1', NULL, NULL, NULL, NULL, NULL, TO_DATE('2022-01-07 01:25:27', 'SYYYY-MM-DD HH24:MI:SS'), NULL, TO_DATE('2022-01-13 18:55:34', 'SYYYY-MM-DD HH24:MI:SS'), NULL, NULL, NULL, NULL);
INSERT INTO "KM"."SYS_USER" VALUES ('1480705648822878210', 'sjw', '史文', 'c8d7dd152cf26d77', 'mPXXwvod', NULL, NULL, NULL, NULL, NULL, 'A04', '1', '0', 'cb2ce1a77e1448e58dc69629308f3adc', '1', NULL, NULL, NULL, NULL, NULL, TO_DATE('2022-01-11 08:58:31', 'SYYYY-MM-DD HH24:MI:SS'), NULL, TO_DATE('2022-01-19 11:11:17', 'SYYYY-MM-DD HH24:MI:SS'), NULL, NULL, NULL, NULL);
INSERT INTO "KM"."SYS_USER" VALUES ('1483322720031637506', 'zhangwh', '张晖', '4b28214ed3400e09', 'UIOCQYhp', NULL, NULL, NULL, NULL, NULL, 'A11', '1', '0', '03eda394243f4dab85bab981447ac18a', '0', NULL, NULL, NULL, NULL, NULL, TO_DATE('2022-01-18 14:17:49', 'SYYYY-MM-DD HH24:MI:SS'), NULL, NULL, NULL, NULL, NULL, NULL);
INSERT INTO "KM"."SYS_USER" VALUES ('1483605160423882753', 'yinsx', '尹玺', '1ca03db8099ecce0', 'Gd0rkM9k', NULL, NULL, NULL, NULL, NULL, 'A11', '1', '0', '69d52ab6a93f43ebbffaa600c4dfffd1', '0', NULL, NULL, NULL, NULL, NULL, TO_DATE('2022-01-19 09:00:08', 'SYYYY-MM-DD HH24:MI:SS'), NULL, NULL, NULL, NULL, NULL, NULL);
INSERT INTO "KM"."SYS_USER" VALUES ('1483751108957470722', 'suw', '苏玮', '70c00f7e316752a0', 'b7ezcvle', NULL, NULL, NULL, NULL, NULL, 'A13', '1', '0', 'e6e5e67af867435784350a5374525a64', '1', NULL, NULL, NULL, NULL, NULL, TO_DATE('2022-01-19 18:40:05', 'SYYYY-MM-DD HH24:MI:SS'), NULL, NULL, NULL, NULL, NULL, NULL);
INSERT INTO "KM"."SYS_USER" VALUES ('1485424921571008514', 'xyl', '奚霖', '7afce9f23bd50b65', '0E28t4mY', NULL, NULL, NULL, NULL, NULL, 'A11', '1', '0', 'ed503f128e67415183ae106abaadbc68', '1', NULL, NULL, NULL, NULL, NULL, TO_DATE('2022-01-24 09:31:13', 'SYYYY-MM-DD HH24:MI:SS'), NULL, TO_DATE('2022-01-29 09:49:55', 'SYYYY-MM-DD HH24:MI:SS'), NULL, NULL, NULL, NULL);
INSERT INTO "KM"."SYS_USER" VALUES ('1486506920717099009', 'ljh', '梁华', 'ecfa699601c50925', 'Lkyc1hg3', NULL, NULL, NULL, NULL, NULL, 'A10', '1', '0', '81d6371a1c0f4b59a56ee099f9976b16', '1', NULL, NULL, NULL, NULL, NULL, TO_DATE('2022-01-27 09:10:42', 'SYYYY-MM-DD HH24:MI:SS'), NULL, NULL, NULL, NULL, NULL, NULL);

-- ----------------------------
-- Table structure for SYS_USER_AGENT
-- ----------------------------
DROP TABLE "KM"."SYS_USER_AGENT";
CREATE TABLE "KM"."SYS_USER_AGENT" (
  "ID" NVARCHAR2(32) NOT NULL ,
  "USER_NAME" NVARCHAR2(100) ,
  "AGENT_USER_NAME" NVARCHAR2(100) ,
  "START_TIME" DATE ,
  "END_TIME" DATE ,
  "STATUS" NVARCHAR2(2) ,
  "CREATE_NAME" NVARCHAR2(50) ,
  "CREATE_BY" NVARCHAR2(50) ,
  "CREATE_TIME" DATE ,
  "UPDATE_NAME" NVARCHAR2(50) ,
  "UPDATE_BY" NVARCHAR2(50) ,
  "UPDATE_TIME" DATE ,
  "SYS_ORG_CODE" NVARCHAR2(50) ,
  "SYS_COMPANY_CODE" NVARCHAR2(50) 
)
TABLESPACE "KM_TEST"
LOGGING
NOCOMPRESS
PCTFREE 10
INITRANS 1
STORAGE (
  BUFFER_POOL DEFAULT
)
PARALLEL 1
NOCACHE
DISABLE ROW MOVEMENT
;
COMMENT ON COLUMN "KM"."SYS_USER_AGENT"."ID" IS '序号';
COMMENT ON COLUMN "KM"."SYS_USER_AGENT"."USER_NAME" IS '用户名';
COMMENT ON COLUMN "KM"."SYS_USER_AGENT"."AGENT_USER_NAME" IS '代理人用户名';
COMMENT ON COLUMN "KM"."SYS_USER_AGENT"."START_TIME" IS '代理开始时间';
COMMENT ON COLUMN "KM"."SYS_USER_AGENT"."END_TIME" IS '代理结束时间';
COMMENT ON COLUMN "KM"."SYS_USER_AGENT"."STATUS" IS '状态0无效1有效';
COMMENT ON COLUMN "KM"."SYS_USER_AGENT"."CREATE_NAME" IS '创建人名称';
COMMENT ON COLUMN "KM"."SYS_USER_AGENT"."CREATE_BY" IS '创建人登录名称';
COMMENT ON COLUMN "KM"."SYS_USER_AGENT"."CREATE_TIME" IS '创建日期';
COMMENT ON COLUMN "KM"."SYS_USER_AGENT"."UPDATE_NAME" IS '更新人名称';
COMMENT ON COLUMN "KM"."SYS_USER_AGENT"."UPDATE_BY" IS '更新人登录名称';
COMMENT ON COLUMN "KM"."SYS_USER_AGENT"."UPDATE_TIME" IS '更新日期';
COMMENT ON COLUMN "KM"."SYS_USER_AGENT"."SYS_ORG_CODE" IS '所属部门';
COMMENT ON COLUMN "KM"."SYS_USER_AGENT"."SYS_COMPANY_CODE" IS '所属公司';
COMMENT ON TABLE "KM"."SYS_USER_AGENT" IS '用户代理人设置';

-- ----------------------------
-- Table structure for SYS_USER_DEPART
-- ----------------------------
DROP TABLE "KM"."SYS_USER_DEPART";
CREATE TABLE "KM"."SYS_USER_DEPART" (
  "ID" NVARCHAR2(32) NOT NULL ,
  "USER_ID" NVARCHAR2(32) ,
  "DEP_ID" NVARCHAR2(32) 
)
TABLESPACE "KM_TEST"
LOGGING
NOCOMPRESS
PCTFREE 10
INITRANS 1
STORAGE (
  INITIAL 65536 
  NEXT 1048576 
  MINEXTENTS 1
  MAXEXTENTS 2147483645
  BUFFER_POOL DEFAULT
)
PARALLEL 1
NOCACHE
DISABLE ROW MOVEMENT
;
COMMENT ON COLUMN "KM"."SYS_USER_DEPART"."ID" IS 'id';
COMMENT ON COLUMN "KM"."SYS_USER_DEPART"."USER_ID" IS '用户id';
COMMENT ON COLUMN "KM"."SYS_USER_DEPART"."DEP_ID" IS '部门id';

-- ----------------------------
-- Records of "SYS_USER_DEPART"
-- ----------------------------
INSERT INTO "KM"."SYS_USER_DEPART" VALUES ('1501368652680773634', '1448560127207559169', 'f79b7d5a99b1442c876858a6961cb1fb');
INSERT INTO "KM"."SYS_USER_DEPART" VALUES ('1479060839859257345', '1479060649823731714', '8da6a09abe4c4ab1adba9dfc7114b7b5');
INSERT INTO "KM"."SYS_USER_DEPART" VALUES ('1481580676502290433', '1479142079861915649', 'a4aea2674b9a43279db5d274658cea13');
INSERT INTO "KM"."SYS_USER_DEPART" VALUES ('1495938980171075586', '1466324796643045377', '10c6c58575c24db297d838ec5c5f813d');
INSERT INTO "KM"."SYS_USER_DEPART" VALUES ('1487241566350254082', '1485424921571008514', '4874f98854044ce89826352e95e6012c');
INSERT INTO "KM"."SYS_USER_DEPART" VALUES ('1474317189304643586', '1465948125440077826', 'f79b7d5a99b1442c876858a6961cb1fb');
INSERT INTO "KM"."SYS_USER_DEPART" VALUES ('1466289866051514369', '1466289866030542850', 'f79b7d5a99b1442c876858a6961cb1fb');
INSERT INTO "KM"."SYS_USER_DEPART" VALUES ('1494530223230697473', '1479136860277080066', 'f1d00212c89740f4a73fd289200b6849');
INSERT INTO "KM"."SYS_USER_DEPART" VALUES ('1483605160474214402', '1483605160423882753', '4874f98854044ce89826352e95e6012c');
INSERT INTO "KM"."SYS_USER_DEPART" VALUES ('1486507790695440386', '1465952566234935298', '101935fe0b2a4aa58e420d438cedd026');
INSERT INTO "KM"."SYS_USER_DEPART" VALUES ('1495687598562201602', '1465978193247825921', '4874f98854044ce89826352e95e6012c');
INSERT INTO "KM"."SYS_USER_DEPART" VALUES ('1483751108999413761', '1483751108957470722', '8ee440d03f7c442499e2bfcef5573a71');
INSERT INTO "KM"."SYS_USER_DEPART" VALUES ('1482998003089309697', '1470586246370770946', '101935fe0b2a4aa58e420d438cedd026');
INSERT INTO "KM"."SYS_USER_DEPART" VALUES ('1483332817101291521', '1466289480045522945', '4874f98854044ce89826352e95e6012c');
INSERT INTO "KM"."SYS_USER_DEPART" VALUES ('1482768395395956737', '1476122148606083073', '4874f98854044ce89826352e95e6012c');
INSERT INTO "KM"."SYS_USER_DEPART" VALUES ('1483322720069386242', '1483322720031637506', '4874f98854044ce89826352e95e6012c');
INSERT INTO "KM"."SYS_USER_DEPART" VALUES ('1483638163418152962', '1480705648822878210', '10c6c58575c24db297d838ec5c5f813d');
INSERT INTO "KM"."SYS_USER_DEPART" VALUES ('1486506266766385153', '1465952292695011330', '101935fe0b2a4aa58e420d438cedd026');
INSERT INTO "KM"."SYS_USER_DEPART" VALUES ('1486506920763236354', '1486506920717099009', '101935fe0b2a4aa58e420d438cedd026');
INSERT INTO "KM"."SYS_USER_DEPART" VALUES ('1486876106777731073', '1466296307252555777', '4874f98854044ce89826352e95e6012c');

-- ----------------------------
-- Table structure for SYS_USER_ROLE
-- ----------------------------
DROP TABLE "KM"."SYS_USER_ROLE";
CREATE TABLE "KM"."SYS_USER_ROLE" (
  "ID" NVARCHAR2(32) NOT NULL ,
  "USER_ID" NVARCHAR2(32) ,
  "ROLE_ID" NVARCHAR2(32) 
)
TABLESPACE "KM_TEST"
LOGGING
NOCOMPRESS
PCTFREE 10
INITRANS 1
STORAGE (
  INITIAL 65536 
  NEXT 1048576 
  MINEXTENTS 1
  MAXEXTENTS 2147483645
  BUFFER_POOL DEFAULT
)
PARALLEL 1
NOCACHE
DISABLE ROW MOVEMENT
;
COMMENT ON COLUMN "KM"."SYS_USER_ROLE"."ID" IS '主键id';
COMMENT ON COLUMN "KM"."SYS_USER_ROLE"."USER_ID" IS '用户id';
COMMENT ON COLUMN "KM"."SYS_USER_ROLE"."ROLE_ID" IS '角色id';
COMMENT ON TABLE "KM"."SYS_USER_ROLE" IS '用户角色表';

-- ----------------------------
-- Records of "SYS_USER_ROLE"
-- ----------------------------
INSERT INTO "KM"."SYS_USER_ROLE" VALUES ('1479060839800537089', '1479060649823731714', '1465206055167356930');
INSERT INTO "KM"."SYS_USER_ROLE" VALUES ('1483638163325878273', '1480705648822878210', '1465205973319708673');
INSERT INTO "KM"."SYS_USER_ROLE" VALUES ('1483332817025794049', '1466289480045522945', '1465206055167356930');
INSERT INTO "KM"."SYS_USER_ROLE" VALUES ('1481580676443570177', '1479142079861915649', '1465206055167356930');
INSERT INTO "KM"."SYS_USER_ROLE" VALUES ('1487241566270562305', '1485424921571008514', '1465206055167356930');
INSERT INTO "KM"."SYS_USER_ROLE" VALUES ('1482998003018006530', '1470586246370770946', '1465206055167356930');
INSERT INTO "KM"."SYS_USER_ROLE" VALUES ('1483638163346849794', '1480705648822878210', '1465206055167356930');
INSERT INTO "KM"."SYS_USER_ROLE" VALUES ('1495938980082995202', '1466324796643045377', '1465205973319708673');
INSERT INTO "KM"."SYS_USER_ROLE" VALUES ('1495938980103966721', '1466324796643045377', '1465206055167356930');
INSERT INTO "KM"."SYS_USER_ROLE" VALUES ('1466289866038931458', '1466289866030542850', '1465205973319708673');
INSERT INTO "KM"."SYS_USER_ROLE" VALUES ('1466289866043125761', '1466289866030542850', '1465206055167356930');
INSERT INTO "KM"."SYS_USER_ROLE" VALUES ('1494530223159394306', '1479136860277080066', '1465206055167356930');
INSERT INTO "KM"."SYS_USER_ROLE" VALUES ('1486507790624137217', '1465952566234935298', '1465206055167356930');
INSERT INTO "KM"."SYS_USER_ROLE" VALUES ('1495687598490898434', '1465978193247825921', '1465205973319708673');
INSERT INTO "KM"."SYS_USER_ROLE" VALUES ('1486876096925310978', '1466296307252555777', '1465205973319708673');
INSERT INTO "KM"."SYS_USER_ROLE" VALUES ('1483751108978442241', '1483751108957470722', '1465206055167356930');
INSERT INTO "KM"."SYS_USER_ROLE" VALUES ('1495687598507675650', '1465978193247825921', '1465206055167356930');
INSERT INTO "KM"."SYS_USER_ROLE" VALUES ('1486506266661527553', '1465952292695011330', '1465205973319708673');
INSERT INTO "KM"."SYS_USER_ROLE" VALUES ('1486506266682499073', '1465952292695011330', '1465206055167356930');
INSERT INTO "KM"."SYS_USER_ROLE" VALUES ('1486506920742264834', '1486506920717099009', '1465206055167356930');
INSERT INTO "KM"."SYS_USER_ROLE" VALUES ('1482768395291099138', '1476122148606083073', '1465206055167356930');
INSERT INTO "KM"."SYS_USER_ROLE" VALUES ('1486876096950476802', '1466296307252555777', '1465206055167356930');
    
-- ----------------------------
-- Sequence structure for ACT_EVT_LOG_SEQ
-- ----------------------------
DROP SEQUENCE "KM"."ACT_EVT_LOG_SEQ";
CREATE SEQUENCE "KM"."ACT_EVT_LOG_SEQ" MINVALUE 1 MAXVALUE 9999999999999999999999999999 INCREMENT BY 1 CACHE 20;

-- ----------------------------
-- Checks structure for table CES_FIELD_KONGJ
-- ----------------------------
ALTER TABLE "KM"."CES_FIELD_KONGJ" ADD CONSTRAINT "SYS_C0012308" CHECK ("ID" IS NOT NULL) NOT DEFERRABLE INITIALLY IMMEDIATE NORELY VALIDATE;

-- ----------------------------
-- Checks structure for table CES_ORDER_CUSTOMER
-- ----------------------------
ALTER TABLE "KM"."CES_ORDER_CUSTOMER" ADD CONSTRAINT "SYS_C0012309" CHECK ("ID" IS NOT NULL) NOT DEFERRABLE INITIALLY IMMEDIATE NORELY VALIDATE;

-- ----------------------------
-- Checks structure for table CES_ORDER_GOODS
-- ----------------------------
ALTER TABLE "KM"."CES_ORDER_GOODS" ADD CONSTRAINT "SYS_C0012310" CHECK ("ID" IS NOT NULL) NOT DEFERRABLE INITIALLY IMMEDIATE NORELY VALIDATE;

-- ----------------------------
-- Checks structure for table CES_ORDER_MAIN
-- ----------------------------
ALTER TABLE "KM"."CES_ORDER_MAIN" ADD CONSTRAINT "SYS_C0012311" CHECK ("ID" IS NOT NULL) NOT DEFERRABLE INITIALLY IMMEDIATE NORELY VALIDATE;

-- ----------------------------
-- Checks structure for table CES_SHOP_GOODS
-- ----------------------------
ALTER TABLE "KM"."CES_SHOP_GOODS" ADD CONSTRAINT "SYS_C0012312" CHECK ("ID" IS NOT NULL) NOT DEFERRABLE INITIALLY IMMEDIATE NORELY VALIDATE;

-- ----------------------------
-- Checks structure for table CES_SHOP_TYPE
-- ----------------------------
ALTER TABLE "KM"."CES_SHOP_TYPE" ADD CONSTRAINT "SYS_C0012313" CHECK ("ID" IS NOT NULL) NOT DEFERRABLE INITIALLY IMMEDIATE NORELY VALIDATE;

-- ----------------------------
-- Checks structure for table DEMO
-- ----------------------------
ALTER TABLE "KM"."DEMO" ADD CONSTRAINT "SYS_C0012314" CHECK ("ID" IS NOT NULL) NOT DEFERRABLE INITIALLY IMMEDIATE NORELY VALIDATE;

-- ----------------------------
-- Checks structure for table DEMO_FIELD_DEF_VAL_MAIN
-- ----------------------------
ALTER TABLE "KM"."DEMO_FIELD_DEF_VAL_MAIN" ADD CONSTRAINT "SYS_C0012315" CHECK ("ID" IS NOT NULL) NOT DEFERRABLE INITIALLY IMMEDIATE NORELY VALIDATE;

-- ----------------------------
-- Checks structure for table DEMO_FIELD_DEF_VAL_SUB
-- ----------------------------
ALTER TABLE "KM"."DEMO_FIELD_DEF_VAL_SUB" ADD CONSTRAINT "SYS_C0012316" CHECK ("ID" IS NOT NULL) NOT DEFERRABLE INITIALLY IMMEDIATE NORELY VALIDATE;

-- ----------------------------
-- Checks structure for table JEECG_MONTHLY_GROWTH_ANALYSIS
-- ----------------------------
ALTER TABLE "KM"."JEECG_MONTHLY_GROWTH_ANALYSIS" ADD CONSTRAINT "SYS_C0012317" CHECK ("ID" IS NOT NULL) NOT DEFERRABLE INITIALLY IMMEDIATE NORELY VALIDATE;

-- ----------------------------
-- Checks structure for table JEECG_ORDER_CUSTOMER
-- ----------------------------
ALTER TABLE "KM"."JEECG_ORDER_CUSTOMER" ADD CONSTRAINT "SYS_C0012318" CHECK ("ID" IS NOT NULL) NOT DEFERRABLE INITIALLY IMMEDIATE NORELY VALIDATE;
ALTER TABLE "KM"."JEECG_ORDER_CUSTOMER" ADD CONSTRAINT "SYS_C0012319" CHECK ("NAME" IS NOT NULL) NOT DEFERRABLE INITIALLY IMMEDIATE NORELY VALIDATE;
ALTER TABLE "KM"."JEECG_ORDER_CUSTOMER" ADD CONSTRAINT "SYS_C0012320" CHECK ("ORDER_ID" IS NOT NULL) NOT DEFERRABLE INITIALLY IMMEDIATE NORELY VALIDATE;

-- ----------------------------
-- Checks structure for table JEECG_ORDER_MAIN
-- ----------------------------
ALTER TABLE "KM"."JEECG_ORDER_MAIN" ADD CONSTRAINT "SYS_C0012321" CHECK ("ID" IS NOT NULL) NOT DEFERRABLE INITIALLY IMMEDIATE NORELY VALIDATE;

-- ----------------------------
-- Checks structure for table JEECG_ORDER_TICKET
-- ----------------------------
ALTER TABLE "KM"."JEECG_ORDER_TICKET" ADD CONSTRAINT "SYS_C0012322" CHECK ("ID" IS NOT NULL) NOT DEFERRABLE INITIALLY IMMEDIATE NORELY VALIDATE;
ALTER TABLE "KM"."JEECG_ORDER_TICKET" ADD CONSTRAINT "SYS_C0012323" CHECK ("TICKET_CODE" IS NOT NULL) NOT DEFERRABLE INITIALLY IMMEDIATE NORELY VALIDATE;
ALTER TABLE "KM"."JEECG_ORDER_TICKET" ADD CONSTRAINT "SYS_C0012324" CHECK ("ORDER_ID" IS NOT NULL) NOT DEFERRABLE INITIALLY IMMEDIATE NORELY VALIDATE;

-- ----------------------------
-- Checks structure for table JEECG_PROJECT_NATURE_INCOME
-- ----------------------------
ALTER TABLE "KM"."JEECG_PROJECT_NATURE_INCOME" ADD CONSTRAINT "SYS_C0012325" CHECK ("ID" IS NOT NULL) NOT DEFERRABLE INITIALLY IMMEDIATE NORELY VALIDATE;
ALTER TABLE "KM"."JEECG_PROJECT_NATURE_INCOME" ADD CONSTRAINT "SYS_C0012326" CHECK ("NATURE" IS NOT NULL) NOT DEFERRABLE INITIALLY IMMEDIATE NORELY VALIDATE;

-- ----------------------------
-- Checks structure for table JIMU_REPORT
-- ----------------------------
ALTER TABLE "KM"."JIMU_REPORT" ADD CONSTRAINT "SYS_C0012327" CHECK ("ID" IS NOT NULL) NOT DEFERRABLE INITIALLY IMMEDIATE NORELY VALIDATE;

-- ----------------------------
-- Checks structure for table JIMU_REPORT_DATA_SOURCE
-- ----------------------------
ALTER TABLE "KM"."JIMU_REPORT_DATA_SOURCE" ADD CONSTRAINT "SYS_C0012328" CHECK ("ID" IS NOT NULL) NOT DEFERRABLE INITIALLY IMMEDIATE NORELY VALIDATE;

-- ----------------------------
-- Checks structure for table JIMU_REPORT_DB
-- ----------------------------
ALTER TABLE "KM"."JIMU_REPORT_DB" ADD CONSTRAINT "SYS_C0012329" CHECK ("ID" IS NOT NULL) NOT DEFERRABLE INITIALLY IMMEDIATE NORELY VALIDATE;

-- ----------------------------
-- Checks structure for table JIMU_REPORT_DB_FIELD
-- ----------------------------
ALTER TABLE "KM"."JIMU_REPORT_DB_FIELD" ADD CONSTRAINT "SYS_C0012330" CHECK ("ID" IS NOT NULL) NOT DEFERRABLE INITIALLY IMMEDIATE NORELY VALIDATE;

-- ----------------------------
-- Checks structure for table JIMU_REPORT_DB_PARAM
-- ----------------------------
ALTER TABLE "KM"."JIMU_REPORT_DB_PARAM" ADD CONSTRAINT "SYS_C0012331" CHECK ("ID" IS NOT NULL) NOT DEFERRABLE INITIALLY IMMEDIATE NORELY VALIDATE;
ALTER TABLE "KM"."JIMU_REPORT_DB_PARAM" ADD CONSTRAINT "SYS_C0012332" CHECK ("JIMU_REPORT_HEAD_ID" IS NOT NULL) NOT DEFERRABLE INITIALLY IMMEDIATE NORELY VALIDATE;
ALTER TABLE "KM"."JIMU_REPORT_DB_PARAM" ADD CONSTRAINT "SYS_C0012333" CHECK ("PARAM_NAME" IS NOT NULL) NOT DEFERRABLE INITIALLY IMMEDIATE NORELY VALIDATE;

-- ----------------------------
-- Checks structure for table JIMU_REPORT_LINK
-- ----------------------------
ALTER TABLE "KM"."JIMU_REPORT_LINK" ADD CONSTRAINT "SYS_C0012334" CHECK ("ID" IS NOT NULL) NOT DEFERRABLE INITIALLY IMMEDIATE NORELY VALIDATE;

-- ----------------------------
-- Checks structure for table JIMU_REPORT_MAP
-- ----------------------------
ALTER TABLE "KM"."JIMU_REPORT_MAP" ADD CONSTRAINT "SYS_C0012335" CHECK ("ID" IS NOT NULL) NOT DEFERRABLE INITIALLY IMMEDIATE NORELY VALIDATE;

-- ----------------------------
-- Checks structure for table JIMU_REPORT_SHARE
-- ----------------------------
ALTER TABLE "KM"."JIMU_REPORT_SHARE" ADD CONSTRAINT "SYS_C0012336" CHECK ("ID" IS NOT NULL) NOT DEFERRABLE INITIALLY IMMEDIATE NORELY VALIDATE;

-- ----------------------------
-- Checks structure for table KM_DOC
-- ----------------------------
ALTER TABLE "KM"."KM_DOC" ADD CONSTRAINT "SYS_C0012337" CHECK ("ID" IS NOT NULL) NOT DEFERRABLE INITIALLY IMMEDIATE NORELY VALIDATE;

-- ----------------------------
-- Checks structure for table KM_DOC_BAK
-- ----------------------------
ALTER TABLE "KM"."KM_DOC_BAK" ADD CONSTRAINT "SYS_C0012338" CHECK ("ID" IS NOT NULL) NOT DEFERRABLE INITIALLY IMMEDIATE NORELY VALIDATE;

-- ----------------------------
-- Checks structure for table KM_DOC_FAVOURITE
-- ----------------------------
ALTER TABLE "KM"."KM_DOC_FAVOURITE" ADD CONSTRAINT "SYS_C0012339" CHECK ("ID" IS NOT NULL) NOT DEFERRABLE INITIALLY IMMEDIATE NORELY VALIDATE;

-- ----------------------------
-- Checks structure for table ONL_AUTH_DATA
-- ----------------------------
ALTER TABLE "KM"."ONL_AUTH_DATA" ADD CONSTRAINT "SYS_C0012340" CHECK ("ID" IS NOT NULL) NOT DEFERRABLE INITIALLY IMMEDIATE NORELY VALIDATE;

-- ----------------------------
-- Checks structure for table ONL_AUTH_PAGE
-- ----------------------------
ALTER TABLE "KM"."ONL_AUTH_PAGE" ADD CONSTRAINT "SYS_C0012341" CHECK ("ID" IS NOT NULL) NOT DEFERRABLE INITIALLY IMMEDIATE NORELY VALIDATE;

-- ----------------------------
-- Checks structure for table ONL_AUTH_RELATION
-- ----------------------------
ALTER TABLE "KM"."ONL_AUTH_RELATION" ADD CONSTRAINT "SYS_C0012342" CHECK ("ID" IS NOT NULL) NOT DEFERRABLE INITIALLY IMMEDIATE NORELY VALIDATE;

-- ----------------------------
-- Checks structure for table ONL_CGFORM_BUTTON
-- ----------------------------
ALTER TABLE "KM"."ONL_CGFORM_BUTTON" ADD CONSTRAINT "SYS_C0012343" CHECK ("ID" IS NOT NULL) NOT DEFERRABLE INITIALLY IMMEDIATE NORELY VALIDATE;

-- ----------------------------
-- Checks structure for table ONL_CGFORM_ENHANCE_JAVA
-- ----------------------------
ALTER TABLE "KM"."ONL_CGFORM_ENHANCE_JAVA" ADD CONSTRAINT "SYS_C0012344" CHECK ("ID" IS NOT NULL) NOT DEFERRABLE INITIALLY IMMEDIATE NORELY VALIDATE;
ALTER TABLE "KM"."ONL_CGFORM_ENHANCE_JAVA" ADD CONSTRAINT "SYS_C0012345" CHECK ("CG_JAVA_TYPE" IS NOT NULL) NOT DEFERRABLE INITIALLY IMMEDIATE NORELY VALIDATE;
ALTER TABLE "KM"."ONL_CGFORM_ENHANCE_JAVA" ADD CONSTRAINT "SYS_C0012346" CHECK ("CG_JAVA_VALUE" IS NOT NULL) NOT DEFERRABLE INITIALLY IMMEDIATE NORELY VALIDATE;
ALTER TABLE "KM"."ONL_CGFORM_ENHANCE_JAVA" ADD CONSTRAINT "SYS_C0012347" CHECK ("CGFORM_HEAD_ID" IS NOT NULL) NOT DEFERRABLE INITIALLY IMMEDIATE NORELY VALIDATE;
ALTER TABLE "KM"."ONL_CGFORM_ENHANCE_JAVA" ADD CONSTRAINT "SYS_C0012348" CHECK ("EVENT" IS NOT NULL) NOT DEFERRABLE INITIALLY IMMEDIATE NORELY VALIDATE;

-- ----------------------------
-- Checks structure for table ONL_CGFORM_ENHANCE_JS
-- ----------------------------
ALTER TABLE "KM"."ONL_CGFORM_ENHANCE_JS" ADD CONSTRAINT "SYS_C0012349" CHECK ("ID" IS NOT NULL) NOT DEFERRABLE INITIALLY IMMEDIATE NORELY VALIDATE;

-- ----------------------------
-- Checks structure for table ONL_CGFORM_ENHANCE_SQL
-- ----------------------------
ALTER TABLE "KM"."ONL_CGFORM_ENHANCE_SQL" ADD CONSTRAINT "SYS_C0012350" CHECK ("ID" IS NOT NULL) NOT DEFERRABLE INITIALLY IMMEDIATE NORELY VALIDATE;

-- ----------------------------
-- Checks structure for table ONL_CGFORM_FIELD
-- ----------------------------
ALTER TABLE "KM"."ONL_CGFORM_FIELD" ADD CONSTRAINT "SYS_C0012351" CHECK ("ID" IS NOT NULL) NOT DEFERRABLE INITIALLY IMMEDIATE NORELY VALIDATE;
ALTER TABLE "KM"."ONL_CGFORM_FIELD" ADD CONSTRAINT "SYS_C0012352" CHECK ("CGFORM_HEAD_ID" IS NOT NULL) NOT DEFERRABLE INITIALLY IMMEDIATE NORELY VALIDATE;
ALTER TABLE "KM"."ONL_CGFORM_FIELD" ADD CONSTRAINT "SYS_C0012353" CHECK ("DB_FIELD_NAME" IS NOT NULL) NOT DEFERRABLE INITIALLY IMMEDIATE NORELY VALIDATE;
ALTER TABLE "KM"."ONL_CGFORM_FIELD" ADD CONSTRAINT "SYS_C0012354" CHECK ("DB_TYPE" IS NOT NULL) NOT DEFERRABLE INITIALLY IMMEDIATE NORELY VALIDATE;
ALTER TABLE "KM"."ONL_CGFORM_FIELD" ADD CONSTRAINT "SYS_C0012355" CHECK ("DB_LENGTH" IS NOT NULL) NOT DEFERRABLE INITIALLY IMMEDIATE NORELY VALIDATE;

-- ----------------------------
-- Checks structure for table ONL_CGFORM_HEAD
-- ----------------------------
ALTER TABLE "KM"."ONL_CGFORM_HEAD" ADD CONSTRAINT "SYS_C0012356" CHECK ("ID" IS NOT NULL) NOT DEFERRABLE INITIALLY IMMEDIATE NORELY VALIDATE;
ALTER TABLE "KM"."ONL_CGFORM_HEAD" ADD CONSTRAINT "SYS_C0012357" CHECK ("TABLE_NAME" IS NOT NULL) NOT DEFERRABLE INITIALLY IMMEDIATE NORELY VALIDATE;
ALTER TABLE "KM"."ONL_CGFORM_HEAD" ADD CONSTRAINT "SYS_C0012358" CHECK ("TABLE_TYPE" IS NOT NULL) NOT DEFERRABLE INITIALLY IMMEDIATE NORELY VALIDATE;
ALTER TABLE "KM"."ONL_CGFORM_HEAD" ADD CONSTRAINT "SYS_C0012359" CHECK ("TABLE_TXT" IS NOT NULL) NOT DEFERRABLE INITIALLY IMMEDIATE NORELY VALIDATE;
ALTER TABLE "KM"."ONL_CGFORM_HEAD" ADD CONSTRAINT "SYS_C0012360" CHECK ("IS_CHECKBOX" IS NOT NULL) NOT DEFERRABLE INITIALLY IMMEDIATE NORELY VALIDATE;
ALTER TABLE "KM"."ONL_CGFORM_HEAD" ADD CONSTRAINT "SYS_C0012361" CHECK ("IS_DB_SYNCH" IS NOT NULL) NOT DEFERRABLE INITIALLY IMMEDIATE NORELY VALIDATE;
ALTER TABLE "KM"."ONL_CGFORM_HEAD" ADD CONSTRAINT "SYS_C0012362" CHECK ("IS_PAGE" IS NOT NULL) NOT DEFERRABLE INITIALLY IMMEDIATE NORELY VALIDATE;
ALTER TABLE "KM"."ONL_CGFORM_HEAD" ADD CONSTRAINT "SYS_C0012363" CHECK ("IS_TREE" IS NOT NULL) NOT DEFERRABLE INITIALLY IMMEDIATE NORELY VALIDATE;
ALTER TABLE "KM"."ONL_CGFORM_HEAD" ADD CONSTRAINT "SYS_C0012364" CHECK ("FORM_CATEGORY" IS NOT NULL) NOT DEFERRABLE INITIALLY IMMEDIATE NORELY VALIDATE;

-- ----------------------------
-- Checks structure for table ONL_CGFORM_INDEX
-- ----------------------------
ALTER TABLE "KM"."ONL_CGFORM_INDEX" ADD CONSTRAINT "SYS_C0012365" CHECK ("ID" IS NOT NULL) NOT DEFERRABLE INITIALLY IMMEDIATE NORELY VALIDATE;

-- ----------------------------
-- Checks structure for table ONL_CGREPORT_HEAD
-- ----------------------------
ALTER TABLE "KM"."ONL_CGREPORT_HEAD" ADD CONSTRAINT "SYS_C0012366" CHECK ("ID" IS NOT NULL) NOT DEFERRABLE INITIALLY IMMEDIATE NORELY VALIDATE;
ALTER TABLE "KM"."ONL_CGREPORT_HEAD" ADD CONSTRAINT "SYS_C0012367" CHECK ("CODE" IS NOT NULL) NOT DEFERRABLE INITIALLY IMMEDIATE NORELY VALIDATE;
ALTER TABLE "KM"."ONL_CGREPORT_HEAD" ADD CONSTRAINT "SYS_C0012368" CHECK ("NAME" IS NOT NULL) NOT DEFERRABLE INITIALLY IMMEDIATE NORELY VALIDATE;
ALTER TABLE "KM"."ONL_CGREPORT_HEAD" ADD CONSTRAINT "SYS_C0012369" CHECK ("CGR_SQL" IS NOT NULL) NOT DEFERRABLE INITIALLY IMMEDIATE NORELY VALIDATE;

-- ----------------------------
-- Checks structure for table ONL_CGREPORT_ITEM
-- ----------------------------
ALTER TABLE "KM"."ONL_CGREPORT_ITEM" ADD CONSTRAINT "SYS_C0012370" CHECK ("ID" IS NOT NULL) NOT DEFERRABLE INITIALLY IMMEDIATE NORELY VALIDATE;
ALTER TABLE "KM"."ONL_CGREPORT_ITEM" ADD CONSTRAINT "SYS_C0012371" CHECK ("CGRHEAD_ID" IS NOT NULL) NOT DEFERRABLE INITIALLY IMMEDIATE NORELY VALIDATE;
ALTER TABLE "KM"."ONL_CGREPORT_ITEM" ADD CONSTRAINT "SYS_C0012372" CHECK ("FIELD_NAME" IS NOT NULL) NOT DEFERRABLE INITIALLY IMMEDIATE NORELY VALIDATE;

-- ----------------------------
-- Checks structure for table ONL_CGREPORT_PARAM
-- ----------------------------
ALTER TABLE "KM"."ONL_CGREPORT_PARAM" ADD CONSTRAINT "SYS_C0012373" CHECK ("ID" IS NOT NULL) NOT DEFERRABLE INITIALLY IMMEDIATE NORELY VALIDATE;
ALTER TABLE "KM"."ONL_CGREPORT_PARAM" ADD CONSTRAINT "SYS_C0012374" CHECK ("CGRHEAD_ID" IS NOT NULL) NOT DEFERRABLE INITIALLY IMMEDIATE NORELY VALIDATE;
ALTER TABLE "KM"."ONL_CGREPORT_PARAM" ADD CONSTRAINT "SYS_C0012375" CHECK ("PARAM_NAME" IS NOT NULL) NOT DEFERRABLE INITIALLY IMMEDIATE NORELY VALIDATE;

-- ----------------------------
-- Checks structure for table OSS_FILE
-- ----------------------------
ALTER TABLE "KM"."OSS_FILE" ADD CONSTRAINT "SYS_C0012376" CHECK ("ID" IS NOT NULL) NOT DEFERRABLE INITIALLY IMMEDIATE NORELY VALIDATE;

-- ----------------------------
-- Checks structure for table QRTZ_BLOB_TRIGGERS
-- ----------------------------
ALTER TABLE "KM"."QRTZ_BLOB_TRIGGERS" ADD CONSTRAINT "SYS_C0012377" CHECK ("SCHED_NAME" IS NOT NULL) NOT DEFERRABLE INITIALLY IMMEDIATE NORELY VALIDATE;
ALTER TABLE "KM"."QRTZ_BLOB_TRIGGERS" ADD CONSTRAINT "SYS_C0012378" CHECK ("TRIGGER_NAME" IS NOT NULL) NOT DEFERRABLE INITIALLY IMMEDIATE NORELY VALIDATE;
ALTER TABLE "KM"."QRTZ_BLOB_TRIGGERS" ADD CONSTRAINT "SYS_C0012379" CHECK ("TRIGGER_GROUP" IS NOT NULL) NOT DEFERRABLE INITIALLY IMMEDIATE NORELY VALIDATE;

-- ----------------------------
-- Checks structure for table QRTZ_CALENDARS
-- ----------------------------
ALTER TABLE "KM"."QRTZ_CALENDARS" ADD CONSTRAINT "SYS_C0012380" CHECK ("SCHED_NAME" IS NOT NULL) NOT DEFERRABLE INITIALLY IMMEDIATE NORELY VALIDATE;
ALTER TABLE "KM"."QRTZ_CALENDARS" ADD CONSTRAINT "SYS_C0012381" CHECK ("CALENDAR_NAME" IS NOT NULL) NOT DEFERRABLE INITIALLY IMMEDIATE NORELY VALIDATE;
ALTER TABLE "KM"."QRTZ_CALENDARS" ADD CONSTRAINT "SYS_C0012382" CHECK ("CALENDAR" IS NOT NULL) NOT DEFERRABLE INITIALLY IMMEDIATE NORELY VALIDATE;

-- ----------------------------
-- Checks structure for table QRTZ_CRON_TRIGGERS
-- ----------------------------
ALTER TABLE "KM"."QRTZ_CRON_TRIGGERS" ADD CONSTRAINT "SYS_C0012383" CHECK ("SCHED_NAME" IS NOT NULL) NOT DEFERRABLE INITIALLY IMMEDIATE NORELY VALIDATE;
ALTER TABLE "KM"."QRTZ_CRON_TRIGGERS" ADD CONSTRAINT "SYS_C0012384" CHECK ("TRIGGER_NAME" IS NOT NULL) NOT DEFERRABLE INITIALLY IMMEDIATE NORELY VALIDATE;
ALTER TABLE "KM"."QRTZ_CRON_TRIGGERS" ADD CONSTRAINT "SYS_C0012385" CHECK ("TRIGGER_GROUP" IS NOT NULL) NOT DEFERRABLE INITIALLY IMMEDIATE NORELY VALIDATE;
ALTER TABLE "KM"."QRTZ_CRON_TRIGGERS" ADD CONSTRAINT "SYS_C0012386" CHECK ("CRON_EXPRESSION" IS NOT NULL) NOT DEFERRABLE INITIALLY IMMEDIATE NORELY VALIDATE;

-- ----------------------------
-- Checks structure for table QRTZ_FIRED_TRIGGERS
-- ----------------------------
ALTER TABLE "KM"."QRTZ_FIRED_TRIGGERS" ADD CONSTRAINT "SYS_C0012387" CHECK ("SCHED_NAME" IS NOT NULL) NOT DEFERRABLE INITIALLY IMMEDIATE NORELY VALIDATE;
ALTER TABLE "KM"."QRTZ_FIRED_TRIGGERS" ADD CONSTRAINT "SYS_C0012388" CHECK ("ENTRY_ID" IS NOT NULL) NOT DEFERRABLE INITIALLY IMMEDIATE NORELY VALIDATE;
ALTER TABLE "KM"."QRTZ_FIRED_TRIGGERS" ADD CONSTRAINT "SYS_C0012389" CHECK ("TRIGGER_NAME" IS NOT NULL) NOT DEFERRABLE INITIALLY IMMEDIATE NORELY VALIDATE;
ALTER TABLE "KM"."QRTZ_FIRED_TRIGGERS" ADD CONSTRAINT "SYS_C0012390" CHECK ("TRIGGER_GROUP" IS NOT NULL) NOT DEFERRABLE INITIALLY IMMEDIATE NORELY VALIDATE;
ALTER TABLE "KM"."QRTZ_FIRED_TRIGGERS" ADD CONSTRAINT "SYS_C0012391" CHECK ("INSTANCE_NAME" IS NOT NULL) NOT DEFERRABLE INITIALLY IMMEDIATE NORELY VALIDATE;
ALTER TABLE "KM"."QRTZ_FIRED_TRIGGERS" ADD CONSTRAINT "SYS_C0012392" CHECK ("FIRED_TIME" IS NOT NULL) NOT DEFERRABLE INITIALLY IMMEDIATE NORELY VALIDATE;
ALTER TABLE "KM"."QRTZ_FIRED_TRIGGERS" ADD CONSTRAINT "SYS_C0012393" CHECK ("SCHED_TIME" IS NOT NULL) NOT DEFERRABLE INITIALLY IMMEDIATE NORELY VALIDATE;
ALTER TABLE "KM"."QRTZ_FIRED_TRIGGERS" ADD CONSTRAINT "SYS_C0012394" CHECK ("PRIORITY" IS NOT NULL) NOT DEFERRABLE INITIALLY IMMEDIATE NORELY VALIDATE;
ALTER TABLE "KM"."QRTZ_FIRED_TRIGGERS" ADD CONSTRAINT "SYS_C0012395" CHECK ("STATE" IS NOT NULL) NOT DEFERRABLE INITIALLY IMMEDIATE NORELY VALIDATE;

-- ----------------------------
-- Primary Key structure for table QRTZ_JOB_DETAILS
-- ----------------------------
ALTER TABLE "KM"."QRTZ_JOB_DETAILS" ADD CONSTRAINT "SYS_C0011934" PRIMARY KEY ("SCHED_NAME", "JOB_NAME", "JOB_GROUP");

-- ----------------------------
-- Checks structure for table QRTZ_JOB_DETAILS
-- ----------------------------
ALTER TABLE "KM"."QRTZ_JOB_DETAILS" ADD CONSTRAINT "SYS_C0011452" CHECK ("SCHED_NAME" IS NOT NULL) NOT DEFERRABLE INITIALLY IMMEDIATE NORELY VALIDATE;
ALTER TABLE "KM"."QRTZ_JOB_DETAILS" ADD CONSTRAINT "SYS_C0011453" CHECK ("JOB_NAME" IS NOT NULL) NOT DEFERRABLE INITIALLY IMMEDIATE NORELY VALIDATE;
ALTER TABLE "KM"."QRTZ_JOB_DETAILS" ADD CONSTRAINT "SYS_C0011454" CHECK ("JOB_GROUP" IS NOT NULL) NOT DEFERRABLE INITIALLY IMMEDIATE NORELY VALIDATE;
ALTER TABLE "KM"."QRTZ_JOB_DETAILS" ADD CONSTRAINT "SYS_C0011455" CHECK ("JOB_CLASS_NAME" IS NOT NULL) NOT DEFERRABLE INITIALLY IMMEDIATE NORELY VALIDATE;
ALTER TABLE "KM"."QRTZ_JOB_DETAILS" ADD CONSTRAINT "SYS_C0011456" CHECK ("IS_DURABLE" IS NOT NULL) NOT DEFERRABLE INITIALLY IMMEDIATE NORELY VALIDATE;
ALTER TABLE "KM"."QRTZ_JOB_DETAILS" ADD CONSTRAINT "SYS_C0011457" CHECK ("IS_NONCONCURRENT" IS NOT NULL) NOT DEFERRABLE INITIALLY IMMEDIATE NORELY VALIDATE;
ALTER TABLE "KM"."QRTZ_JOB_DETAILS" ADD CONSTRAINT "SYS_C0011458" CHECK ("IS_UPDATE_DATA" IS NOT NULL) NOT DEFERRABLE INITIALLY IMMEDIATE NORELY VALIDATE;
ALTER TABLE "KM"."QRTZ_JOB_DETAILS" ADD CONSTRAINT "SYS_C0011459" CHECK ("REQUESTS_RECOVERY" IS NOT NULL) NOT DEFERRABLE INITIALLY IMMEDIATE NORELY VALIDATE;
ALTER TABLE "KM"."QRTZ_JOB_DETAILS" ADD CONSTRAINT "SYS_C0011902" CHECK ("SCHED_NAME" IS NOT NULL) NOT DEFERRABLE INITIALLY IMMEDIATE NORELY VALIDATE;
ALTER TABLE "KM"."QRTZ_JOB_DETAILS" ADD CONSTRAINT "SYS_C0011903" CHECK ("JOB_NAME" IS NOT NULL) NOT DEFERRABLE INITIALLY IMMEDIATE NORELY VALIDATE;
ALTER TABLE "KM"."QRTZ_JOB_DETAILS" ADD CONSTRAINT "SYS_C0011904" CHECK ("JOB_GROUP" IS NOT NULL) NOT DEFERRABLE INITIALLY IMMEDIATE NORELY VALIDATE;
ALTER TABLE "KM"."QRTZ_JOB_DETAILS" ADD CONSTRAINT "SYS_C0011905" CHECK ("JOB_CLASS_NAME" IS NOT NULL) NOT DEFERRABLE INITIALLY IMMEDIATE NORELY VALIDATE;
ALTER TABLE "KM"."QRTZ_JOB_DETAILS" ADD CONSTRAINT "SYS_C0011906" CHECK ("IS_DURABLE" IS NOT NULL) NOT DEFERRABLE INITIALLY IMMEDIATE NORELY VALIDATE;
ALTER TABLE "KM"."QRTZ_JOB_DETAILS" ADD CONSTRAINT "SYS_C0011907" CHECK ("IS_NONCONCURRENT" IS NOT NULL) NOT DEFERRABLE INITIALLY IMMEDIATE NORELY VALIDATE;
ALTER TABLE "KM"."QRTZ_JOB_DETAILS" ADD CONSTRAINT "SYS_C0011908" CHECK ("IS_UPDATE_DATA" IS NOT NULL) NOT DEFERRABLE INITIALLY IMMEDIATE NORELY VALIDATE;
ALTER TABLE "KM"."QRTZ_JOB_DETAILS" ADD CONSTRAINT "SYS_C0011909" CHECK ("REQUESTS_RECOVERY" IS NOT NULL) NOT DEFERRABLE INITIALLY IMMEDIATE NORELY VALIDATE;
ALTER TABLE "KM"."QRTZ_JOB_DETAILS" ADD CONSTRAINT "SYS_C0011910" CHECK ("SCHED_NAME" IS NOT NULL) NOT DEFERRABLE INITIALLY IMMEDIATE NORELY VALIDATE;
ALTER TABLE "KM"."QRTZ_JOB_DETAILS" ADD CONSTRAINT "SYS_C0011911" CHECK ("JOB_NAME" IS NOT NULL) NOT DEFERRABLE INITIALLY IMMEDIATE NORELY VALIDATE;
ALTER TABLE "KM"."QRTZ_JOB_DETAILS" ADD CONSTRAINT "SYS_C0011912" CHECK ("JOB_GROUP" IS NOT NULL) NOT DEFERRABLE INITIALLY IMMEDIATE NORELY VALIDATE;
ALTER TABLE "KM"."QRTZ_JOB_DETAILS" ADD CONSTRAINT "SYS_C0011913" CHECK ("JOB_CLASS_NAME" IS NOT NULL) NOT DEFERRABLE INITIALLY IMMEDIATE NORELY VALIDATE;
ALTER TABLE "KM"."QRTZ_JOB_DETAILS" ADD CONSTRAINT "SYS_C0011914" CHECK ("IS_DURABLE" IS NOT NULL) NOT DEFERRABLE INITIALLY IMMEDIATE NORELY VALIDATE;
ALTER TABLE "KM"."QRTZ_JOB_DETAILS" ADD CONSTRAINT "SYS_C0011915" CHECK ("IS_NONCONCURRENT" IS NOT NULL) NOT DEFERRABLE INITIALLY IMMEDIATE NORELY VALIDATE;
ALTER TABLE "KM"."QRTZ_JOB_DETAILS" ADD CONSTRAINT "SYS_C0011916" CHECK ("IS_UPDATE_DATA" IS NOT NULL) NOT DEFERRABLE INITIALLY IMMEDIATE NORELY VALIDATE;
ALTER TABLE "KM"."QRTZ_JOB_DETAILS" ADD CONSTRAINT "SYS_C0011917" CHECK ("REQUESTS_RECOVERY" IS NOT NULL) NOT DEFERRABLE INITIALLY IMMEDIATE NORELY VALIDATE;
ALTER TABLE "KM"."QRTZ_JOB_DETAILS" ADD CONSTRAINT "SYS_C0011918" CHECK ("SCHED_NAME" IS NOT NULL) NOT DEFERRABLE INITIALLY IMMEDIATE NORELY VALIDATE;
ALTER TABLE "KM"."QRTZ_JOB_DETAILS" ADD CONSTRAINT "SYS_C0011919" CHECK ("JOB_NAME" IS NOT NULL) NOT DEFERRABLE INITIALLY IMMEDIATE NORELY VALIDATE;
ALTER TABLE "KM"."QRTZ_JOB_DETAILS" ADD CONSTRAINT "SYS_C0011920" CHECK ("JOB_GROUP" IS NOT NULL) NOT DEFERRABLE INITIALLY IMMEDIATE NORELY VALIDATE;
ALTER TABLE "KM"."QRTZ_JOB_DETAILS" ADD CONSTRAINT "SYS_C0011921" CHECK ("JOB_CLASS_NAME" IS NOT NULL) NOT DEFERRABLE INITIALLY IMMEDIATE NORELY VALIDATE;
ALTER TABLE "KM"."QRTZ_JOB_DETAILS" ADD CONSTRAINT "SYS_C0011922" CHECK ("IS_DURABLE" IS NOT NULL) NOT DEFERRABLE INITIALLY IMMEDIATE NORELY VALIDATE;
ALTER TABLE "KM"."QRTZ_JOB_DETAILS" ADD CONSTRAINT "SYS_C0011923" CHECK ("IS_NONCONCURRENT" IS NOT NULL) NOT DEFERRABLE INITIALLY IMMEDIATE NORELY VALIDATE;
ALTER TABLE "KM"."QRTZ_JOB_DETAILS" ADD CONSTRAINT "SYS_C0011924" CHECK ("IS_UPDATE_DATA" IS NOT NULL) NOT DEFERRABLE INITIALLY IMMEDIATE NORELY VALIDATE;
ALTER TABLE "KM"."QRTZ_JOB_DETAILS" ADD CONSTRAINT "SYS_C0011925" CHECK ("REQUESTS_RECOVERY" IS NOT NULL) NOT DEFERRABLE INITIALLY IMMEDIATE NORELY VALIDATE;
ALTER TABLE "KM"."QRTZ_JOB_DETAILS" ADD CONSTRAINT "SYS_C0011926" CHECK ("SCHED_NAME" IS NOT NULL) NOT DEFERRABLE INITIALLY IMMEDIATE NORELY VALIDATE;
ALTER TABLE "KM"."QRTZ_JOB_DETAILS" ADD CONSTRAINT "SYS_C0011927" CHECK ("JOB_NAME" IS NOT NULL) NOT DEFERRABLE INITIALLY IMMEDIATE NORELY VALIDATE;
ALTER TABLE "KM"."QRTZ_JOB_DETAILS" ADD CONSTRAINT "SYS_C0011928" CHECK ("JOB_GROUP" IS NOT NULL) NOT DEFERRABLE INITIALLY IMMEDIATE NORELY VALIDATE;
ALTER TABLE "KM"."QRTZ_JOB_DETAILS" ADD CONSTRAINT "SYS_C0011929" CHECK ("JOB_CLASS_NAME" IS NOT NULL) NOT DEFERRABLE INITIALLY IMMEDIATE NORELY VALIDATE;
ALTER TABLE "KM"."QRTZ_JOB_DETAILS" ADD CONSTRAINT "SYS_C0011930" CHECK ("IS_DURABLE" IS NOT NULL) NOT DEFERRABLE INITIALLY IMMEDIATE NORELY VALIDATE;
ALTER TABLE "KM"."QRTZ_JOB_DETAILS" ADD CONSTRAINT "SYS_C0011931" CHECK ("IS_NONCONCURRENT" IS NOT NULL) NOT DEFERRABLE INITIALLY IMMEDIATE NORELY VALIDATE;
ALTER TABLE "KM"."QRTZ_JOB_DETAILS" ADD CONSTRAINT "SYS_C0011932" CHECK ("IS_UPDATE_DATA" IS NOT NULL) NOT DEFERRABLE INITIALLY IMMEDIATE NORELY VALIDATE;
ALTER TABLE "KM"."QRTZ_JOB_DETAILS" ADD CONSTRAINT "SYS_C0011933" CHECK ("REQUESTS_RECOVERY" IS NOT NULL) NOT DEFERRABLE INITIALLY IMMEDIATE NORELY VALIDATE;

-- ----------------------------
-- Indexes structure for table QRTZ_JOB_DETAILS
-- ----------------------------
CREATE INDEX "KM"."IDX_QRTZ_J_GRP"
  ON "KM"."QRTZ_JOB_DETAILS" ("SCHED_NAME" ASC, "JOB_GROUP" ASC)
  LOGGING
  TABLESPACE "KM_TEST"
  VISIBLE
PCTFREE 10
INITRANS 2
STORAGE (
  BUFFER_POOL DEFAULT
);
CREATE INDEX "KM"."IDX_QRTZ_J_REQ_RECOVERY"
  ON "KM"."QRTZ_JOB_DETAILS" ("SCHED_NAME" ASC, "REQUESTS_RECOVERY" ASC)
  LOGGING
  TABLESPACE "KM_TEST"
  VISIBLE
PCTFREE 10
INITRANS 2
STORAGE (
  BUFFER_POOL DEFAULT
);

-- ----------------------------
-- Primary Key structure for table QRTZ_LOCKS
-- ----------------------------
ALTER TABLE "KM"."QRTZ_LOCKS" ADD CONSTRAINT "SYS_C0011943" PRIMARY KEY ("SCHED_NAME", "LOCK_NAME");

-- ----------------------------
-- Checks structure for table QRTZ_LOCKS
-- ----------------------------
ALTER TABLE "KM"."QRTZ_LOCKS" ADD CONSTRAINT "SYS_C0011460" CHECK ("SCHED_NAME" IS NOT NULL) NOT DEFERRABLE INITIALLY IMMEDIATE NORELY VALIDATE;
ALTER TABLE "KM"."QRTZ_LOCKS" ADD CONSTRAINT "SYS_C0011461" CHECK ("LOCK_NAME" IS NOT NULL) NOT DEFERRABLE INITIALLY IMMEDIATE NORELY VALIDATE;
ALTER TABLE "KM"."QRTZ_LOCKS" ADD CONSTRAINT "SYS_C0011935" CHECK ("SCHED_NAME" IS NOT NULL) NOT DEFERRABLE INITIALLY IMMEDIATE NORELY VALIDATE;
ALTER TABLE "KM"."QRTZ_LOCKS" ADD CONSTRAINT "SYS_C0011936" CHECK ("LOCK_NAME" IS NOT NULL) NOT DEFERRABLE INITIALLY IMMEDIATE NORELY VALIDATE;
ALTER TABLE "KM"."QRTZ_LOCKS" ADD CONSTRAINT "SYS_C0011937" CHECK ("SCHED_NAME" IS NOT NULL) NOT DEFERRABLE INITIALLY IMMEDIATE NORELY VALIDATE;
ALTER TABLE "KM"."QRTZ_LOCKS" ADD CONSTRAINT "SYS_C0011938" CHECK ("LOCK_NAME" IS NOT NULL) NOT DEFERRABLE INITIALLY IMMEDIATE NORELY VALIDATE;
ALTER TABLE "KM"."QRTZ_LOCKS" ADD CONSTRAINT "SYS_C0011939" CHECK ("SCHED_NAME" IS NOT NULL) NOT DEFERRABLE INITIALLY IMMEDIATE NORELY VALIDATE;
ALTER TABLE "KM"."QRTZ_LOCKS" ADD CONSTRAINT "SYS_C0011940" CHECK ("LOCK_NAME" IS NOT NULL) NOT DEFERRABLE INITIALLY IMMEDIATE NORELY VALIDATE;
ALTER TABLE "KM"."QRTZ_LOCKS" ADD CONSTRAINT "SYS_C0011941" CHECK ("SCHED_NAME" IS NOT NULL) NOT DEFERRABLE INITIALLY IMMEDIATE NORELY VALIDATE;
ALTER TABLE "KM"."QRTZ_LOCKS" ADD CONSTRAINT "SYS_C0011942" CHECK ("LOCK_NAME" IS NOT NULL) NOT DEFERRABLE INITIALLY IMMEDIATE NORELY VALIDATE;

-- ----------------------------
-- Primary Key structure for table QRTZ_PAUSED_TRIGGER_GRPS
-- ----------------------------
ALTER TABLE "KM"."QRTZ_PAUSED_TRIGGER_GRPS" ADD CONSTRAINT "SYS_C0011952" PRIMARY KEY ("SCHED_NAME", "TRIGGER_GROUP");

-- ----------------------------
-- Checks structure for table QRTZ_PAUSED_TRIGGER_GRPS
-- ----------------------------
ALTER TABLE "KM"."QRTZ_PAUSED_TRIGGER_GRPS" ADD CONSTRAINT "SYS_C0011462" CHECK ("SCHED_NAME" IS NOT NULL) NOT DEFERRABLE INITIALLY IMMEDIATE NORELY VALIDATE;
ALTER TABLE "KM"."QRTZ_PAUSED_TRIGGER_GRPS" ADD CONSTRAINT "SYS_C0011463" CHECK ("TRIGGER_GROUP" IS NOT NULL) NOT DEFERRABLE INITIALLY IMMEDIATE NORELY VALIDATE;
ALTER TABLE "KM"."QRTZ_PAUSED_TRIGGER_GRPS" ADD CONSTRAINT "SYS_C0011944" CHECK ("SCHED_NAME" IS NOT NULL) NOT DEFERRABLE INITIALLY IMMEDIATE NORELY VALIDATE;
ALTER TABLE "KM"."QRTZ_PAUSED_TRIGGER_GRPS" ADD CONSTRAINT "SYS_C0011945" CHECK ("TRIGGER_GROUP" IS NOT NULL) NOT DEFERRABLE INITIALLY IMMEDIATE NORELY VALIDATE;
ALTER TABLE "KM"."QRTZ_PAUSED_TRIGGER_GRPS" ADD CONSTRAINT "SYS_C0011946" CHECK ("SCHED_NAME" IS NOT NULL) NOT DEFERRABLE INITIALLY IMMEDIATE NORELY VALIDATE;
ALTER TABLE "KM"."QRTZ_PAUSED_TRIGGER_GRPS" ADD CONSTRAINT "SYS_C0011947" CHECK ("TRIGGER_GROUP" IS NOT NULL) NOT DEFERRABLE INITIALLY IMMEDIATE NORELY VALIDATE;
ALTER TABLE "KM"."QRTZ_PAUSED_TRIGGER_GRPS" ADD CONSTRAINT "SYS_C0011948" CHECK ("SCHED_NAME" IS NOT NULL) NOT DEFERRABLE INITIALLY IMMEDIATE NORELY VALIDATE;
ALTER TABLE "KM"."QRTZ_PAUSED_TRIGGER_GRPS" ADD CONSTRAINT "SYS_C0011949" CHECK ("TRIGGER_GROUP" IS NOT NULL) NOT DEFERRABLE INITIALLY IMMEDIATE NORELY VALIDATE;
ALTER TABLE "KM"."QRTZ_PAUSED_TRIGGER_GRPS" ADD CONSTRAINT "SYS_C0011950" CHECK ("SCHED_NAME" IS NOT NULL) NOT DEFERRABLE INITIALLY IMMEDIATE NORELY VALIDATE;
ALTER TABLE "KM"."QRTZ_PAUSED_TRIGGER_GRPS" ADD CONSTRAINT "SYS_C0011951" CHECK ("TRIGGER_GROUP" IS NOT NULL) NOT DEFERRABLE INITIALLY IMMEDIATE NORELY VALIDATE;

-- ----------------------------
-- Primary Key structure for table QRTZ_SCHEDULER_STATE
-- ----------------------------
ALTER TABLE "KM"."QRTZ_SCHEDULER_STATE" ADD CONSTRAINT "SYS_C0011969" PRIMARY KEY ("SCHED_NAME", "INSTANCE_NAME");

-- ----------------------------
-- Checks structure for table QRTZ_SCHEDULER_STATE
-- ----------------------------
ALTER TABLE "KM"."QRTZ_SCHEDULER_STATE" ADD CONSTRAINT "SYS_C0011464" CHECK ("SCHED_NAME" IS NOT NULL) NOT DEFERRABLE INITIALLY IMMEDIATE NORELY VALIDATE;
ALTER TABLE "KM"."QRTZ_SCHEDULER_STATE" ADD CONSTRAINT "SYS_C0011465" CHECK ("INSTANCE_NAME" IS NOT NULL) NOT DEFERRABLE INITIALLY IMMEDIATE NORELY VALIDATE;
ALTER TABLE "KM"."QRTZ_SCHEDULER_STATE" ADD CONSTRAINT "SYS_C0011466" CHECK ("LAST_CHECKIN_TIME" IS NOT NULL) NOT DEFERRABLE INITIALLY IMMEDIATE NORELY VALIDATE;
ALTER TABLE "KM"."QRTZ_SCHEDULER_STATE" ADD CONSTRAINT "SYS_C0011467" CHECK ("CHECKIN_INTERVAL" IS NOT NULL) NOT DEFERRABLE INITIALLY IMMEDIATE NORELY VALIDATE;
ALTER TABLE "KM"."QRTZ_SCHEDULER_STATE" ADD CONSTRAINT "SYS_C0011953" CHECK ("SCHED_NAME" IS NOT NULL) NOT DEFERRABLE INITIALLY IMMEDIATE NORELY VALIDATE;
ALTER TABLE "KM"."QRTZ_SCHEDULER_STATE" ADD CONSTRAINT "SYS_C0011954" CHECK ("INSTANCE_NAME" IS NOT NULL) NOT DEFERRABLE INITIALLY IMMEDIATE NORELY VALIDATE;
ALTER TABLE "KM"."QRTZ_SCHEDULER_STATE" ADD CONSTRAINT "SYS_C0011955" CHECK ("LAST_CHECKIN_TIME" IS NOT NULL) NOT DEFERRABLE INITIALLY IMMEDIATE NORELY VALIDATE;
ALTER TABLE "KM"."QRTZ_SCHEDULER_STATE" ADD CONSTRAINT "SYS_C0011956" CHECK ("CHECKIN_INTERVAL" IS NOT NULL) NOT DEFERRABLE INITIALLY IMMEDIATE NORELY VALIDATE;
ALTER TABLE "KM"."QRTZ_SCHEDULER_STATE" ADD CONSTRAINT "SYS_C0011957" CHECK ("SCHED_NAME" IS NOT NULL) NOT DEFERRABLE INITIALLY IMMEDIATE NORELY VALIDATE;
ALTER TABLE "KM"."QRTZ_SCHEDULER_STATE" ADD CONSTRAINT "SYS_C0011958" CHECK ("INSTANCE_NAME" IS NOT NULL) NOT DEFERRABLE INITIALLY IMMEDIATE NORELY VALIDATE;
ALTER TABLE "KM"."QRTZ_SCHEDULER_STATE" ADD CONSTRAINT "SYS_C0011959" CHECK ("LAST_CHECKIN_TIME" IS NOT NULL) NOT DEFERRABLE INITIALLY IMMEDIATE NORELY VALIDATE;
ALTER TABLE "KM"."QRTZ_SCHEDULER_STATE" ADD CONSTRAINT "SYS_C0011960" CHECK ("CHECKIN_INTERVAL" IS NOT NULL) NOT DEFERRABLE INITIALLY IMMEDIATE NORELY VALIDATE;
ALTER TABLE "KM"."QRTZ_SCHEDULER_STATE" ADD CONSTRAINT "SYS_C0011961" CHECK ("SCHED_NAME" IS NOT NULL) NOT DEFERRABLE INITIALLY IMMEDIATE NORELY VALIDATE;
ALTER TABLE "KM"."QRTZ_SCHEDULER_STATE" ADD CONSTRAINT "SYS_C0011962" CHECK ("INSTANCE_NAME" IS NOT NULL) NOT DEFERRABLE INITIALLY IMMEDIATE NORELY VALIDATE;
ALTER TABLE "KM"."QRTZ_SCHEDULER_STATE" ADD CONSTRAINT "SYS_C0011963" CHECK ("LAST_CHECKIN_TIME" IS NOT NULL) NOT DEFERRABLE INITIALLY IMMEDIATE NORELY VALIDATE;
ALTER TABLE "KM"."QRTZ_SCHEDULER_STATE" ADD CONSTRAINT "SYS_C0011964" CHECK ("CHECKIN_INTERVAL" IS NOT NULL) NOT DEFERRABLE INITIALLY IMMEDIATE NORELY VALIDATE;
ALTER TABLE "KM"."QRTZ_SCHEDULER_STATE" ADD CONSTRAINT "SYS_C0011965" CHECK ("SCHED_NAME" IS NOT NULL) NOT DEFERRABLE INITIALLY IMMEDIATE NORELY VALIDATE;
ALTER TABLE "KM"."QRTZ_SCHEDULER_STATE" ADD CONSTRAINT "SYS_C0011966" CHECK ("INSTANCE_NAME" IS NOT NULL) NOT DEFERRABLE INITIALLY IMMEDIATE NORELY VALIDATE;
ALTER TABLE "KM"."QRTZ_SCHEDULER_STATE" ADD CONSTRAINT "SYS_C0011967" CHECK ("LAST_CHECKIN_TIME" IS NOT NULL) NOT DEFERRABLE INITIALLY IMMEDIATE NORELY VALIDATE;
ALTER TABLE "KM"."QRTZ_SCHEDULER_STATE" ADD CONSTRAINT "SYS_C0011968" CHECK ("CHECKIN_INTERVAL" IS NOT NULL) NOT DEFERRABLE INITIALLY IMMEDIATE NORELY VALIDATE;

-- ----------------------------
-- Primary Key structure for table QRTZ_SIMPLE_TRIGGERS
-- ----------------------------
ALTER TABLE "KM"."QRTZ_SIMPLE_TRIGGERS" ADD CONSTRAINT "SYS_C0011994" PRIMARY KEY ("SCHED_NAME", "TRIGGER_NAME", "TRIGGER_GROUP");

-- ----------------------------
-- Checks structure for table QRTZ_SIMPLE_TRIGGERS
-- ----------------------------
ALTER TABLE "KM"."QRTZ_SIMPLE_TRIGGERS" ADD CONSTRAINT "SYS_C0011468" CHECK ("SCHED_NAME" IS NOT NULL) NOT DEFERRABLE INITIALLY IMMEDIATE NORELY VALIDATE;
ALTER TABLE "KM"."QRTZ_SIMPLE_TRIGGERS" ADD CONSTRAINT "SYS_C0011469" CHECK ("TRIGGER_NAME" IS NOT NULL) NOT DEFERRABLE INITIALLY IMMEDIATE NORELY VALIDATE;
ALTER TABLE "KM"."QRTZ_SIMPLE_TRIGGERS" ADD CONSTRAINT "SYS_C0011470" CHECK ("TRIGGER_GROUP" IS NOT NULL) NOT DEFERRABLE INITIALLY IMMEDIATE NORELY VALIDATE;
ALTER TABLE "KM"."QRTZ_SIMPLE_TRIGGERS" ADD CONSTRAINT "SYS_C0011471" CHECK ("REPEAT_COUNT" IS NOT NULL) NOT DEFERRABLE INITIALLY IMMEDIATE NORELY VALIDATE;
ALTER TABLE "KM"."QRTZ_SIMPLE_TRIGGERS" ADD CONSTRAINT "SYS_C0011472" CHECK ("REPEAT_INTERVAL" IS NOT NULL) NOT DEFERRABLE INITIALLY IMMEDIATE NORELY VALIDATE;
ALTER TABLE "KM"."QRTZ_SIMPLE_TRIGGERS" ADD CONSTRAINT "SYS_C0011473" CHECK ("TIMES_TRIGGERED" IS NOT NULL) NOT DEFERRABLE INITIALLY IMMEDIATE NORELY VALIDATE;
ALTER TABLE "KM"."QRTZ_SIMPLE_TRIGGERS" ADD CONSTRAINT "SYS_C0011970" CHECK ("SCHED_NAME" IS NOT NULL) NOT DEFERRABLE INITIALLY IMMEDIATE NORELY VALIDATE;
ALTER TABLE "KM"."QRTZ_SIMPLE_TRIGGERS" ADD CONSTRAINT "SYS_C0011971" CHECK ("TRIGGER_NAME" IS NOT NULL) NOT DEFERRABLE INITIALLY IMMEDIATE NORELY VALIDATE;
ALTER TABLE "KM"."QRTZ_SIMPLE_TRIGGERS" ADD CONSTRAINT "SYS_C0011972" CHECK ("TRIGGER_GROUP" IS NOT NULL) NOT DEFERRABLE INITIALLY IMMEDIATE NORELY VALIDATE;
ALTER TABLE "KM"."QRTZ_SIMPLE_TRIGGERS" ADD CONSTRAINT "SYS_C0011973" CHECK ("REPEAT_COUNT" IS NOT NULL) NOT DEFERRABLE INITIALLY IMMEDIATE NORELY VALIDATE;
ALTER TABLE "KM"."QRTZ_SIMPLE_TRIGGERS" ADD CONSTRAINT "SYS_C0011974" CHECK ("REPEAT_INTERVAL" IS NOT NULL) NOT DEFERRABLE INITIALLY IMMEDIATE NORELY VALIDATE;
ALTER TABLE "KM"."QRTZ_SIMPLE_TRIGGERS" ADD CONSTRAINT "SYS_C0011975" CHECK ("TIMES_TRIGGERED" IS NOT NULL) NOT DEFERRABLE INITIALLY IMMEDIATE NORELY VALIDATE;
ALTER TABLE "KM"."QRTZ_SIMPLE_TRIGGERS" ADD CONSTRAINT "SYS_C0011976" CHECK ("SCHED_NAME" IS NOT NULL) NOT DEFERRABLE INITIALLY IMMEDIATE NORELY VALIDATE;
ALTER TABLE "KM"."QRTZ_SIMPLE_TRIGGERS" ADD CONSTRAINT "SYS_C0011977" CHECK ("TRIGGER_NAME" IS NOT NULL) NOT DEFERRABLE INITIALLY IMMEDIATE NORELY VALIDATE;
ALTER TABLE "KM"."QRTZ_SIMPLE_TRIGGERS" ADD CONSTRAINT "SYS_C0011978" CHECK ("TRIGGER_GROUP" IS NOT NULL) NOT DEFERRABLE INITIALLY IMMEDIATE NORELY VALIDATE;
ALTER TABLE "KM"."QRTZ_SIMPLE_TRIGGERS" ADD CONSTRAINT "SYS_C0011979" CHECK ("REPEAT_COUNT" IS NOT NULL) NOT DEFERRABLE INITIALLY IMMEDIATE NORELY VALIDATE;
ALTER TABLE "KM"."QRTZ_SIMPLE_TRIGGERS" ADD CONSTRAINT "SYS_C0011980" CHECK ("REPEAT_INTERVAL" IS NOT NULL) NOT DEFERRABLE INITIALLY IMMEDIATE NORELY VALIDATE;
ALTER TABLE "KM"."QRTZ_SIMPLE_TRIGGERS" ADD CONSTRAINT "SYS_C0011981" CHECK ("TIMES_TRIGGERED" IS NOT NULL) NOT DEFERRABLE INITIALLY IMMEDIATE NORELY VALIDATE;
ALTER TABLE "KM"."QRTZ_SIMPLE_TRIGGERS" ADD CONSTRAINT "SYS_C0011982" CHECK ("SCHED_NAME" IS NOT NULL) NOT DEFERRABLE INITIALLY IMMEDIATE NORELY VALIDATE;
ALTER TABLE "KM"."QRTZ_SIMPLE_TRIGGERS" ADD CONSTRAINT "SYS_C0011983" CHECK ("TRIGGER_NAME" IS NOT NULL) NOT DEFERRABLE INITIALLY IMMEDIATE NORELY VALIDATE;
ALTER TABLE "KM"."QRTZ_SIMPLE_TRIGGERS" ADD CONSTRAINT "SYS_C0011984" CHECK ("TRIGGER_GROUP" IS NOT NULL) NOT DEFERRABLE INITIALLY IMMEDIATE NORELY VALIDATE;
ALTER TABLE "KM"."QRTZ_SIMPLE_TRIGGERS" ADD CONSTRAINT "SYS_C0011985" CHECK ("REPEAT_COUNT" IS NOT NULL) NOT DEFERRABLE INITIALLY IMMEDIATE NORELY VALIDATE;
ALTER TABLE "KM"."QRTZ_SIMPLE_TRIGGERS" ADD CONSTRAINT "SYS_C0011986" CHECK ("REPEAT_INTERVAL" IS NOT NULL) NOT DEFERRABLE INITIALLY IMMEDIATE NORELY VALIDATE;
ALTER TABLE "KM"."QRTZ_SIMPLE_TRIGGERS" ADD CONSTRAINT "SYS_C0011987" CHECK ("TIMES_TRIGGERED" IS NOT NULL) NOT DEFERRABLE INITIALLY IMMEDIATE NORELY VALIDATE;
ALTER TABLE "KM"."QRTZ_SIMPLE_TRIGGERS" ADD CONSTRAINT "SYS_C0011988" CHECK ("SCHED_NAME" IS NOT NULL) NOT DEFERRABLE INITIALLY IMMEDIATE NORELY VALIDATE;
ALTER TABLE "KM"."QRTZ_SIMPLE_TRIGGERS" ADD CONSTRAINT "SYS_C0011989" CHECK ("TRIGGER_NAME" IS NOT NULL) NOT DEFERRABLE INITIALLY IMMEDIATE NORELY VALIDATE;
ALTER TABLE "KM"."QRTZ_SIMPLE_TRIGGERS" ADD CONSTRAINT "SYS_C0011990" CHECK ("TRIGGER_GROUP" IS NOT NULL) NOT DEFERRABLE INITIALLY IMMEDIATE NORELY VALIDATE;
ALTER TABLE "KM"."QRTZ_SIMPLE_TRIGGERS" ADD CONSTRAINT "SYS_C0011991" CHECK ("REPEAT_COUNT" IS NOT NULL) NOT DEFERRABLE INITIALLY IMMEDIATE NORELY VALIDATE;
ALTER TABLE "KM"."QRTZ_SIMPLE_TRIGGERS" ADD CONSTRAINT "SYS_C0011992" CHECK ("REPEAT_INTERVAL" IS NOT NULL) NOT DEFERRABLE INITIALLY IMMEDIATE NORELY VALIDATE;
ALTER TABLE "KM"."QRTZ_SIMPLE_TRIGGERS" ADD CONSTRAINT "SYS_C0011993" CHECK ("TIMES_TRIGGERED" IS NOT NULL) NOT DEFERRABLE INITIALLY IMMEDIATE NORELY VALIDATE;

-- ----------------------------
-- Primary Key structure for table QRTZ_SIMPROP_TRIGGERS
-- ----------------------------
ALTER TABLE "KM"."QRTZ_SIMPROP_TRIGGERS" ADD CONSTRAINT "SYS_C0012007" PRIMARY KEY ("SCHED_NAME", "TRIGGER_NAME", "TRIGGER_GROUP");

-- ----------------------------
-- Checks structure for table QRTZ_SIMPROP_TRIGGERS
-- ----------------------------
ALTER TABLE "KM"."QRTZ_SIMPROP_TRIGGERS" ADD CONSTRAINT "SYS_C0011474" CHECK ("SCHED_NAME" IS NOT NULL) NOT DEFERRABLE INITIALLY IMMEDIATE NORELY VALIDATE;
ALTER TABLE "KM"."QRTZ_SIMPROP_TRIGGERS" ADD CONSTRAINT "SYS_C0011475" CHECK ("TRIGGER_NAME" IS NOT NULL) NOT DEFERRABLE INITIALLY IMMEDIATE NORELY VALIDATE;
ALTER TABLE "KM"."QRTZ_SIMPROP_TRIGGERS" ADD CONSTRAINT "SYS_C0011476" CHECK ("TRIGGER_GROUP" IS NOT NULL) NOT DEFERRABLE INITIALLY IMMEDIATE NORELY VALIDATE;
ALTER TABLE "KM"."QRTZ_SIMPROP_TRIGGERS" ADD CONSTRAINT "SYS_C0011995" CHECK ("SCHED_NAME" IS NOT NULL) NOT DEFERRABLE INITIALLY IMMEDIATE NORELY VALIDATE;
ALTER TABLE "KM"."QRTZ_SIMPROP_TRIGGERS" ADD CONSTRAINT "SYS_C0011996" CHECK ("TRIGGER_NAME" IS NOT NULL) NOT DEFERRABLE INITIALLY IMMEDIATE NORELY VALIDATE;
ALTER TABLE "KM"."QRTZ_SIMPROP_TRIGGERS" ADD CONSTRAINT "SYS_C0011997" CHECK ("TRIGGER_GROUP" IS NOT NULL) NOT DEFERRABLE INITIALLY IMMEDIATE NORELY VALIDATE;
ALTER TABLE "KM"."QRTZ_SIMPROP_TRIGGERS" ADD CONSTRAINT "SYS_C0011998" CHECK ("SCHED_NAME" IS NOT NULL) NOT DEFERRABLE INITIALLY IMMEDIATE NORELY VALIDATE;
ALTER TABLE "KM"."QRTZ_SIMPROP_TRIGGERS" ADD CONSTRAINT "SYS_C0011999" CHECK ("TRIGGER_NAME" IS NOT NULL) NOT DEFERRABLE INITIALLY IMMEDIATE NORELY VALIDATE;
ALTER TABLE "KM"."QRTZ_SIMPROP_TRIGGERS" ADD CONSTRAINT "SYS_C0012000" CHECK ("TRIGGER_GROUP" IS NOT NULL) NOT DEFERRABLE INITIALLY IMMEDIATE NORELY VALIDATE;
ALTER TABLE "KM"."QRTZ_SIMPROP_TRIGGERS" ADD CONSTRAINT "SYS_C0012001" CHECK ("SCHED_NAME" IS NOT NULL) NOT DEFERRABLE INITIALLY IMMEDIATE NORELY VALIDATE;
ALTER TABLE "KM"."QRTZ_SIMPROP_TRIGGERS" ADD CONSTRAINT "SYS_C0012002" CHECK ("TRIGGER_NAME" IS NOT NULL) NOT DEFERRABLE INITIALLY IMMEDIATE NORELY VALIDATE;
ALTER TABLE "KM"."QRTZ_SIMPROP_TRIGGERS" ADD CONSTRAINT "SYS_C0012003" CHECK ("TRIGGER_GROUP" IS NOT NULL) NOT DEFERRABLE INITIALLY IMMEDIATE NORELY VALIDATE;
ALTER TABLE "KM"."QRTZ_SIMPROP_TRIGGERS" ADD CONSTRAINT "SYS_C0012004" CHECK ("SCHED_NAME" IS NOT NULL) NOT DEFERRABLE INITIALLY IMMEDIATE NORELY VALIDATE;
ALTER TABLE "KM"."QRTZ_SIMPROP_TRIGGERS" ADD CONSTRAINT "SYS_C0012005" CHECK ("TRIGGER_NAME" IS NOT NULL) NOT DEFERRABLE INITIALLY IMMEDIATE NORELY VALIDATE;
ALTER TABLE "KM"."QRTZ_SIMPROP_TRIGGERS" ADD CONSTRAINT "SYS_C0012006" CHECK ("TRIGGER_GROUP" IS NOT NULL) NOT DEFERRABLE INITIALLY IMMEDIATE NORELY VALIDATE;

-- ----------------------------
-- Primary Key structure for table QRTZ_TRIGGERS
-- ----------------------------
ALTER TABLE "KM"."QRTZ_TRIGGERS" ADD CONSTRAINT "SYS_C0012040" PRIMARY KEY ("SCHED_NAME", "TRIGGER_NAME", "TRIGGER_GROUP");

-- ----------------------------
-- Checks structure for table QRTZ_TRIGGERS
-- ----------------------------
ALTER TABLE "KM"."QRTZ_TRIGGERS" ADD CONSTRAINT "SYS_C0011477" CHECK ("SCHED_NAME" IS NOT NULL) NOT DEFERRABLE INITIALLY IMMEDIATE NORELY VALIDATE;
ALTER TABLE "KM"."QRTZ_TRIGGERS" ADD CONSTRAINT "SYS_C0011478" CHECK ("TRIGGER_NAME" IS NOT NULL) NOT DEFERRABLE INITIALLY IMMEDIATE NORELY VALIDATE;
ALTER TABLE "KM"."QRTZ_TRIGGERS" ADD CONSTRAINT "SYS_C0011479" CHECK ("TRIGGER_GROUP" IS NOT NULL) NOT DEFERRABLE INITIALLY IMMEDIATE NORELY VALIDATE;
ALTER TABLE "KM"."QRTZ_TRIGGERS" ADD CONSTRAINT "SYS_C0011480" CHECK ("JOB_NAME" IS NOT NULL) NOT DEFERRABLE INITIALLY IMMEDIATE NORELY VALIDATE;
ALTER TABLE "KM"."QRTZ_TRIGGERS" ADD CONSTRAINT "SYS_C0011481" CHECK ("JOB_GROUP" IS NOT NULL) NOT DEFERRABLE INITIALLY IMMEDIATE NORELY VALIDATE;
ALTER TABLE "KM"."QRTZ_TRIGGERS" ADD CONSTRAINT "SYS_C0011482" CHECK ("TRIGGER_STATE" IS NOT NULL) NOT DEFERRABLE INITIALLY IMMEDIATE NORELY VALIDATE;
ALTER TABLE "KM"."QRTZ_TRIGGERS" ADD CONSTRAINT "SYS_C0011483" CHECK ("TRIGGER_TYPE" IS NOT NULL) NOT DEFERRABLE INITIALLY IMMEDIATE NORELY VALIDATE;
ALTER TABLE "KM"."QRTZ_TRIGGERS" ADD CONSTRAINT "SYS_C0011484" CHECK ("START_TIME" IS NOT NULL) NOT DEFERRABLE INITIALLY IMMEDIATE NORELY VALIDATE;
ALTER TABLE "KM"."QRTZ_TRIGGERS" ADD CONSTRAINT "SYS_C0012008" CHECK ("SCHED_NAME" IS NOT NULL) NOT DEFERRABLE INITIALLY IMMEDIATE NORELY VALIDATE;
ALTER TABLE "KM"."QRTZ_TRIGGERS" ADD CONSTRAINT "SYS_C0012009" CHECK ("TRIGGER_NAME" IS NOT NULL) NOT DEFERRABLE INITIALLY IMMEDIATE NORELY VALIDATE;
ALTER TABLE "KM"."QRTZ_TRIGGERS" ADD CONSTRAINT "SYS_C0012010" CHECK ("TRIGGER_GROUP" IS NOT NULL) NOT DEFERRABLE INITIALLY IMMEDIATE NORELY VALIDATE;
ALTER TABLE "KM"."QRTZ_TRIGGERS" ADD CONSTRAINT "SYS_C0012011" CHECK ("JOB_NAME" IS NOT NULL) NOT DEFERRABLE INITIALLY IMMEDIATE NORELY VALIDATE;
ALTER TABLE "KM"."QRTZ_TRIGGERS" ADD CONSTRAINT "SYS_C0012012" CHECK ("JOB_GROUP" IS NOT NULL) NOT DEFERRABLE INITIALLY IMMEDIATE NORELY VALIDATE;
ALTER TABLE "KM"."QRTZ_TRIGGERS" ADD CONSTRAINT "SYS_C0012013" CHECK ("TRIGGER_STATE" IS NOT NULL) NOT DEFERRABLE INITIALLY IMMEDIATE NORELY VALIDATE;
ALTER TABLE "KM"."QRTZ_TRIGGERS" ADD CONSTRAINT "SYS_C0012014" CHECK ("TRIGGER_TYPE" IS NOT NULL) NOT DEFERRABLE INITIALLY IMMEDIATE NORELY VALIDATE;
ALTER TABLE "KM"."QRTZ_TRIGGERS" ADD CONSTRAINT "SYS_C0012015" CHECK ("START_TIME" IS NOT NULL) NOT DEFERRABLE INITIALLY IMMEDIATE NORELY VALIDATE;
ALTER TABLE "KM"."QRTZ_TRIGGERS" ADD CONSTRAINT "SYS_C0012016" CHECK ("SCHED_NAME" IS NOT NULL) NOT DEFERRABLE INITIALLY IMMEDIATE NORELY VALIDATE;
ALTER TABLE "KM"."QRTZ_TRIGGERS" ADD CONSTRAINT "SYS_C0012017" CHECK ("TRIGGER_NAME" IS NOT NULL) NOT DEFERRABLE INITIALLY IMMEDIATE NORELY VALIDATE;
ALTER TABLE "KM"."QRTZ_TRIGGERS" ADD CONSTRAINT "SYS_C0012018" CHECK ("TRIGGER_GROUP" IS NOT NULL) NOT DEFERRABLE INITIALLY IMMEDIATE NORELY VALIDATE;
ALTER TABLE "KM"."QRTZ_TRIGGERS" ADD CONSTRAINT "SYS_C0012019" CHECK ("JOB_NAME" IS NOT NULL) NOT DEFERRABLE INITIALLY IMMEDIATE NORELY VALIDATE;
ALTER TABLE "KM"."QRTZ_TRIGGERS" ADD CONSTRAINT "SYS_C0012020" CHECK ("JOB_GROUP" IS NOT NULL) NOT DEFERRABLE INITIALLY IMMEDIATE NORELY VALIDATE;
ALTER TABLE "KM"."QRTZ_TRIGGERS" ADD CONSTRAINT "SYS_C0012021" CHECK ("TRIGGER_STATE" IS NOT NULL) NOT DEFERRABLE INITIALLY IMMEDIATE NORELY VALIDATE;
ALTER TABLE "KM"."QRTZ_TRIGGERS" ADD CONSTRAINT "SYS_C0012022" CHECK ("TRIGGER_TYPE" IS NOT NULL) NOT DEFERRABLE INITIALLY IMMEDIATE NORELY VALIDATE;
ALTER TABLE "KM"."QRTZ_TRIGGERS" ADD CONSTRAINT "SYS_C0012023" CHECK ("START_TIME" IS NOT NULL) NOT DEFERRABLE INITIALLY IMMEDIATE NORELY VALIDATE;
ALTER TABLE "KM"."QRTZ_TRIGGERS" ADD CONSTRAINT "SYS_C0012024" CHECK ("SCHED_NAME" IS NOT NULL) NOT DEFERRABLE INITIALLY IMMEDIATE NORELY VALIDATE;
ALTER TABLE "KM"."QRTZ_TRIGGERS" ADD CONSTRAINT "SYS_C0012025" CHECK ("TRIGGER_NAME" IS NOT NULL) NOT DEFERRABLE INITIALLY IMMEDIATE NORELY VALIDATE;
ALTER TABLE "KM"."QRTZ_TRIGGERS" ADD CONSTRAINT "SYS_C0012026" CHECK ("TRIGGER_GROUP" IS NOT NULL) NOT DEFERRABLE INITIALLY IMMEDIATE NORELY VALIDATE;
ALTER TABLE "KM"."QRTZ_TRIGGERS" ADD CONSTRAINT "SYS_C0012027" CHECK ("JOB_NAME" IS NOT NULL) NOT DEFERRABLE INITIALLY IMMEDIATE NORELY VALIDATE;
ALTER TABLE "KM"."QRTZ_TRIGGERS" ADD CONSTRAINT "SYS_C0012028" CHECK ("JOB_GROUP" IS NOT NULL) NOT DEFERRABLE INITIALLY IMMEDIATE NORELY VALIDATE;
ALTER TABLE "KM"."QRTZ_TRIGGERS" ADD CONSTRAINT "SYS_C0012029" CHECK ("TRIGGER_STATE" IS NOT NULL) NOT DEFERRABLE INITIALLY IMMEDIATE NORELY VALIDATE;
ALTER TABLE "KM"."QRTZ_TRIGGERS" ADD CONSTRAINT "SYS_C0012030" CHECK ("TRIGGER_TYPE" IS NOT NULL) NOT DEFERRABLE INITIALLY IMMEDIATE NORELY VALIDATE;
ALTER TABLE "KM"."QRTZ_TRIGGERS" ADD CONSTRAINT "SYS_C0012031" CHECK ("START_TIME" IS NOT NULL) NOT DEFERRABLE INITIALLY IMMEDIATE NORELY VALIDATE;
ALTER TABLE "KM"."QRTZ_TRIGGERS" ADD CONSTRAINT "SYS_C0012032" CHECK ("SCHED_NAME" IS NOT NULL) NOT DEFERRABLE INITIALLY IMMEDIATE NORELY VALIDATE;
ALTER TABLE "KM"."QRTZ_TRIGGERS" ADD CONSTRAINT "SYS_C0012033" CHECK ("TRIGGER_NAME" IS NOT NULL) NOT DEFERRABLE INITIALLY IMMEDIATE NORELY VALIDATE;
ALTER TABLE "KM"."QRTZ_TRIGGERS" ADD CONSTRAINT "SYS_C0012034" CHECK ("TRIGGER_GROUP" IS NOT NULL) NOT DEFERRABLE INITIALLY IMMEDIATE NORELY VALIDATE;
ALTER TABLE "KM"."QRTZ_TRIGGERS" ADD CONSTRAINT "SYS_C0012035" CHECK ("JOB_NAME" IS NOT NULL) NOT DEFERRABLE INITIALLY IMMEDIATE NORELY VALIDATE;
ALTER TABLE "KM"."QRTZ_TRIGGERS" ADD CONSTRAINT "SYS_C0012036" CHECK ("JOB_GROUP" IS NOT NULL) NOT DEFERRABLE INITIALLY IMMEDIATE NORELY VALIDATE;
ALTER TABLE "KM"."QRTZ_TRIGGERS" ADD CONSTRAINT "SYS_C0012037" CHECK ("TRIGGER_STATE" IS NOT NULL) NOT DEFERRABLE INITIALLY IMMEDIATE NORELY VALIDATE;
ALTER TABLE "KM"."QRTZ_TRIGGERS" ADD CONSTRAINT "SYS_C0012038" CHECK ("TRIGGER_TYPE" IS NOT NULL) NOT DEFERRABLE INITIALLY IMMEDIATE NORELY VALIDATE;
ALTER TABLE "KM"."QRTZ_TRIGGERS" ADD CONSTRAINT "SYS_C0012039" CHECK ("START_TIME" IS NOT NULL) NOT DEFERRABLE INITIALLY IMMEDIATE NORELY VALIDATE;

-- ----------------------------
-- Indexes structure for table QRTZ_TRIGGERS
-- ----------------------------
CREATE INDEX "KM"."IDX_QRTZ_T_C"
  ON "KM"."QRTZ_TRIGGERS" ("SCHED_NAME" ASC, "CALENDAR_NAME" ASC)
  LOGGING
  TABLESPACE "KM_TEST"
  VISIBLE
PCTFREE 10
INITRANS 2
STORAGE (
  BUFFER_POOL DEFAULT
);
CREATE INDEX "KM"."IDX_QRTZ_T_G"
  ON "KM"."QRTZ_TRIGGERS" ("SCHED_NAME" ASC, "TRIGGER_GROUP" ASC)
  LOGGING
  TABLESPACE "KM_TEST"
  VISIBLE
PCTFREE 10
INITRANS 2
STORAGE (
  BUFFER_POOL DEFAULT
);
CREATE INDEX "KM"."IDX_QRTZ_T_J"
  ON "KM"."QRTZ_TRIGGERS" ("JOB_GROUP" ASC, "JOB_NAME" ASC, "SCHED_NAME" ASC)
  LOGGING
  TABLESPACE "KM_TEST"
  VISIBLE
PCTFREE 10
INITRANS 2
STORAGE (
  BUFFER_POOL DEFAULT
);
CREATE INDEX "KM"."IDX_QRTZ_T_JG"
  ON "KM"."QRTZ_TRIGGERS" ("SCHED_NAME" ASC, "JOB_GROUP" ASC)
  LOGGING
  TABLESPACE "KM_TEST"
  VISIBLE
PCTFREE 10
INITRANS 2
STORAGE (
  BUFFER_POOL DEFAULT
);
CREATE INDEX "KM"."IDX_QRTZ_T_NEXT_FIRE_TIME"
  ON "KM"."QRTZ_TRIGGERS" ("SCHED_NAME" ASC, "NEXT_FIRE_TIME" ASC)
  LOGGING
  TABLESPACE "KM_TEST"
  VISIBLE
PCTFREE 10
INITRANS 2
STORAGE (
  BUFFER_POOL DEFAULT
);
CREATE INDEX "KM"."IDX_QRTZ_T_NFT_MISFIRE"
  ON "KM"."QRTZ_TRIGGERS" ("SCHED_NAME" ASC, "MISFIRE_INSTR" ASC, "NEXT_FIRE_TIME" ASC)
  LOGGING
  TABLESPACE "KM_TEST"
  VISIBLE
PCTFREE 10
INITRANS 2
STORAGE (
  BUFFER_POOL DEFAULT
);
CREATE INDEX "KM"."IDX_QRTZ_T_NFT_ST"
  ON "KM"."QRTZ_TRIGGERS" ("NEXT_FIRE_TIME" ASC, "SCHED_NAME" ASC, "TRIGGER_STATE" ASC)
  LOGGING
  TABLESPACE "KM_TEST"
  VISIBLE
PCTFREE 10
INITRANS 2
STORAGE (
  BUFFER_POOL DEFAULT
);
CREATE INDEX "KM"."IDX_QRTZ_T_NFT_ST_MISFIRE"
  ON "KM"."QRTZ_TRIGGERS" ("SCHED_NAME" ASC, "MISFIRE_INSTR" ASC, "NEXT_FIRE_TIME" ASC, "TRIGGER_STATE" ASC)
  LOGGING
  TABLESPACE "KM_TEST"
  VISIBLE
PCTFREE 10
INITRANS 2
STORAGE (
  BUFFER_POOL DEFAULT
);
CREATE INDEX "KM"."IDX_QRTZ_T_NFT_ST_MISFIRE_GRP"
  ON "KM"."QRTZ_TRIGGERS" ("SCHED_NAME" ASC, "MISFIRE_INSTR" ASC, "TRIGGER_STATE" ASC, "TRIGGER_GROUP" ASC, "NEXT_FIRE_TIME" ASC)
  LOGGING
  TABLESPACE "KM_TEST"
  VISIBLE
PCTFREE 10
INITRANS 2
STORAGE (
  BUFFER_POOL DEFAULT
);
CREATE INDEX "KM"."IDX_QRTZ_T_N_G_STATE"
  ON "KM"."QRTZ_TRIGGERS" ("TRIGGER_GROUP" ASC, "SCHED_NAME" ASC, "TRIGGER_STATE" ASC)
  LOGGING
  TABLESPACE "KM_TEST"
  VISIBLE
PCTFREE 10
INITRANS 2
STORAGE (
  BUFFER_POOL DEFAULT
);
CREATE INDEX "KM"."IDX_QRTZ_T_N_STATE"
  ON "KM"."QRTZ_TRIGGERS" ("SCHED_NAME" ASC, "TRIGGER_GROUP" ASC, "TRIGGER_NAME" ASC, "TRIGGER_STATE" ASC)
  LOGGING
  TABLESPACE "KM_TEST"
  VISIBLE
PCTFREE 10
INITRANS 2
STORAGE (
  BUFFER_POOL DEFAULT
);
CREATE INDEX "KM"."IDX_QRTZ_T_STATE"
  ON "KM"."QRTZ_TRIGGERS" ("SCHED_NAME" ASC, "TRIGGER_STATE" ASC)
  LOGGING
  TABLESPACE "KM_TEST"
  VISIBLE
PCTFREE 10
INITRANS 2
STORAGE (
  BUFFER_POOL DEFAULT
);
  
-- ----------------------------
-- Checks structure for table SYS_ANNOUNCEMENT
-- ----------------------------
ALTER TABLE "KM"."SYS_ANNOUNCEMENT" ADD CONSTRAINT "SYS_C0011504" CHECK ("ID" IS NOT NULL) NOT DEFERRABLE INITIALLY IMMEDIATE NORELY VALIDATE;
ALTER TABLE "KM"."SYS_ANNOUNCEMENT" ADD CONSTRAINT "SYS_C0011505" CHECK ("MSG_CATEGORY" IS NOT NULL) NOT DEFERRABLE INITIALLY IMMEDIATE NORELY VALIDATE;
ALTER TABLE "KM"."SYS_ANNOUNCEMENT" ADD CONSTRAINT "SYS_C0012117" CHECK ("ID" IS NOT NULL) NOT DEFERRABLE INITIALLY IMMEDIATE NORELY VALIDATE;
ALTER TABLE "KM"."SYS_ANNOUNCEMENT" ADD CONSTRAINT "SYS_C0012118" CHECK ("MSG_CATEGORY" IS NOT NULL) NOT DEFERRABLE INITIALLY IMMEDIATE NORELY VALIDATE;
ALTER TABLE "KM"."SYS_ANNOUNCEMENT" ADD CONSTRAINT "SYS_C0012119" CHECK ("ID" IS NOT NULL) NOT DEFERRABLE INITIALLY IMMEDIATE NORELY VALIDATE;
ALTER TABLE "KM"."SYS_ANNOUNCEMENT" ADD CONSTRAINT "SYS_C0012120" CHECK ("MSG_CATEGORY" IS NOT NULL) NOT DEFERRABLE INITIALLY IMMEDIATE NORELY VALIDATE;
ALTER TABLE "KM"."SYS_ANNOUNCEMENT" ADD CONSTRAINT "SYS_C0012121" CHECK ("ID" IS NOT NULL) NOT DEFERRABLE INITIALLY IMMEDIATE NORELY VALIDATE;
ALTER TABLE "KM"."SYS_ANNOUNCEMENT" ADD CONSTRAINT "SYS_C0012122" CHECK ("MSG_CATEGORY" IS NOT NULL) NOT DEFERRABLE INITIALLY IMMEDIATE NORELY VALIDATE;
ALTER TABLE "KM"."SYS_ANNOUNCEMENT" ADD CONSTRAINT "SYS_C0012123" CHECK ("ID" IS NOT NULL) NOT DEFERRABLE INITIALLY IMMEDIATE NORELY VALIDATE;
ALTER TABLE "KM"."SYS_ANNOUNCEMENT" ADD CONSTRAINT "SYS_C0012124" CHECK ("MSG_CATEGORY" IS NOT NULL) NOT DEFERRABLE INITIALLY IMMEDIATE NORELY VALIDATE;

-- ----------------------------
-- Checks structure for table SYS_CATEGORY
-- ----------------------------
ALTER TABLE "KM"."SYS_CATEGORY" ADD CONSTRAINT "SYS_C0011506" CHECK ("ID" IS NOT NULL) NOT DEFERRABLE INITIALLY IMMEDIATE NORELY VALIDATE;
ALTER TABLE "KM"."SYS_CATEGORY" ADD CONSTRAINT "SYS_C0012125" CHECK ("ID" IS NOT NULL) NOT DEFERRABLE INITIALLY IMMEDIATE NORELY VALIDATE;
ALTER TABLE "KM"."SYS_CATEGORY" ADD CONSTRAINT "SYS_C0012126" CHECK ("ID" IS NOT NULL) NOT DEFERRABLE INITIALLY IMMEDIATE NORELY VALIDATE;
ALTER TABLE "KM"."SYS_CATEGORY" ADD CONSTRAINT "SYS_C0012127" CHECK ("ID" IS NOT NULL) NOT DEFERRABLE INITIALLY IMMEDIATE NORELY VALIDATE;

-- ----------------------------
-- Checks structure for table SYS_CHECK_RULE
-- ----------------------------
ALTER TABLE "KM"."SYS_CHECK_RULE" ADD CONSTRAINT "SYS_C0011507" CHECK ("ID" IS NOT NULL) NOT DEFERRABLE INITIALLY IMMEDIATE NORELY VALIDATE;
ALTER TABLE "KM"."SYS_CHECK_RULE" ADD CONSTRAINT "SYS_C0012128" CHECK ("ID" IS NOT NULL) NOT DEFERRABLE INITIALLY IMMEDIATE NORELY VALIDATE;
ALTER TABLE "KM"."SYS_CHECK_RULE" ADD CONSTRAINT "SYS_C0012129" CHECK ("ID" IS NOT NULL) NOT DEFERRABLE INITIALLY IMMEDIATE NORELY VALIDATE;
ALTER TABLE "KM"."SYS_CHECK_RULE" ADD CONSTRAINT "SYS_C0012130" CHECK ("ID" IS NOT NULL) NOT DEFERRABLE INITIALLY IMMEDIATE NORELY VALIDATE;
ALTER TABLE "KM"."SYS_CHECK_RULE" ADD CONSTRAINT "SYS_C0012131" CHECK ("ID" IS NOT NULL) NOT DEFERRABLE INITIALLY IMMEDIATE NORELY VALIDATE;

-- ----------------------------
-- Indexes structure for table SYS_CHECK_RULE
-- ----------------------------
CREATE UNIQUE INDEX "KM"."UK_SCR_RULE_CODE"
  ON "KM"."SYS_CHECK_RULE" ("RULE_CODE" ASC)
  LOGGING
  TABLESPACE "KM_TEST"
  VISIBLE
PCTFREE 10
INITRANS 2
STORAGE (
  INITIAL 65536 
  NEXT 1048576 
  MINEXTENTS 1
  MAXEXTENTS 2147483645
  BUFFER_POOL DEFAULT
);

-- ----------------------------
-- Checks structure for table SYS_DATA_LOG
-- ----------------------------
ALTER TABLE "KM"."SYS_DATA_LOG" ADD CONSTRAINT "SYS_C0011508" CHECK ("ID" IS NOT NULL) NOT DEFERRABLE INITIALLY IMMEDIATE NORELY VALIDATE;
ALTER TABLE "KM"."SYS_DATA_LOG" ADD CONSTRAINT "SYS_C0012132" CHECK ("ID" IS NOT NULL) NOT DEFERRABLE INITIALLY IMMEDIATE NORELY VALIDATE;
ALTER TABLE "KM"."SYS_DATA_LOG" ADD CONSTRAINT "SYS_C0012133" CHECK ("ID" IS NOT NULL) NOT DEFERRABLE INITIALLY IMMEDIATE NORELY VALIDATE;
ALTER TABLE "KM"."SYS_DATA_LOG" ADD CONSTRAINT "SYS_C0012134" CHECK ("ID" IS NOT NULL) NOT DEFERRABLE INITIALLY IMMEDIATE NORELY VALIDATE;
ALTER TABLE "KM"."SYS_DATA_LOG" ADD CONSTRAINT "SYS_C0012135" CHECK ("ID" IS NOT NULL) NOT DEFERRABLE INITIALLY IMMEDIATE NORELY VALIDATE;

-- ----------------------------
-- Indexes structure for table SYS_DATA_LOG
-- ----------------------------
CREATE INDEX "KM"."IDX_SDL_DATA_TABLE_ID"
  ON "KM"."SYS_DATA_LOG" ("DATA_TABLE" ASC, "DATA_ID" ASC)
  LOGGING
  TABLESPACE "KM_TEST"
  VISIBLE
PCTFREE 10
INITRANS 2
STORAGE (
  INITIAL 65536 
  NEXT 1048576 
  MINEXTENTS 1
  MAXEXTENTS 2147483645
  BUFFER_POOL DEFAULT
);

-- ----------------------------
-- Checks structure for table SYS_DATA_SOURCE
-- ----------------------------
ALTER TABLE "KM"."SYS_DATA_SOURCE" ADD CONSTRAINT "SYS_C0011509" CHECK ("ID" IS NOT NULL) NOT DEFERRABLE INITIALLY IMMEDIATE NORELY VALIDATE;
ALTER TABLE "KM"."SYS_DATA_SOURCE" ADD CONSTRAINT "SYS_C0012136" CHECK ("ID" IS NOT NULL) NOT DEFERRABLE INITIALLY IMMEDIATE NORELY VALIDATE;
ALTER TABLE "KM"."SYS_DATA_SOURCE" ADD CONSTRAINT "SYS_C0012137" CHECK ("ID" IS NOT NULL) NOT DEFERRABLE INITIALLY IMMEDIATE NORELY VALIDATE;
ALTER TABLE "KM"."SYS_DATA_SOURCE" ADD CONSTRAINT "SYS_C0012138" CHECK ("ID" IS NOT NULL) NOT DEFERRABLE INITIALLY IMMEDIATE NORELY VALIDATE;
ALTER TABLE "KM"."SYS_DATA_SOURCE" ADD CONSTRAINT "SYS_C0012139" CHECK ("ID" IS NOT NULL) NOT DEFERRABLE INITIALLY IMMEDIATE NORELY VALIDATE;

-- ----------------------------
-- Indexes structure for table SYS_DATA_SOURCE
-- ----------------------------
CREATE UNIQUE INDEX "KM"."UK_SDC_RULE_CODE"
  ON "KM"."SYS_DATA_SOURCE" ("CODE" ASC)
  LOGGING
  TABLESPACE "KM_TEST"
  VISIBLE
PCTFREE 10
INITRANS 2
STORAGE (
  INITIAL 65536 
  NEXT 1048576 
  MINEXTENTS 1
  MAXEXTENTS 2147483645
  BUFFER_POOL DEFAULT
);

-- ----------------------------
-- Checks structure for table SYS_DEPART
-- ----------------------------
ALTER TABLE "KM"."SYS_DEPART" ADD CONSTRAINT "SYS_C0011510" CHECK ("ID" IS NOT NULL) NOT DEFERRABLE INITIALLY IMMEDIATE NORELY VALIDATE;
ALTER TABLE "KM"."SYS_DEPART" ADD CONSTRAINT "SYS_C0011511" CHECK ("DEPART_NAME" IS NOT NULL) NOT DEFERRABLE INITIALLY IMMEDIATE NORELY VALIDATE;
ALTER TABLE "KM"."SYS_DEPART" ADD CONSTRAINT "SYS_C0011512" CHECK ("ORG_CATEGORY" IS NOT NULL) NOT DEFERRABLE INITIALLY IMMEDIATE NORELY VALIDATE;
ALTER TABLE "KM"."SYS_DEPART" ADD CONSTRAINT "SYS_C0011513" CHECK ("ORG_CODE" IS NOT NULL) NOT DEFERRABLE INITIALLY IMMEDIATE NORELY VALIDATE;
ALTER TABLE "KM"."SYS_DEPART" ADD CONSTRAINT "SYS_C0012140" CHECK ("ID" IS NOT NULL) NOT DEFERRABLE INITIALLY IMMEDIATE NORELY VALIDATE;
ALTER TABLE "KM"."SYS_DEPART" ADD CONSTRAINT "SYS_C0012141" CHECK ("DEPART_NAME" IS NOT NULL) NOT DEFERRABLE INITIALLY IMMEDIATE NORELY VALIDATE;
ALTER TABLE "KM"."SYS_DEPART" ADD CONSTRAINT "SYS_C0012142" CHECK ("ORG_CATEGORY" IS NOT NULL) NOT DEFERRABLE INITIALLY IMMEDIATE NORELY VALIDATE;
ALTER TABLE "KM"."SYS_DEPART" ADD CONSTRAINT "SYS_C0012143" CHECK ("ORG_CODE" IS NOT NULL) NOT DEFERRABLE INITIALLY IMMEDIATE NORELY VALIDATE;
ALTER TABLE "KM"."SYS_DEPART" ADD CONSTRAINT "SYS_C0012144" CHECK ("ID" IS NOT NULL) NOT DEFERRABLE INITIALLY IMMEDIATE NORELY VALIDATE;
ALTER TABLE "KM"."SYS_DEPART" ADD CONSTRAINT "SYS_C0012145" CHECK ("DEPART_NAME" IS NOT NULL) NOT DEFERRABLE INITIALLY IMMEDIATE NORELY VALIDATE;
ALTER TABLE "KM"."SYS_DEPART" ADD CONSTRAINT "SYS_C0012146" CHECK ("ORG_CATEGORY" IS NOT NULL) NOT DEFERRABLE INITIALLY IMMEDIATE NORELY VALIDATE;
ALTER TABLE "KM"."SYS_DEPART" ADD CONSTRAINT "SYS_C0012147" CHECK ("ORG_CODE" IS NOT NULL) NOT DEFERRABLE INITIALLY IMMEDIATE NORELY VALIDATE;
ALTER TABLE "KM"."SYS_DEPART" ADD CONSTRAINT "SYS_C0012148" CHECK ("ID" IS NOT NULL) NOT DEFERRABLE INITIALLY IMMEDIATE NORELY VALIDATE;
ALTER TABLE "KM"."SYS_DEPART" ADD CONSTRAINT "SYS_C0012149" CHECK ("DEPART_NAME" IS NOT NULL) NOT DEFERRABLE INITIALLY IMMEDIATE NORELY VALIDATE;
ALTER TABLE "KM"."SYS_DEPART" ADD CONSTRAINT "SYS_C0012150" CHECK ("ORG_CATEGORY" IS NOT NULL) NOT DEFERRABLE INITIALLY IMMEDIATE NORELY VALIDATE;
ALTER TABLE "KM"."SYS_DEPART" ADD CONSTRAINT "SYS_C0012151" CHECK ("ORG_CODE" IS NOT NULL) NOT DEFERRABLE INITIALLY IMMEDIATE NORELY VALIDATE;
ALTER TABLE "KM"."SYS_DEPART" ADD CONSTRAINT "SYS_C0012152" CHECK ("ID" IS NOT NULL) NOT DEFERRABLE INITIALLY IMMEDIATE NORELY VALIDATE;
ALTER TABLE "KM"."SYS_DEPART" ADD CONSTRAINT "SYS_C0012153" CHECK ("DEPART_NAME" IS NOT NULL) NOT DEFERRABLE INITIALLY IMMEDIATE NORELY VALIDATE;
ALTER TABLE "KM"."SYS_DEPART" ADD CONSTRAINT "SYS_C0012154" CHECK ("ORG_CATEGORY" IS NOT NULL) NOT DEFERRABLE INITIALLY IMMEDIATE NORELY VALIDATE;
ALTER TABLE "KM"."SYS_DEPART" ADD CONSTRAINT "SYS_C0012155" CHECK ("ORG_CODE" IS NOT NULL) NOT DEFERRABLE INITIALLY IMMEDIATE NORELY VALIDATE;

-- ----------------------------
-- Indexes structure for table SYS_DEPART
-- ----------------------------
CREATE INDEX "KM"."IDX_SD_DEPART_ORDER"
  ON "KM"."SYS_DEPART" ("DEPART_ORDER" ASC)
  LOGGING
  TABLESPACE "KM_TEST"
  VISIBLE
PCTFREE 10
INITRANS 2
STORAGE (
  INITIAL 65536 
  NEXT 1048576 
  MINEXTENTS 1
  MAXEXTENTS 2147483645
  BUFFER_POOL DEFAULT
);
CREATE INDEX "KM"."IDX_SD_PARENT_ID"
  ON "KM"."SYS_DEPART" ("PARENT_ID" ASC)
  LOGGING
  TABLESPACE "KM_TEST"
  VISIBLE
PCTFREE 10
INITRANS 2
STORAGE (
  INITIAL 65536 
  NEXT 1048576 
  MINEXTENTS 1
  MAXEXTENTS 2147483645
  BUFFER_POOL DEFAULT
);
CREATE UNIQUE INDEX "KM"."UNIQ_DEPART_ORG_CODE"
  ON "KM"."SYS_DEPART" ("ORG_CODE" ASC)
  LOGGING
  TABLESPACE "KM_TEST"
  VISIBLE
PCTFREE 10
INITRANS 2
STORAGE (
  INITIAL 65536 
  NEXT 1048576 
  MINEXTENTS 1
  MAXEXTENTS 2147483645
  BUFFER_POOL DEFAULT
);

-- ----------------------------
-- Checks structure for table SYS_DEPART_PERMISSION
-- ----------------------------
ALTER TABLE "KM"."SYS_DEPART_PERMISSION" ADD CONSTRAINT "SYS_C0011514" CHECK ("ID" IS NOT NULL) NOT DEFERRABLE INITIALLY IMMEDIATE NORELY VALIDATE;
ALTER TABLE "KM"."SYS_DEPART_PERMISSION" ADD CONSTRAINT "SYS_C0012156" CHECK ("ID" IS NOT NULL) NOT DEFERRABLE INITIALLY IMMEDIATE NORELY VALIDATE;
ALTER TABLE "KM"."SYS_DEPART_PERMISSION" ADD CONSTRAINT "SYS_C0012157" CHECK ("ID" IS NOT NULL) NOT DEFERRABLE INITIALLY IMMEDIATE NORELY VALIDATE;
ALTER TABLE "KM"."SYS_DEPART_PERMISSION" ADD CONSTRAINT "SYS_C0012158" CHECK ("ID" IS NOT NULL) NOT DEFERRABLE INITIALLY IMMEDIATE NORELY VALIDATE;
ALTER TABLE "KM"."SYS_DEPART_PERMISSION" ADD CONSTRAINT "SYS_C0012159" CHECK ("ID" IS NOT NULL) NOT DEFERRABLE INITIALLY IMMEDIATE NORELY VALIDATE;

-- ----------------------------
-- Checks structure for table SYS_DEPART_ROLE
-- ----------------------------
ALTER TABLE "KM"."SYS_DEPART_ROLE" ADD CONSTRAINT "SYS_C0011515" CHECK ("ID" IS NOT NULL) NOT DEFERRABLE INITIALLY IMMEDIATE NORELY VALIDATE;
ALTER TABLE "KM"."SYS_DEPART_ROLE" ADD CONSTRAINT "SYS_C0012160" CHECK ("ID" IS NOT NULL) NOT DEFERRABLE INITIALLY IMMEDIATE NORELY VALIDATE;
ALTER TABLE "KM"."SYS_DEPART_ROLE" ADD CONSTRAINT "SYS_C0012161" CHECK ("ID" IS NOT NULL) NOT DEFERRABLE INITIALLY IMMEDIATE NORELY VALIDATE;
ALTER TABLE "KM"."SYS_DEPART_ROLE" ADD CONSTRAINT "SYS_C0012162" CHECK ("ID" IS NOT NULL) NOT DEFERRABLE INITIALLY IMMEDIATE NORELY VALIDATE;
ALTER TABLE "KM"."SYS_DEPART_ROLE" ADD CONSTRAINT "SYS_C0012163" CHECK ("ID" IS NOT NULL) NOT DEFERRABLE INITIALLY IMMEDIATE NORELY VALIDATE;

-- ----------------------------
-- Checks structure for table SYS_DEPART_ROLE_PERMISSION
-- ----------------------------
ALTER TABLE "KM"."SYS_DEPART_ROLE_PERMISSION" ADD CONSTRAINT "SYS_C0011516" CHECK ("ID" IS NOT NULL) NOT DEFERRABLE INITIALLY IMMEDIATE NORELY VALIDATE;
ALTER TABLE "KM"."SYS_DEPART_ROLE_PERMISSION" ADD CONSTRAINT "SYS_C0012164" CHECK ("ID" IS NOT NULL) NOT DEFERRABLE INITIALLY IMMEDIATE NORELY VALIDATE;
ALTER TABLE "KM"."SYS_DEPART_ROLE_PERMISSION" ADD CONSTRAINT "SYS_C0012165" CHECK ("ID" IS NOT NULL) NOT DEFERRABLE INITIALLY IMMEDIATE NORELY VALIDATE;
ALTER TABLE "KM"."SYS_DEPART_ROLE_PERMISSION" ADD CONSTRAINT "SYS_C0012166" CHECK ("ID" IS NOT NULL) NOT DEFERRABLE INITIALLY IMMEDIATE NORELY VALIDATE;
ALTER TABLE "KM"."SYS_DEPART_ROLE_PERMISSION" ADD CONSTRAINT "SYS_C0012167" CHECK ("ID" IS NOT NULL) NOT DEFERRABLE INITIALLY IMMEDIATE NORELY VALIDATE;

-- ----------------------------
-- Indexes structure for table SYS_DEPART_ROLE_PERMISSION
-- ----------------------------
CREATE INDEX "KM"."IDX_SDRP_PER_ID"
  ON "KM"."SYS_DEPART_ROLE_PERMISSION" ("PERMISSION_ID" ASC)
  LOGGING
  TABLESPACE "KM_TEST"
  VISIBLE
PCTFREE 10
INITRANS 2
STORAGE (
  BUFFER_POOL DEFAULT
);
CREATE INDEX "KM"."IDX_SDRP_ROLE_ID"
  ON "KM"."SYS_DEPART_ROLE_PERMISSION" ("ROLE_ID" ASC)
  LOGGING
  TABLESPACE "KM_TEST"
  VISIBLE
PCTFREE 10
INITRANS 2
STORAGE (
  BUFFER_POOL DEFAULT
);
CREATE INDEX "KM"."IDX_SDRP_ROLE_PER_ID"
  ON "KM"."SYS_DEPART_ROLE_PERMISSION" ("PERMISSION_ID" ASC, "ROLE_ID" ASC)
  LOGGING
  TABLESPACE "KM_TEST"
  VISIBLE
PCTFREE 10
INITRANS 2
STORAGE (
  BUFFER_POOL DEFAULT
);

-- ----------------------------
-- Checks structure for table SYS_DEPART_ROLE_USER
-- ----------------------------
ALTER TABLE "KM"."SYS_DEPART_ROLE_USER" ADD CONSTRAINT "SYS_C0011517" CHECK ("ID" IS NOT NULL) NOT DEFERRABLE INITIALLY IMMEDIATE NORELY VALIDATE;
ALTER TABLE "KM"."SYS_DEPART_ROLE_USER" ADD CONSTRAINT "SYS_C0012168" CHECK ("ID" IS NOT NULL) NOT DEFERRABLE INITIALLY IMMEDIATE NORELY VALIDATE;
ALTER TABLE "KM"."SYS_DEPART_ROLE_USER" ADD CONSTRAINT "SYS_C0012169" CHECK ("ID" IS NOT NULL) NOT DEFERRABLE INITIALLY IMMEDIATE NORELY VALIDATE;
ALTER TABLE "KM"."SYS_DEPART_ROLE_USER" ADD CONSTRAINT "SYS_C0012170" CHECK ("ID" IS NOT NULL) NOT DEFERRABLE INITIALLY IMMEDIATE NORELY VALIDATE;
ALTER TABLE "KM"."SYS_DEPART_ROLE_USER" ADD CONSTRAINT "SYS_C0012171" CHECK ("ID" IS NOT NULL) NOT DEFERRABLE INITIALLY IMMEDIATE NORELY VALIDATE;

-- ----------------------------
-- Primary Key structure for table SYS_DICT
-- ----------------------------
ALTER TABLE "KM"."SYS_DICT" ADD CONSTRAINT "SYS_C0012181" PRIMARY KEY ("ID");

-- ----------------------------
-- Checks structure for table SYS_DICT
-- ----------------------------
ALTER TABLE "KM"."SYS_DICT" ADD CONSTRAINT "SYS_C0011518" CHECK ("ID" IS NOT NULL) NOT DEFERRABLE INITIALLY IMMEDIATE NORELY VALIDATE;
ALTER TABLE "KM"."SYS_DICT" ADD CONSTRAINT "SYS_C0011519" CHECK ("DICT_NAME" IS NOT NULL) NOT DEFERRABLE INITIALLY IMMEDIATE NORELY VALIDATE;
ALTER TABLE "KM"."SYS_DICT" ADD CONSTRAINT "SYS_C0011520" CHECK ("DICT_CODE" IS NOT NULL) NOT DEFERRABLE INITIALLY IMMEDIATE NORELY VALIDATE;
ALTER TABLE "KM"."SYS_DICT" ADD CONSTRAINT "SYS_C0012172" CHECK ("ID" IS NOT NULL) NOT DEFERRABLE INITIALLY IMMEDIATE NORELY VALIDATE;
ALTER TABLE "KM"."SYS_DICT" ADD CONSTRAINT "SYS_C0012173" CHECK ("DICT_NAME" IS NOT NULL) NOT DEFERRABLE INITIALLY IMMEDIATE NORELY VALIDATE;
ALTER TABLE "KM"."SYS_DICT" ADD CONSTRAINT "SYS_C0012174" CHECK ("DICT_CODE" IS NOT NULL) NOT DEFERRABLE INITIALLY IMMEDIATE NORELY VALIDATE;
ALTER TABLE "KM"."SYS_DICT" ADD CONSTRAINT "SYS_C0012175" CHECK ("ID" IS NOT NULL) NOT DEFERRABLE INITIALLY IMMEDIATE NORELY VALIDATE;
ALTER TABLE "KM"."SYS_DICT" ADD CONSTRAINT "SYS_C0012176" CHECK ("DICT_NAME" IS NOT NULL) NOT DEFERRABLE INITIALLY IMMEDIATE NORELY VALIDATE;
ALTER TABLE "KM"."SYS_DICT" ADD CONSTRAINT "SYS_C0012177" CHECK ("DICT_CODE" IS NOT NULL) NOT DEFERRABLE INITIALLY IMMEDIATE NORELY VALIDATE;
ALTER TABLE "KM"."SYS_DICT" ADD CONSTRAINT "SYS_C0012178" CHECK ("ID" IS NOT NULL) NOT DEFERRABLE INITIALLY IMMEDIATE NORELY VALIDATE;
ALTER TABLE "KM"."SYS_DICT" ADD CONSTRAINT "SYS_C0012179" CHECK ("DICT_NAME" IS NOT NULL) NOT DEFERRABLE INITIALLY IMMEDIATE NORELY VALIDATE;
ALTER TABLE "KM"."SYS_DICT" ADD CONSTRAINT "SYS_C0012180" CHECK ("DICT_CODE" IS NOT NULL) NOT DEFERRABLE INITIALLY IMMEDIATE NORELY VALIDATE;

-- ----------------------------
-- Checks structure for table SYS_DICT_ITEM
-- ----------------------------
ALTER TABLE "KM"."SYS_DICT_ITEM" ADD CONSTRAINT "SYS_C0011521" CHECK ("ID" IS NOT NULL) NOT DEFERRABLE INITIALLY IMMEDIATE NORELY VALIDATE;
ALTER TABLE "KM"."SYS_DICT_ITEM" ADD CONSTRAINT "SYS_C0011522" CHECK ("ITEM_TEXT" IS NOT NULL) NOT DEFERRABLE INITIALLY IMMEDIATE NORELY VALIDATE;
ALTER TABLE "KM"."SYS_DICT_ITEM" ADD CONSTRAINT "SYS_C0011523" CHECK ("ITEM_VALUE" IS NOT NULL) NOT DEFERRABLE INITIALLY IMMEDIATE NORELY VALIDATE;
ALTER TABLE "KM"."SYS_DICT_ITEM" ADD CONSTRAINT "SYS_C0012182" CHECK ("ID" IS NOT NULL) NOT DEFERRABLE INITIALLY IMMEDIATE NORELY VALIDATE;
ALTER TABLE "KM"."SYS_DICT_ITEM" ADD CONSTRAINT "SYS_C0012183" CHECK ("ITEM_TEXT" IS NOT NULL) NOT DEFERRABLE INITIALLY IMMEDIATE NORELY VALIDATE;
ALTER TABLE "KM"."SYS_DICT_ITEM" ADD CONSTRAINT "SYS_C0012184" CHECK ("ITEM_VALUE" IS NOT NULL) NOT DEFERRABLE INITIALLY IMMEDIATE NORELY VALIDATE;
ALTER TABLE "KM"."SYS_DICT_ITEM" ADD CONSTRAINT "SYS_C0012185" CHECK ("ID" IS NOT NULL) NOT DEFERRABLE INITIALLY IMMEDIATE NORELY VALIDATE;
ALTER TABLE "KM"."SYS_DICT_ITEM" ADD CONSTRAINT "SYS_C0012186" CHECK ("ITEM_TEXT" IS NOT NULL) NOT DEFERRABLE INITIALLY IMMEDIATE NORELY VALIDATE;
ALTER TABLE "KM"."SYS_DICT_ITEM" ADD CONSTRAINT "SYS_C0012187" CHECK ("ITEM_VALUE" IS NOT NULL) NOT DEFERRABLE INITIALLY IMMEDIATE NORELY VALIDATE;
ALTER TABLE "KM"."SYS_DICT_ITEM" ADD CONSTRAINT "SYS_C0012188" CHECK ("ID" IS NOT NULL) NOT DEFERRABLE INITIALLY IMMEDIATE NORELY VALIDATE;
ALTER TABLE "KM"."SYS_DICT_ITEM" ADD CONSTRAINT "SYS_C0012189" CHECK ("ITEM_TEXT" IS NOT NULL) NOT DEFERRABLE INITIALLY IMMEDIATE NORELY VALIDATE;
ALTER TABLE "KM"."SYS_DICT_ITEM" ADD CONSTRAINT "SYS_C0012190" CHECK ("ITEM_VALUE" IS NOT NULL) NOT DEFERRABLE INITIALLY IMMEDIATE NORELY VALIDATE;

-- ----------------------------
-- Checks structure for table SYS_FILL_RULE
-- ----------------------------
ALTER TABLE "KM"."SYS_FILL_RULE" ADD CONSTRAINT "SYS_C0011524" CHECK ("ID" IS NOT NULL) NOT DEFERRABLE INITIALLY IMMEDIATE NORELY VALIDATE;
ALTER TABLE "KM"."SYS_FILL_RULE" ADD CONSTRAINT "SYS_C0012191" CHECK ("ID" IS NOT NULL) NOT DEFERRABLE INITIALLY IMMEDIATE NORELY VALIDATE;
ALTER TABLE "KM"."SYS_FILL_RULE" ADD CONSTRAINT "SYS_C0012192" CHECK ("ID" IS NOT NULL) NOT DEFERRABLE INITIALLY IMMEDIATE NORELY VALIDATE;
ALTER TABLE "KM"."SYS_FILL_RULE" ADD CONSTRAINT "SYS_C0012193" CHECK ("ID" IS NOT NULL) NOT DEFERRABLE INITIALLY IMMEDIATE NORELY VALIDATE;
ALTER TABLE "KM"."SYS_FILL_RULE" ADD CONSTRAINT "SYS_C0012194" CHECK ("ID" IS NOT NULL) NOT DEFERRABLE INITIALLY IMMEDIATE NORELY VALIDATE;

-- ----------------------------
-- Indexes structure for table SYS_FILL_RULE
-- ----------------------------
CREATE UNIQUE INDEX "KM"."UK_SFR_RULE_CODE"
  ON "KM"."SYS_FILL_RULE" ("RULE_CODE" ASC)
  LOGGING
  TABLESPACE "KM_TEST"
  VISIBLE
PCTFREE 10
INITRANS 2
STORAGE (
  INITIAL 65536 
  NEXT 1048576 
  MINEXTENTS 1
  MAXEXTENTS 2147483645
  BUFFER_POOL DEFAULT
);

-- ----------------------------
-- Checks structure for table SYS_GATEWAY_ROUTE
-- ----------------------------
ALTER TABLE "KM"."SYS_GATEWAY_ROUTE" ADD CONSTRAINT "SYS_C0011525" CHECK ("ID" IS NOT NULL) NOT DEFERRABLE INITIALLY IMMEDIATE NORELY VALIDATE;
ALTER TABLE "KM"."SYS_GATEWAY_ROUTE" ADD CONSTRAINT "SYS_C0012195" CHECK ("ID" IS NOT NULL) NOT DEFERRABLE INITIALLY IMMEDIATE NORELY VALIDATE;
ALTER TABLE "KM"."SYS_GATEWAY_ROUTE" ADD CONSTRAINT "SYS_C0012196" CHECK ("ID" IS NOT NULL) NOT DEFERRABLE INITIALLY IMMEDIATE NORELY VALIDATE;
ALTER TABLE "KM"."SYS_GATEWAY_ROUTE" ADD CONSTRAINT "SYS_C0012197" CHECK ("ID" IS NOT NULL) NOT DEFERRABLE INITIALLY IMMEDIATE NORELY VALIDATE;
ALTER TABLE "KM"."SYS_GATEWAY_ROUTE" ADD CONSTRAINT "SYS_C0012198" CHECK ("ID" IS NOT NULL) NOT DEFERRABLE INITIALLY IMMEDIATE NORELY VALIDATE;

-- ----------------------------
-- Checks structure for table SYS_LOG
-- ----------------------------
ALTER TABLE "KM"."SYS_LOG" ADD CONSTRAINT "SYS_C0011526" CHECK ("ID" IS NOT NULL) NOT DEFERRABLE INITIALLY IMMEDIATE NORELY VALIDATE;
ALTER TABLE "KM"."SYS_LOG" ADD CONSTRAINT "SYS_C0012199" CHECK ("ID" IS NOT NULL) NOT DEFERRABLE INITIALLY IMMEDIATE NORELY VALIDATE;
ALTER TABLE "KM"."SYS_LOG" ADD CONSTRAINT "SYS_C0012200" CHECK ("ID" IS NOT NULL) NOT DEFERRABLE INITIALLY IMMEDIATE NORELY VALIDATE;
ALTER TABLE "KM"."SYS_LOG" ADD CONSTRAINT "SYS_C0012201" CHECK ("ID" IS NOT NULL) NOT DEFERRABLE INITIALLY IMMEDIATE NORELY VALIDATE;
ALTER TABLE "KM"."SYS_LOG" ADD CONSTRAINT "SYS_C0012202" CHECK ("ID" IS NOT NULL) NOT DEFERRABLE INITIALLY IMMEDIATE NORELY VALIDATE;

-- ----------------------------
-- Indexes structure for table SYS_LOG
-- ----------------------------
CREATE INDEX "KM"."IDX_SL_CREATE_TIME"
  ON "KM"."SYS_LOG" ("CREATE_TIME" ASC)
  LOGGING
  TABLESPACE "KM_TEST"
  VISIBLE
PCTFREE 10
INITRANS 2
STORAGE (
  INITIAL 65536 
  NEXT 1048576 
  MINEXTENTS 1
  MAXEXTENTS 2147483645
  BUFFER_POOL DEFAULT
);
CREATE INDEX "KM"."IDX_SL_LOG_TYPE"
  ON "KM"."SYS_LOG" ("LOG_TYPE" ASC)
  LOGGING
  TABLESPACE "KM_TEST"
  VISIBLE
PCTFREE 10
INITRANS 2
STORAGE (
  INITIAL 65536 
  NEXT 1048576 
  MINEXTENTS 1
  MAXEXTENTS 2147483645
  BUFFER_POOL DEFAULT
);
CREATE INDEX "KM"."IDX_SL_OPERATE_TYPE"
  ON "KM"."SYS_LOG" ("OPERATE_TYPE" ASC)
  LOGGING
  TABLESPACE "KM_TEST"
  VISIBLE
PCTFREE 10
INITRANS 2
STORAGE (
  INITIAL 65536 
  NEXT 1048576 
  MINEXTENTS 1
  MAXEXTENTS 2147483645
  BUFFER_POOL DEFAULT
);
CREATE INDEX "KM"."IDX_SL_USERID"
  ON "KM"."SYS_LOG" ("USERID" ASC)
  LOGGING
  TABLESPACE "KM_TEST"
  VISIBLE
PCTFREE 10
INITRANS 2
STORAGE (
  INITIAL 65536 
  NEXT 1048576 
  MINEXTENTS 1
  MAXEXTENTS 2147483645
  BUFFER_POOL DEFAULT
);

-- ----------------------------
-- Checks structure for table SYS_PERMISSION
-- ----------------------------
ALTER TABLE "KM"."SYS_PERMISSION" ADD CONSTRAINT "SYS_C0011527" CHECK ("ID" IS NOT NULL) NOT DEFERRABLE INITIALLY IMMEDIATE NORELY VALIDATE;
ALTER TABLE "KM"."SYS_PERMISSION" ADD CONSTRAINT "SYS_C0012203" CHECK ("ID" IS NOT NULL) NOT DEFERRABLE INITIALLY IMMEDIATE NORELY VALIDATE;
ALTER TABLE "KM"."SYS_PERMISSION" ADD CONSTRAINT "SYS_C0012204" CHECK ("ID" IS NOT NULL) NOT DEFERRABLE INITIALLY IMMEDIATE NORELY VALIDATE;
ALTER TABLE "KM"."SYS_PERMISSION" ADD CONSTRAINT "SYS_C0012205" CHECK ("ID" IS NOT NULL) NOT DEFERRABLE INITIALLY IMMEDIATE NORELY VALIDATE;

-- ----------------------------
-- Checks structure for table SYS_PERMISSION_DATA_RULE
-- ----------------------------
ALTER TABLE "KM"."SYS_PERMISSION_DATA_RULE" ADD CONSTRAINT "SYS_C0011528" CHECK ("ID" IS NOT NULL) NOT DEFERRABLE INITIALLY IMMEDIATE NORELY VALIDATE;
ALTER TABLE "KM"."SYS_PERMISSION_DATA_RULE" ADD CONSTRAINT "SYS_C0012206" CHECK ("ID" IS NOT NULL) NOT DEFERRABLE INITIALLY IMMEDIATE NORELY VALIDATE;
ALTER TABLE "KM"."SYS_PERMISSION_DATA_RULE" ADD CONSTRAINT "SYS_C0012207" CHECK ("ID" IS NOT NULL) NOT DEFERRABLE INITIALLY IMMEDIATE NORELY VALIDATE;
ALTER TABLE "KM"."SYS_PERMISSION_DATA_RULE" ADD CONSTRAINT "SYS_C0012208" CHECK ("ID" IS NOT NULL) NOT DEFERRABLE INITIALLY IMMEDIATE NORELY VALIDATE;

-- ----------------------------
-- Checks structure for table SYS_POSITION
-- ----------------------------
ALTER TABLE "KM"."SYS_POSITION" ADD CONSTRAINT "SYS_C0011529" CHECK ("ID" IS NOT NULL) NOT DEFERRABLE INITIALLY IMMEDIATE NORELY VALIDATE;
ALTER TABLE "KM"."SYS_POSITION" ADD CONSTRAINT "SYS_C0012209" CHECK ("ID" IS NOT NULL) NOT DEFERRABLE INITIALLY IMMEDIATE NORELY VALIDATE;
ALTER TABLE "KM"."SYS_POSITION" ADD CONSTRAINT "SYS_C0012210" CHECK ("ID" IS NOT NULL) NOT DEFERRABLE INITIALLY IMMEDIATE NORELY VALIDATE;
ALTER TABLE "KM"."SYS_POSITION" ADD CONSTRAINT "SYS_C0012211" CHECK ("ID" IS NOT NULL) NOT DEFERRABLE INITIALLY IMMEDIATE NORELY VALIDATE;
ALTER TABLE "KM"."SYS_POSITION" ADD CONSTRAINT "SYS_C0012212" CHECK ("ID" IS NOT NULL) NOT DEFERRABLE INITIALLY IMMEDIATE NORELY VALIDATE;

-- ----------------------------
-- Indexes structure for table SYS_POSITION
-- ----------------------------
CREATE UNIQUE INDEX "KM"."UNIQ_POSITION_CODE"
  ON "KM"."SYS_POSITION" ("CODE" ASC)
  LOGGING
  TABLESPACE "KM_TEST"
  VISIBLE
PCTFREE 10
INITRANS 2
STORAGE (
  INITIAL 65536 
  NEXT 1048576 
  MINEXTENTS 1
  MAXEXTENTS 2147483645
  BUFFER_POOL DEFAULT
);

-- ----------------------------
-- Checks structure for table SYS_QUARTZ_JOB
-- ----------------------------
ALTER TABLE "KM"."SYS_QUARTZ_JOB" ADD CONSTRAINT "SYS_C0011530" CHECK ("ID" IS NOT NULL) NOT DEFERRABLE INITIALLY IMMEDIATE NORELY VALIDATE;
ALTER TABLE "KM"."SYS_QUARTZ_JOB" ADD CONSTRAINT "SYS_C0012213" CHECK ("ID" IS NOT NULL) NOT DEFERRABLE INITIALLY IMMEDIATE NORELY VALIDATE;
ALTER TABLE "KM"."SYS_QUARTZ_JOB" ADD CONSTRAINT "SYS_C0012214" CHECK ("ID" IS NOT NULL) NOT DEFERRABLE INITIALLY IMMEDIATE NORELY VALIDATE;
ALTER TABLE "KM"."SYS_QUARTZ_JOB" ADD CONSTRAINT "SYS_C0012215" CHECK ("ID" IS NOT NULL) NOT DEFERRABLE INITIALLY IMMEDIATE NORELY VALIDATE;
ALTER TABLE "KM"."SYS_QUARTZ_JOB" ADD CONSTRAINT "SYS_C0012216" CHECK ("ID" IS NOT NULL) NOT DEFERRABLE INITIALLY IMMEDIATE NORELY VALIDATE;

-- ----------------------------
-- Indexes structure for table SYS_QUARTZ_JOB
-- ----------------------------
CREATE UNIQUE INDEX "KM"."UNIQ_JOB_CLASS_NAME"
  ON "KM"."SYS_QUARTZ_JOB" ("JOB_CLASS_NAME" ASC)
  LOGGING
  TABLESPACE "KM_TEST"
  VISIBLE
PCTFREE 10
INITRANS 2
STORAGE (
  INITIAL 65536 
  NEXT 1048576 
  MINEXTENTS 1
  MAXEXTENTS 2147483645
  BUFFER_POOL DEFAULT
);

-- ----------------------------
-- Checks structure for table SYS_ROLE
-- ----------------------------
ALTER TABLE "KM"."SYS_ROLE" ADD CONSTRAINT "SYS_C0011531" CHECK ("ID" IS NOT NULL) NOT DEFERRABLE INITIALLY IMMEDIATE NORELY VALIDATE;
ALTER TABLE "KM"."SYS_ROLE" ADD CONSTRAINT "SYS_C0011532" CHECK ("ROLE_CODE" IS NOT NULL) NOT DEFERRABLE INITIALLY IMMEDIATE NORELY VALIDATE;
ALTER TABLE "KM"."SYS_ROLE" ADD CONSTRAINT "SYS_C0012217" CHECK ("ID" IS NOT NULL) NOT DEFERRABLE INITIALLY IMMEDIATE NORELY VALIDATE;
ALTER TABLE "KM"."SYS_ROLE" ADD CONSTRAINT "SYS_C0012218" CHECK ("ROLE_CODE" IS NOT NULL) NOT DEFERRABLE INITIALLY IMMEDIATE NORELY VALIDATE;
ALTER TABLE "KM"."SYS_ROLE" ADD CONSTRAINT "SYS_C0012219" CHECK ("ID" IS NOT NULL) NOT DEFERRABLE INITIALLY IMMEDIATE NORELY VALIDATE;
ALTER TABLE "KM"."SYS_ROLE" ADD CONSTRAINT "SYS_C0012220" CHECK ("ROLE_CODE" IS NOT NULL) NOT DEFERRABLE INITIALLY IMMEDIATE NORELY VALIDATE;
ALTER TABLE "KM"."SYS_ROLE" ADD CONSTRAINT "SYS_C0012221" CHECK ("ID" IS NOT NULL) NOT DEFERRABLE INITIALLY IMMEDIATE NORELY VALIDATE;
ALTER TABLE "KM"."SYS_ROLE" ADD CONSTRAINT "SYS_C0012222" CHECK ("ROLE_CODE" IS NOT NULL) NOT DEFERRABLE INITIALLY IMMEDIATE NORELY VALIDATE;

-- ----------------------------
-- Checks structure for table SYS_ROLE_PERMISSION
-- ----------------------------
ALTER TABLE "KM"."SYS_ROLE_PERMISSION" ADD CONSTRAINT "SYS_C0011533" CHECK ("ID" IS NOT NULL) NOT DEFERRABLE INITIALLY IMMEDIATE NORELY VALIDATE;
ALTER TABLE "KM"."SYS_ROLE_PERMISSION" ADD CONSTRAINT "SYS_C0012223" CHECK ("ID" IS NOT NULL) NOT DEFERRABLE INITIALLY IMMEDIATE NORELY VALIDATE;
ALTER TABLE "KM"."SYS_ROLE_PERMISSION" ADD CONSTRAINT "SYS_C0012224" CHECK ("ID" IS NOT NULL) NOT DEFERRABLE INITIALLY IMMEDIATE NORELY VALIDATE;
ALTER TABLE "KM"."SYS_ROLE_PERMISSION" ADD CONSTRAINT "SYS_C0012225" CHECK ("ID" IS NOT NULL) NOT DEFERRABLE INITIALLY IMMEDIATE NORELY VALIDATE;

-- ----------------------------
-- Checks structure for table SYS_SMS
-- ----------------------------
ALTER TABLE "KM"."SYS_SMS" ADD CONSTRAINT "SYS_C0011534" CHECK ("ID" IS NOT NULL) NOT DEFERRABLE INITIALLY IMMEDIATE NORELY VALIDATE;
ALTER TABLE "KM"."SYS_SMS" ADD CONSTRAINT "SYS_C0012226" CHECK ("ID" IS NOT NULL) NOT DEFERRABLE INITIALLY IMMEDIATE NORELY VALIDATE;
ALTER TABLE "KM"."SYS_SMS" ADD CONSTRAINT "SYS_C0012227" CHECK ("ID" IS NOT NULL) NOT DEFERRABLE INITIALLY IMMEDIATE NORELY VALIDATE;
ALTER TABLE "KM"."SYS_SMS" ADD CONSTRAINT "SYS_C0012228" CHECK ("ID" IS NOT NULL) NOT DEFERRABLE INITIALLY IMMEDIATE NORELY VALIDATE;
ALTER TABLE "KM"."SYS_SMS" ADD CONSTRAINT "SYS_C0012229" CHECK ("ID" IS NOT NULL) NOT DEFERRABLE INITIALLY IMMEDIATE NORELY VALIDATE;

-- ----------------------------
-- Indexes structure for table SYS_SMS
-- ----------------------------
CREATE INDEX "KM"."IDX_SS_ES_RECEIVER"
  ON "KM"."SYS_SMS" ("ES_RECEIVER" ASC)
  LOGGING
  TABLESPACE "KM_TEST"
  VISIBLE
PCTFREE 10
INITRANS 2
STORAGE (
  INITIAL 65536 
  NEXT 1048576 
  MINEXTENTS 1
  MAXEXTENTS 2147483645
  BUFFER_POOL DEFAULT
);
CREATE INDEX "KM"."IDX_SS_ES_SEND_STATUS"
  ON "KM"."SYS_SMS" ("ES_SEND_STATUS" ASC)
  LOGGING
  TABLESPACE "KM_TEST"
  VISIBLE
PCTFREE 10
INITRANS 2
STORAGE (
  INITIAL 65536 
  NEXT 1048576 
  MINEXTENTS 1
  MAXEXTENTS 2147483645
  BUFFER_POOL DEFAULT
);
CREATE INDEX "KM"."IDX_SS_ES_SEND_TIME"
  ON "KM"."SYS_SMS" ("ES_SEND_TIME" ASC)
  LOGGING
  TABLESPACE "KM_TEST"
  VISIBLE
PCTFREE 10
INITRANS 2
STORAGE (
  INITIAL 65536 
  NEXT 1048576 
  MINEXTENTS 1
  MAXEXTENTS 2147483645
  BUFFER_POOL DEFAULT
);
CREATE INDEX "KM"."IDX_SS_ES_TYPE"
  ON "KM"."SYS_SMS" ("ES_TYPE" ASC)
  LOGGING
  TABLESPACE "KM_TEST"
  VISIBLE
PCTFREE 10
INITRANS 2
STORAGE (
  INITIAL 65536 
  NEXT 1048576 
  MINEXTENTS 1
  MAXEXTENTS 2147483645
  BUFFER_POOL DEFAULT
);
 
-- ----------------------------
-- Checks structure for table SYS_TENANT
-- ----------------------------
ALTER TABLE "KM"."SYS_TENANT" ADD CONSTRAINT "SYS_C0011539" CHECK ("ID" IS NOT NULL) NOT DEFERRABLE INITIALLY IMMEDIATE NORELY VALIDATE;
ALTER TABLE "KM"."SYS_TENANT" ADD CONSTRAINT "SYS_C0012246" CHECK ("ID" IS NOT NULL) NOT DEFERRABLE INITIALLY IMMEDIATE NORELY VALIDATE;
ALTER TABLE "KM"."SYS_TENANT" ADD CONSTRAINT "SYS_C0012247" CHECK ("ID" IS NOT NULL) NOT DEFERRABLE INITIALLY IMMEDIATE NORELY VALIDATE;
ALTER TABLE "KM"."SYS_TENANT" ADD CONSTRAINT "SYS_C0012248" CHECK ("ID" IS NOT NULL) NOT DEFERRABLE INITIALLY IMMEDIATE NORELY VALIDATE;
ALTER TABLE "KM"."SYS_TENANT" ADD CONSTRAINT "SYS_C0012249" CHECK ("ID" IS NOT NULL) NOT DEFERRABLE INITIALLY IMMEDIATE NORELY VALIDATE;

-- ----------------------------
-- Checks structure for table SYS_THIRD_ACCOUNT
-- ----------------------------
ALTER TABLE "KM"."SYS_THIRD_ACCOUNT" ADD CONSTRAINT "SYS_C0011540" CHECK ("ID" IS NOT NULL) NOT DEFERRABLE INITIALLY IMMEDIATE NORELY VALIDATE;
ALTER TABLE "KM"."SYS_THIRD_ACCOUNT" ADD CONSTRAINT "SYS_C0012250" CHECK ("ID" IS NOT NULL) NOT DEFERRABLE INITIALLY IMMEDIATE NORELY VALIDATE;
ALTER TABLE "KM"."SYS_THIRD_ACCOUNT" ADD CONSTRAINT "SYS_C0012251" CHECK ("ID" IS NOT NULL) NOT DEFERRABLE INITIALLY IMMEDIATE NORELY VALIDATE;
ALTER TABLE "KM"."SYS_THIRD_ACCOUNT" ADD CONSTRAINT "SYS_C0012252" CHECK ("ID" IS NOT NULL) NOT DEFERRABLE INITIALLY IMMEDIATE NORELY VALIDATE;
ALTER TABLE "KM"."SYS_THIRD_ACCOUNT" ADD CONSTRAINT "SYS_C0012253" CHECK ("ID" IS NOT NULL) NOT DEFERRABLE INITIALLY IMMEDIATE NORELY VALIDATE;

-- ----------------------------
-- Checks structure for table SYS_USER
-- ----------------------------
ALTER TABLE "KM"."SYS_USER" ADD CONSTRAINT "SYS_C0011541" CHECK ("ID" IS NOT NULL) NOT DEFERRABLE INITIALLY IMMEDIATE NORELY VALIDATE;
ALTER TABLE "KM"."SYS_USER" ADD CONSTRAINT "SYS_C0012254" CHECK ("ID" IS NOT NULL) NOT DEFERRABLE INITIALLY IMMEDIATE NORELY VALIDATE;
ALTER TABLE "KM"."SYS_USER" ADD CONSTRAINT "SYS_C0012255" CHECK ("ID" IS NOT NULL) NOT DEFERRABLE INITIALLY IMMEDIATE NORELY VALIDATE;
ALTER TABLE "KM"."SYS_USER" ADD CONSTRAINT "SYS_C0012256" CHECK ("ID" IS NOT NULL) NOT DEFERRABLE INITIALLY IMMEDIATE NORELY VALIDATE;

-- ----------------------------
-- Checks structure for table SYS_USER_AGENT
-- ----------------------------
ALTER TABLE "KM"."SYS_USER_AGENT" ADD CONSTRAINT "SYS_C0011542" CHECK ("ID" IS NOT NULL) NOT DEFERRABLE INITIALLY IMMEDIATE NORELY VALIDATE;
ALTER TABLE "KM"."SYS_USER_AGENT" ADD CONSTRAINT "SYS_C0012257" CHECK ("ID" IS NOT NULL) NOT DEFERRABLE INITIALLY IMMEDIATE NORELY VALIDATE;
ALTER TABLE "KM"."SYS_USER_AGENT" ADD CONSTRAINT "SYS_C0012258" CHECK ("ID" IS NOT NULL) NOT DEFERRABLE INITIALLY IMMEDIATE NORELY VALIDATE;
ALTER TABLE "KM"."SYS_USER_AGENT" ADD CONSTRAINT "SYS_C0012259" CHECK ("ID" IS NOT NULL) NOT DEFERRABLE INITIALLY IMMEDIATE NORELY VALIDATE;
ALTER TABLE "KM"."SYS_USER_AGENT" ADD CONSTRAINT "SYS_C0012260" CHECK ("ID" IS NOT NULL) NOT DEFERRABLE INITIALLY IMMEDIATE NORELY VALIDATE;

-- ----------------------------
-- Indexes structure for table SYS_USER_AGENT
-- ----------------------------
CREATE INDEX "KM"."IDX_SUG_END_TIME"
  ON "KM"."SYS_USER_AGENT" ("END_TIME" ASC)
  LOGGING
  TABLESPACE "KM_TEST"
  VISIBLE
PCTFREE 10
INITRANS 2
STORAGE (
  BUFFER_POOL DEFAULT
);
CREATE INDEX "KM"."IDX_SUG_START_TIME"
  ON "KM"."SYS_USER_AGENT" ("START_TIME" ASC)
  LOGGING
  TABLESPACE "KM_TEST"
  VISIBLE
PCTFREE 10
INITRANS 2
STORAGE (
  BUFFER_POOL DEFAULT
);
CREATE INDEX "KM"."IDX_SUG_STATUS"
  ON "KM"."SYS_USER_AGENT" ("STATUS" ASC)
  LOGGING
  TABLESPACE "KM_TEST"
  VISIBLE
PCTFREE 10
INITRANS 2
STORAGE (
  BUFFER_POOL DEFAULT
);
CREATE UNIQUE INDEX "KM"."UK_SUG_USER_NAME"
  ON "KM"."SYS_USER_AGENT" ("USER_NAME" ASC)
  LOGGING
  TABLESPACE "KM_TEST"
  VISIBLE
PCTFREE 10
INITRANS 2
STORAGE (
  BUFFER_POOL DEFAULT
);

-- ----------------------------
-- Checks structure for table SYS_USER_DEPART
-- ----------------------------
ALTER TABLE "KM"."SYS_USER_DEPART" ADD CONSTRAINT "SYS_C0011543" CHECK ("ID" IS NOT NULL) NOT DEFERRABLE INITIALLY IMMEDIATE NORELY VALIDATE;
ALTER TABLE "KM"."SYS_USER_DEPART" ADD CONSTRAINT "SYS_C0012261" CHECK ("ID" IS NOT NULL) NOT DEFERRABLE INITIALLY IMMEDIATE NORELY VALIDATE;
ALTER TABLE "KM"."SYS_USER_DEPART" ADD CONSTRAINT "SYS_C0012262" CHECK ("ID" IS NOT NULL) NOT DEFERRABLE INITIALLY IMMEDIATE NORELY VALIDATE;
ALTER TABLE "KM"."SYS_USER_DEPART" ADD CONSTRAINT "SYS_C0012263" CHECK ("ID" IS NOT NULL) NOT DEFERRABLE INITIALLY IMMEDIATE NORELY VALIDATE;

-- ----------------------------
-- Checks structure for table SYS_USER_ROLE
-- ----------------------------
ALTER TABLE "KM"."SYS_USER_ROLE" ADD CONSTRAINT "SYS_C0011544" CHECK ("ID" IS NOT NULL) NOT DEFERRABLE INITIALLY IMMEDIATE NORELY VALIDATE;
ALTER TABLE "KM"."SYS_USER_ROLE" ADD CONSTRAINT "SYS_C0012264" CHECK ("ID" IS NOT NULL) NOT DEFERRABLE INITIALLY IMMEDIATE NORELY VALIDATE;
ALTER TABLE "KM"."SYS_USER_ROLE" ADD CONSTRAINT "SYS_C0012265" CHECK ("ID" IS NOT NULL) NOT DEFERRABLE INITIALLY IMMEDIATE NORELY VALIDATE;
ALTER TABLE "KM"."SYS_USER_ROLE" ADD CONSTRAINT "SYS_C0012266" CHECK ("ID" IS NOT NULL) NOT DEFERRABLE INITIALLY IMMEDIATE NORELY VALIDATE;

 
-- ----------------------------
-- Foreign Keys structure for table QRTZ_SIMPLE_TRIGGERS
-- ----------------------------
ALTER TABLE "KM"."QRTZ_SIMPLE_TRIGGERS" ADD CONSTRAINT "SYS_C0012305" FOREIGN KEY ("SCHED_NAME", "TRIGGER_NAME", "TRIGGER_GROUP") REFERENCES "QRTZ_TRIGGERS" ("SCHED_NAME", "TRIGGER_NAME", "TRIGGER_GROUP") NOT DEFERRABLE INITIALLY IMMEDIATE NORELY VALIDATE;

-- ----------------------------
-- Foreign Keys structure for table QRTZ_SIMPROP_TRIGGERS
-- ----------------------------
ALTER TABLE "KM"."QRTZ_SIMPROP_TRIGGERS" ADD CONSTRAINT "SYS_C0012306" FOREIGN KEY ("SCHED_NAME", "TRIGGER_NAME", "TRIGGER_GROUP") REFERENCES "QRTZ_TRIGGERS" ("SCHED_NAME", "TRIGGER_NAME", "TRIGGER_GROUP") NOT DEFERRABLE INITIALLY IMMEDIATE NORELY VALIDATE;

-- ----------------------------
-- Foreign Keys structure for table QRTZ_TRIGGERS
-- ----------------------------
ALTER TABLE "KM"."QRTZ_TRIGGERS" ADD CONSTRAINT "SYS_C0012307" FOREIGN KEY ("SCHED_NAME", "JOB_NAME", "JOB_GROUP") REFERENCES "QRTZ_JOB_DETAILS" ("SCHED_NAME", "JOB_NAME", "JOB_GROUP") NOT DEFERRABLE INITIALLY IMMEDIATE NORELY VALIDATE;
